subject,urinary_bladder__int_mean,urinary_bladder__int_std,urinary_bladder__int_p10,urinary_bladder__int_p25,urinary_bladder__int_p50,urinary_bladder__int_p75,urinary_bladder__int_p90,sacrum__int_mean,sacrum__int_std,sacrum__int_p10,sacrum__int_p25,sacrum__int_p50,sacrum__int_p75,sacrum__int_p90,hip_left__int_mean,hip_left__int_std,hip_left__int_p10,hip_left__int_p25,hip_left__int_p50,hip_left__int_p75,hip_left__int_p90,hip_right__int_mean,hip_right__int_std,hip_right__int_p10,hip_right__int_p25,hip_right__int_p50,hip_right__int_p75,hip_right__int_p90,spleen__int_mean,spleen__int_std,spleen__int_p10,spleen__int_p25,spleen__int_p50,spleen__int_p75,spleen__int_p90,stomach__int_mean,stomach__int_std,stomach__int_p10,stomach__int_p25,stomach__int_p50,stomach__int_p75,stomach__int_p90,pancreas__int_mean,pancreas__int_std,pancreas__int_p10,pancreas__int_p25,pancreas__int_p50,pancreas__int_p75,pancreas__int_p90,vertebrae_L3__int_mean,vertebrae_L3__int_std,vertebrae_L3__int_p10,vertebrae_L3__int_p25,vertebrae_L3__int_p50,vertebrae_L3__int_p75,vertebrae_L3__int_p90,kidney_right__int_mean,kidney_right__int_std,kidney_right__int_p10,kidney_right__int_p25,kidney_right__int_p50,kidney_right__int_p75,kidney_right__int_p90,kidney_left__int_mean,kidney_left__int_std,kidney_left__int_p10,kidney_left__int_p25,kidney_left__int_p50,kidney_left__int_p75,kidney_left__int_p90,liver__int_mean,liver__int_std,liver__int_p10,liver__int_p25,liver__int_p50,liver__int_p75,liver__int_p90,inferior_vena_cava__int_mean,inferior_vena_cava__int_std,inferior_vena_cava__int_p10,inferior_vena_cava__int_p25,inferior_vena_cava__int_p50,inferior_vena_cava__int_p75,inferior_vena_cava__int_p90,aorta__int_mean,aorta__int_std,aorta__int_p10,aorta__int_p25,aorta__int_p50,aorta__int_p75,aorta__int_p90,esophagus__int_mean,esophagus__int_std,esophagus__int_p10,esophagus__int_p25,esophagus__int_p50,esophagus__int_p75,esophagus__int_p90,heart__int_mean,heart__int_std,heart__int_p10,heart__int_p25,heart__int_p50,heart__int_p75,heart__int_p90,gallbladder__int_mean,gallbladder__int_std,gallbladder__int_p10,gallbladder__int_p25,gallbladder__int_p50,gallbladder__int_p75,gallbladder__int_p90
s0000,22.83517074584961,26.677753448486328,-1.0,10.0,21.0,31.0,53.0,279.4831848144531,145.85525512695312,136.3,177.0,246.0,343.25,460.0,487.62957763671875,279.3562316894531,179.0,276.0,423.0,661.0,901.0,521.33935546875,300.4873352050781,189.0,292.0,456.0,699.0,970.0,,,,,,,,,,,,,,,,,,,,,,,,,,,,,,,,,,,,,,,,,,,,,,,,,,,,,,,,,,,,,,,,,,,,,,,,,,,,,,,,,,,,
s0001,-2.1151809692382812,22.849037170410156,-23.0,-13.0,-3.0,9.0,25.0,217.56504821777344,167.61172485351562,30.0,103.0,188.0,296.0,439.0,430.2445068359375,260.0374755859375,154.0,235.0,365.0,575.0,816.0,443.2135009765625,268.14141845703125,154.0,242.0,378.0,593.0,841.0,33.467018127441406,17.942562103271484,12.0,28.0,37.0,44.0,50.0,-64.35467529296875,233.31057739257812,-256.89999999999964,-5.0,13.0,27.0,38.0,2.5381782054901123,28.012182235717773,-38.0,-15.0,7.0,24.0,35.0,380.8271789550781,231.4777374267578,160.0,210.0,308.0,489.0,720.0,20.85076141357422,18.64037322998047,-4.0,13.0,24.0,33.0,41.0,20.050189971923828,18.225004196166992,-5.0,13.0,24.0,32.0,39.0,32.92210006713867,22.16405487060547,16.0,26.0,35.0,43.0,50.0,27.55728530883789,20.80771255493164,-1.0,15.0,31.0,42.0,52.0,34.963645935058594,20.105361938476562,9.0,25.0,38.0,48.0,57.0,,,,,,,,,,,,,,,,,,,,,
s0002,,,,,,,,,,,,,,,,,,,,,,,,,,,,,,,,,,,,,,,,,,,,,,,,,,,,,,,,,,,,,,,,,,,,,,,,,,,,,,,,,,,,,,,,,,,,69.00535583496094,51.29417419433594,28.0,60.0,76.0,87.0,103.0,,,,,,,,,,,,,,
s0003,,,,,,,,,,,,,,,,,,,,,,,,,,,,,,,,,,,,,,,,,,,,,,,,,,,,,,,,,,,,,,,,,,,,,,,,,,,,,,,,,,,,,,,,,,,,43.29958724975586,36.80234146118164,4.0,25.0,45.0,64.0,81.0,,,,,,,,,,,,,,
s0004,5.947033405303955,25.233877182006836,-11.0,-5.0,0.0,10.0,29.0,175.82896423339844,110.38613891601562,64.0,107.0,157.0,218.0,302.0,313.54205322265625,165.69461059570312,156.0,204.0,270.0,373.0,538.0,310.4490661621094,161.53713989257812,157.0,204.0,268.0,368.0,531.0,96.5930404663086,10.199725151062012,84.0,91.0,97.0,103.0,108.0,-35.95414352416992,270.22003173828125,-294.0,21.0,53.0,79.0,92.0,70.64913177490234,22.799612045288086,43.0,58.0,70.0,81.0,94.0,302.1868896484375,168.04261779785156,161.0,188.0,247.0,354.0,539.0,110.74552154541016,36.902469635009766,58.0,83.0,119.0,142.0,152.0,120.59268188476562,37.32109832763672,64.0,92.0,131.0,152.0,162.0,77.66605377197266,13.535751342773438,63.0,72.0,79.0,86.0,92.0,74.11357116699219,14.159689903259277,57.0,66.0,75.0,83.0,91.0,199.3971710205078,55.207740783691406,125.0,164.0,215.0,237.0,250.0,49.385765075683594,75.98436737060547,-22.0,39.0,67.0,90.0,109.0,138.05862426757812,44.532955169677734,88.0,110.0,133.0,169.0,203.0,16.841800689697266,12.591087341308594,1.0,7.0,16.0,26.0,34.0
s0006,4.205113410949707,42.76187515258789,-59.0,-15.0,12.0,32.0,48.0,210.8056182861328,199.569091796875,-4.0,66.0,173.0,309.0,475.0,373.4026794433594,290.15948486328125,97.0,167.0,278.0,509.0,815.0,370.6078186035156,291.0670166015625,91.0,161.0,276.0,510.0,809.0,45.17700958251953,24.99721908569336,15.0,31.0,46.0,61.0,75.0,-107.91253662109375,318.6944274902344,-896.0,-18.0,20.0,42.0,58.0,43.23847579956055,26.924407958984375,9.0,27.0,44.0,61.0,76.0,311.3539733886719,210.9024658203125,121.0,169.0,256.0,383.0,575.0,25.954483032226562,25.002918243408203,-5.0,10.0,26.0,42.0,57.0,26.166271209716797,24.797788619995117,-4.0,11.0,27.0,42.0,57.0,44.70913314819336,24.276058197021484,15.0,30.0,45.0,60.0,74.0,41.77473831176758,25.329235076904297,10.0,25.75,42.0,58.0,74.0,40.137699127197266,29.20348358154297,3.0,23.0,42.0,59.0,75.0,,,,,,,,,,,,,,,12.110235214233398,22.779516220092773,-15.0,-2.0,12.0,27.0,41.0
s0009,1.017412543296814,30.47365379333496,-39.0,-11.0,6.0,20.0,32.0,132.17710876464844,194.84764099121094,-32.0,11.0,95.0,201.0,320.0,201.46836853027344,216.91958618164062,5.0,57.0,138.0,270.0,494.0,206.0268096923828,225.57594299316406,8.0,61.0,140.0,267.0,512.0,52.85696792602539,33.18019485473633,8.0,31.0,56.0,76.0,93.0,16.006080627441406,36.597564697265625,-27.0,-2.0,19.0,39.0,57.0,-7.278746128082275,32.94048309326172,-51.0,-29.0,-6.0,16.0,35.0,254.6309051513672,213.0372314453125,42.0,101.0,208.0,357.0,513.0,30.933738708496094,26.068235397338867,-2.0,15.0,32.0,48.0,62.0,34.996402740478516,27.777206420898438,-1.0,18.0,37.0,54.0,69.0,53.54914474487305,27.11308479309082,19.0,37.0,54.0,72.0,87.0,31.880477905273438,24.378812789916992,1.0,17.0,33.0,48.0,62.0,77.15508270263672,162.3389892578125,2.0,20.0,38.0,61.0,118.0,,,,,,,,,,,,,,,12.040145874023438,31.945268630981445,-31.0,-8.0,14.0,32.0,49.0
s0010,18.679983139038086,33.38981628417969,-19.0,6.0,22.0,40.0,55.0,246.59339904785156,239.60374450683594,0.0,71.0,196.0,360.0,556.0,395.02642822265625,304.9645690917969,85.0,161.0,303.0,571.0,862.0,394.16851806640625,307.4061584472656,83.0,160.0,300.0,571.0,862.0,98.65253448486328,26.768966674804688,68.0,87.0,102.0,115.0,127.0,-63.13402557373047,319.9614562988281,-707.0,13.0,60.0,85.0,103.0,59.75487518310547,32.45138931274414,18.0,44.0,64.0,81.0,96.0,384.2066955566406,294.2830505371094,119.0,172.0,290.0,494.0,825.0,138.16065979003906,39.881019592285156,82.0,121.0,147.0,165.0,180.0,142.09246826171875,38.38535690307617,90.0,128.0,150.0,167.0,180.0,104.92217254638672,25.194255828857422,77.0,92.0,106.0,120.0,132.0,110.89009857177734,34.38689422607422,69.0,90.0,111.0,134.0,155.0,119.70390319824219,39.15420913696289,61.0,105.0,129.0,145.0,157.0,41.722633361816406,83.93928527832031,-6.0,32.0,57.0,77.0,92.0,108.7862777709961,37.872802734375,62.0,91.0,115.0,135.0,148.0,19.57939338684082,23.21137046813965,-7.0,5.0,18.0,34.0,50.0
s0011,7.7772932052612305,34.83466339111328,-29.0,-6.0,11.0,28.0,45.0,197.78256225585938,197.5275421142578,-13.399999999999636,48.0,159.0,297.0,460.0,291.1099853515625,249.3681640625,56.0,118.0,211.0,402.0,665.0,300.65765380859375,252.16830444335938,58.0,121.0,221.0,418.0,680.0,81.88451385498047,29.714828491210938,54.0,72.0,86.0,99.0,110.0,4.532096862792969,280.53424072265625,-133.0,24.0,82.0,139.0,167.0,53.03492736816406,40.28276824951172,0.0,34.0,60.0,80.0,97.0,280.03924560546875,200.56346130371094,95.0,140.0,218.0,367.0,552.0,115.97136688232422,33.92118453979492,75.0,101.0,121.0,138.0,152.0,110.1056137084961,36.621788024902344,63.0,95.0,117.0,134.0,148.0,72.9193115234375,26.308242797851562,44.0,58.0,73.0,89.0,104.0,80.93226623535156,38.5272216796875,36.0,57.0,80.0,106.0,130.0,109.11089324951172,44.27303695678711,59.0,96.0,118.0,133.0,144.0,-48.987483978271484,222.4791259765625,-291.0,-29.0,27.0,57.0,79.0,106.11921691894531,36.8364143371582,64.0,89.0,112.0,130.0,144.0,14.718188285827637,23.077669143676758,-13.0,0.0,14.0,29.0,44.0
s0012,17.166181564331055,67.0854721069336,5.0,13.0,21.0,31.0,45.0,155.9180450439453,136.01431274414062,8.0,56.0,132.0,220.0,336.0,338.7325744628906,206.50830078125,127.0,190.0,288.0,440.0,636.0,349.2232360839844,213.2804718017578,134.0,194.0,291.0,461.0,664.0,80.01951599121094,16.946624755859375,63.0,78.0,84.0,89.0,93.0,-89.0318603515625,312.59710693359375,-741.0,2.0,41.0,60.0,72.0,64.74320983886719,22.097732543945312,31.0,54.0,70.0,80.0,87.0,269.92547607421875,187.815673828125,108.0,135.0,206.0,338.0,549.0,106.0061264038086,22.31751251220703,73.0,100.0,113.0,120.0,125.0,98.95819091796875,21.925870895385742,68.0,91.0,105.0,114.0,119.0,26.422168731689453,15.762635231018066,13.0,18.0,23.0,31.0,44.0,97.17511749267578,18.574935913085938,71.0,90.0,102.0,109.0,115.0,111.84624481201172,29.540752410888672,75.0,100.0,118.0,128.0,137.0,40.95801544189453,35.8498649597168,11.0,32.0,47.0,59.0,70.90000000000009,106.01657104492188,28.143579483032227,72.0,95.0,112.0,124.0,133.0,,,,,,,
s0013,0.6186907887458801,22.3189640045166,-13.0,-5.0,1.0,8.0,17.0,213.61480712890625,195.00328063964844,-2.0,75.0,177.0,306.0,480.0,382.4241943359375,249.53411865234375,113.0,200.0,325.0,515.0,746.0,377.7802734375,245.02142333984375,110.0,199.0,324.0,512.0,732.6999999999971,98.6739273071289,25.238536834716797,73.0,97.0,105.0,112.0,117.0,-132.44032287597656,376.8242492675781,-959.0,-68.0,54.0,89.0,102.0,57.841941833496094,29.646432876586914,15.0,43.0,65.0,78.0,87.0,375.1884460449219,248.27281188964844,131.0,177.0,299.0,515.0,737.0,149.13198852539062,37.35368347167969,94.0,134.0,162.0,174.0,183.0,143.9764404296875,41.48981857299805,80.0,124.0,159.0,172.0,182.0,109.16194152832031,21.211265563964844,91.0,104.0,112.0,119.0,127.0,104.98060607910156,43.53941345214844,54.0,77.0,96.0,140.0,172.0,124.17915344238281,42.800453186035156,61.0,105.0,138.0,151.0,159.0,-7.520796775817871,87.38025665283203,-91.0,-23.0,18.0,43.0,57.0,123.4315185546875,35.808902740478516,77.0,105.0,130.0,149.0,161.0,,,,,,,
s0014,6.454091548919678,32.684261322021484,-32.0,-9.0,9.0,27.0,43.0,234.73291015625,181.94309997558594,55.0,104.0,184.0,320.0,494.0,370.1134338378906,243.12020874023438,124.0,185.0,297.0,513.0,748.0,366.6486511230469,240.92117309570312,122.0,182.0,294.0,507.0,741.0,75.82344055175781,26.21518898010254,45.0,62.0,77.0,93.0,106.0,-43.67522048950195,261.863037109375,-40.0,6.0,28.0,47.0,63.0,51.58148193359375,33.28007125854492,9.0,31.0,53.0,74.0,92.0,322.1154479980469,219.62013244628906,116.0,157.0,251.0,422.0,656.0,77.14324188232422,33.22416687011719,35.0,58.0,80.0,99.0,117.0,74.240478515625,33.620601654052734,31.0,55.0,77.0,97.0,114.0,72.80013275146484,27.027986526489258,39.0,57.0,74.0,91.0,105.0,68.6156234741211,30.16806411743164,29.0,50.0,70.0,89.0,106.0,82.54727935791016,56.91891860961914,34.0,58.0,80.0,100.0,119.0,78.97953796386719,154.29278564453125,-3.0,22.0,47.0,79.0,183.0,66.38484191894531,31.459503173828125,24.0,50.0,70.0,88.0,102.0,,,,,,,
s0015,0.6859331130981445,103.32083892822266,-39.0,-8.0,17.0,36.0,52.0,269.8359069824219,205.816650390625,82.0,136.0,216.0,344.0,527.7000000000044,417.85687255859375,294.69207763671875,139.0,199.0,316.0,574.0,872.0,427.5101318359375,300.68084716796875,142.0,204.0,324.0,590.0,899.0,86.74346923828125,22.061840057373047,59.0,73.0,87.0,101.0,114.0,-176.0104522705078,416.9668884277344,-989.0,-359.0,45.0,78.0,104.0,66.44708251953125,28.496641159057617,31.0,49.0,68.0,84.0,100.0,408.8543395996094,254.3846435546875,182.0,226.0,315.0,515.0,790.0,104.82565307617188,31.137073516845703,66.0,89.0,108.0,125.0,140.0,99.7948226928711,30.877361297607422,61.0,85.0,104.0,120.0,134.0,78.04306030273438,23.486469268798828,49.0,64.0,79.0,93.0,107.0,77.23712921142578,30.956262588500977,37.0,56.0,78.0,99.0,117.0,100.34233856201172,43.731239318847656,58.0,84.0,104.0,119.0,132.0,80.3954849243164,308.5019226074219,-18.0,23.0,52.0,93.0,205.0,91.75119018554688,30.39234733581543,54.0,78.0,97.0,112.0,124.0,20.43873405456543,19.13381004333496,-2.0,7.0,20.0,32.0,45.0
s0016,12.872113227844238,49.59809112548828,-53.40000000000009,-12.0,19.0,45.0,67.0,235.6916046142578,260.9719543457031,-24.0,42.0,173.0,357.0,591.0,366.1466064453125,347.8172607421875,27.0,106.0,256.0,542.0,906.0,375.7309875488281,347.0876159667969,36.0,114.0,265.0,553.0,919.0,141.3214569091797,48.22382354736328,81.0,113.5,145.0,173.0,198.0,-143.013671875,399.5909729003906,-987.0,-44.0,42.0,84.0,116.0,94.5492172241211,57.014888763427734,21.0,62.0,99.0,132.0,160.0,307.60467529296875,276.6260986328125,46.0,103.0,227.0,431.0,696.0,213.67140197753906,99.2323989868164,68.0,140.0,233.0,290.0,329.0,198.7987518310547,102.99020385742188,46.0,118.0,220.0,280.0,318.0,76.14105987548828,37.61333465576172,30.0,53.0,77.0,100.0,121.0,64.49114990234375,46.16349411010742,8.0,35.0,64.0,93.0,122.0,302.08343505859375,285.9292907714844,16.0,51.0,279.0,500.0,566.0,-2.2639808654785156,168.61668395996094,-64.0,-2.0,34.0,68.0,99.0,212.90296936035156,140.55393981933594,77.0,116.0,163.0,289.0,461.0,,,,,,,
s0019,-1.7514303922653198,39.94700241088867,-51.0,-24.0,0.0,24.0,45.0,114.94661712646484,177.9752655029297,-61.0,-10.0,72.0,195.0,349.0,234.50733947753906,246.95321655273438,-2.0,60.0,162.0,341.0,595.0,225.2874755859375,233.84461975097656,-2.0,59.0,159.0,331.0,560.0,82.20263671875,48.90842819213867,20.0,50.0,83.0,115.0,143.0,11.26601791381836,160.13479614257812,-38.0,4.0,38.0,69.0,99.0,88.34976196289062,58.62913131713867,10.0,56.0,96.0,128.0,155.0,219.7410888671875,184.09873962402344,45.0,94.0,169.0,300.0,462.0,184.911376953125,97.45709991455078,40.0,108.0,208.0,261.0,296.0,194.26535034179688,97.03868865966797,48.0,119.0,219.0,270.0,303.0,43.01538848876953,36.27532958984375,-1.0,21.0,43.0,66.0,87.0,78.2583999633789,59.779850006103516,6.0,35.0,74.0,119.0,159.0,441.5030517578125,112.7746810913086,280.0,424.0,468.0,501.0,529.0,4.4664788246154785,167.88937377929688,-41.0,6.0,38.0,67.0,94.0,260.4064636230469,141.0283966064453,85.0,143.0,246.0,396.0,457.0,29.341894149780273,35.68989181518555,-15.0,8.0,30.0,53.0,73.0
s0021,,,,,,,,,,,,,,,,,,,,,,,,,,,,,,,,,,,,,,,,,,,,,,,,,,,,,,,,,,,,,,,,,,,,,,,,,,,,,,,,,,,,,82.6891098022461,21.366607666015625,57.0,71.0,84.0,96.0,107.0,6.831109046936035,132.28546142578125,-31.0,12.0,34.0,53.0,72.0,68.9950180053711,24.195463180541992,39.0,57.0,71.0,84.0,96.0,,,,,,,
s0022,1.3640960454940796,30.803369522094727,-33.0,-13.0,3.0,19.0,35.0,184.7139129638672,179.9188995361328,-18.0,58.0,159.0,273.0,418.0,304.9800720214844,236.69869995117188,71.0,138.0,237.0,417.0,638.0,325.8864440917969,247.548583984375,80.0,151.0,258.0,443.0,675.0,37.30716323852539,22.24675941467285,11.0,26.0,39.0,52.0,63.0,-122.50150299072266,302.7178955078125,-758.0,-50.0,2.0,25.0,41.0,23.682613372802734,25.404346466064453,-9.0,8.0,25.0,41.0,55.0,304.7994079589844,224.15191650390625,107.0,160.0,235.0,374.0,613.0,17.948820114135742,23.799589157104492,-13.0,3.0,20.0,34.0,46.0,13.136173248291016,24.058940887451172,-17.0,-1.0,14.0,29.0,42.0,53.317291259765625,21.61405372619629,28.0,42.0,55.0,67.0,78.0,34.57130813598633,27.015851974487305,0.0,17.0,34.0,52.0,69.0,53.527645111083984,98.81260681152344,4.0,21.0,37.0,55.0,77.0,,,,,,,,,,,,,,,4.434077739715576,19.947423934936523,-20.0,-7.0,5.0,17.0,29.0
s0024,6.462949275970459,33.7216796875,-38.0,-10.0,11.0,29.0,44.0,239.41526794433594,188.3611602783203,50.20000000000073,109.0,196.0,317.0,490.0,370.7438049316406,258.1520080566406,107.0,178.0,299.0,511.0,758.0,376.4800720214844,265.14044189453125,106.0,177.0,301.0,524.0,779.0,52.91801452636719,27.866682052612305,19.0,37.0,54.0,71.0,86.0,-12.914514541625977,154.01907348632812,-54.0,-9.0,20.0,43.0,61.0,32.83926773071289,40.24178695678711,-18.0,7.0,34.0,59.0,82.0,385.0343933105469,248.90011596679688,145.0,199.0,313.0,499.0,756.0,43.99180221557617,37.72101974487305,-1.0,19.0,42.0,68.0,94.0,75.13553619384766,47.131370544433594,12.0,43.0,78.0,110.0,133.0,44.497291564941406,24.95834732055664,14.0,30.0,45.0,60.0,74.0,70.2093734741211,52.83100509643555,16.0,35.0,58.0,91.0,150.0,229.8719482421875,82.24790954589844,111.0,182.0,249.0,288.0,314.0,-3.752958059310913,157.67202758789062,-39.0,2.0,28.0,51.0,72.0,226.36448669433594,94.73238372802734,83.0,160.0,250.0,301.0,330.0,0.33203649520874023,25.623308181762695,-32.0,-15.0,1.0,17.0,32.0
s0025,,,,,,,,,,,,,,,,,,,,,,,,,,,,,,,,,,,,,,,,,,,,,,,,,,,,,,,,,,,,,,,,,,,,,,,,,,,,,,,,,,,,,,,,,,,,-103.85147857666016,278.89288330078125,-593.3,-54.75,14.0,38.0,61.0,,,,,,,,,,,,,,
s0028,8.093992233276367,44.48161315917969,-62.0,-9.0,18.0,38.0,54.0,234.9257354736328,207.88804626464844,10.0,78.0,192.0,345.0,525.0,355.41815185546875,270.7052307128906,86.0,154.0,273.0,498.0,760.0,361.3065490722656,279.5496826171875,88.0,153.0,275.0,510.5,782.0,103.55311584472656,34.89939498901367,71.0,88.0,103.0,117.0,135.0,84.74601745605469,258.5387878417969,-4.0,124.0,168.0,186.0,200.0,80.84721374511719,26.65702247619629,50.0,66.0,82.0,98.0,112.0,334.1319580078125,247.45138549804688,111.0,158.0,251.0,433.0,695.0,145.9039764404297,38.45479965209961,94.0,129.0,155.0,172.0,185.0,142.62310791015625,37.98891067504883,90.0,127.0,151.0,168.0,181.0,106.77316284179688,23.126338958740234,81.0,94.0,108.0,121.0,133.0,102.57949829101562,28.74993324279785,67.0,84.0,102.0,122.0,139.0,125.58367156982422,31.714292526245117,85.0,114.0,132.0,145.0,155.0,33.27018356323242,108.94125366210938,-6.0,29.0,53.0,74.0,95.0,120.39813995361328,34.865055084228516,76.0,103.0,126.0,144.0,158.0,31.48106575012207,25.87088966369629,0.0,14.0,30.0,48.0,67.0
s0029,30.56818962097168,42.9361572265625,-7.0,7.0,23.0,45.0,81.0,165.0941162109375,142.5642547607422,4.0,59.0,146.0,238.0,350.0,331.1376647949219,343.93402099609375,59.0,127.0,248.0,433.0,684.0,367.95513916015625,449.3352355957031,57.0,130.0,258.0,452.0,731.0,77.07820892333984,19.295068740844727,53.0,69.0,81.0,90.0,97.0,-191.39337158203125,401.8298034667969,-979.0,-269.0,23.0,57.0,72.0,51.269710540771484,32.21330642700195,7.0,32.0,56.0,72.0,86.0,294.3455505371094,188.5852508544922,116.0,165.0,245.0,362.0,544.0,104.33503723144531,27.848419189453125,66.0,89.0,111.0,125.0,134.0,103.5912857055664,36.51549530029297,61.0,86.0,111.0,126.0,135.0,78.729736328125,18.098346710205078,59.0,71.0,81.0,90.0,97.0,88.501953125,18.31544303894043,68.0,80.0,91.0,100.0,107.0,160.11618041992188,55.523529052734375,116.0,148.0,162.0,173.0,184.0,-58.50641632080078,240.76307678222656,-276.0999999999999,-22.0,24.0,45.0,64.10000000000036,106.11543273925781,36.00754928588867,66.0,88.0,110.0,129.0,148.0,19.99447250366211,13.676777839660645,4.0,11.0,19.0,28.0,37.0
s0030,0.8687025904655457,34.23165512084961,-46.0,-16.0,4.0,24.0,41.0,275.9767761230469,251.19229125976562,29.0,92.0,208.0,394.0,628.0,415.1893310546875,337.2431335449219,63.0,150.0,316.0,621.0,937.6999999999971,434.6822814941406,351.395751953125,64.0,156.0,334.0,654.0,981.0,90.49296569824219,23.161609649658203,65.0,80.0,93.0,105.0,116.0,32.81504440307617,145.61146545410156,10.0,42.0,61.0,77.0,90.0,23.938888549804688,35.56486129760742,-23.0,1.0,26.0,48.0,67.0,367.0384216308594,299.3521423339844,83.0,137.0,270.0,514.0,820.0,89.34361267089844,32.91926574707031,44.0,71.0,96.0,112.0,125.0,85.66029357910156,33.23217010498047,41.0,69.0,92.0,108.0,121.0,78.43203735351562,21.283674240112305,55.0,67.0,80.0,91.0,102.0,85.91937255859375,35.88624954223633,41.0,61.0,85.0,113.0,133.0,115.23177337646484,88.63502502441406,55.0,92.0,111.0,126.0,142.0,-0.4228723347187042,198.5833282470703,-24.0,26.0,50.0,68.0,82.0,96.30638885498047,30.217681884765625,61.0,82.0,101.0,116.0,127.0,17.653404235839844,19.713054656982422,-4.0,5.0,16.0,29.0,41.0
s0031,14.439596176147461,34.745182037353516,-25.0,-2.0,17.0,35.0,52.0,162.73109436035156,226.2039337158203,-50.0,0.0,105.0,256.0,444.0,308.8243408203125,299.6228942871094,20.0,91.0,213.0,450.0,760.0,297.9453430175781,294.9152526855469,17.0,85.0,203.0,431.0,747.0,92.19705963134766,33.80253601074219,51.0,75.0,96.0,114.0,130.0,-138.376220703125,372.4975280761719,-963.0,-39.0,33.0,64.0,87.0,63.69705581665039,46.0022087097168,3.0,37.0,68.0,94.0,116.0,268.7069091796875,241.61361694335938,43.0,90.0,198.0,378.0,594.2999999999993,113.74108123779297,64.38076782226562,28.0,62.0,121.0,166.0,193.0,119.22064971923828,64.29106140136719,33.0,67.0,128.0,171.0,197.0,58.47483825683594,26.144561767578125,26.0,43.0,59.0,75.0,90.0,62.17548751831055,59.05060577392578,1.0,32.0,61.0,91.0,123.0,317.854248046875,83.73699951171875,181.0,302.0,341.0,367.0,388.0,18.57233238220215,41.760986328125,-36.0,-3.0,23.0,47.0,67.0,181.08712768554688,101.21833038330078,57.0,98.0,176.0,256.0,326.0,7.228377342224121,27.30802345275879,-27.0,-10.0,6.0,25.0,42.0
s0032,,,,,,,,,,,,,,,,,,,,,,,,,,,,,93.30648040771484,97.5033950805664,-30.0,28.0,93.0,159.0,218.0,24.927169799804688,145.40794372558594,-108.0,-33.0,38.0,108.0,171.0,,,,,,,,,,,,,,,,,,,,,,115.32740783691406,120.6648178100586,-39.0,34.0,119.0,196.0,265.0,60.96783447265625,91.34979248046875,-55.0,0.0,61.0,122.0,176.0,134.4720916748047,115.53014373779297,-11.0,55.0,131.0,213.0,286.8000000000002,459.00909423828125,226.50283813476562,238.0,370.0,464.0,546.0,621.0,61.28123092651367,104.73979949951172,-67.69999999999993,-7.0,61.0,129.0,192.0,299.2873840332031,255.68466186523438,24.0,129.0,289.0,448.0,561.0,,,,,,,
s0034,522.3798828125,222.2179718017578,102.0,435.0,612.0,674.0,722.0,104.92658996582031,153.0585174560547,-53.0,-10.0,76.0,182.0,300.0,234.90640258789062,241.97251892089844,8.0,62.0,160.0,337.0,579.0,246.93017578125,254.74851989746094,10.0,65.0,167.0,353.0,609.0,,,,,,,,20.513072967529297,97.513916015625,-3.0,14.0,33.0,50.0,64.0,40.42695999145508,30.230546951293945,2.0,25.0,44.0,60.0,74.0,190.10855102539062,168.76907348632812,30.0,70.0,151.0,262.0,398.0,85.20600891113281,35.60633087158203,39.0,66.0,90.0,109.0,125.0,77.17825317382812,41.13433837890625,30.0,57.0,81.0,101.0,116.0,56.95550537109375,21.848793029785156,32.0,46.0,59.0,70.0,81.0,35.403507232666016,43.702362060546875,-11.0,23.0,42.0,59.0,73.0,496.93695068359375,145.40518188476562,236.0,449.0,555.0,589.0,616.0,,,,,,,,,,,,,,,,,,,,,
s0035,,,,,,,,,,,,,,,,,,,,,,,,,,,,,,,,,,,,,,,,,,,,,,,,,,,,,,,,,,,,,,,,,,,,,,,,,,,,,,,,,,,,,34.17611312866211,30.02174186706543,0.0,16.0,34.0,52.0,70.0,-43.849456787109375,227.55381774902344,-181.0,-17.0,22.0,52.0,77.0,33.005088806152344,36.0788459777832,-11.0,11.0,34.0,56.0,76.0,,,,,,,
s0036,,,,,,,,,,,,,,,,,,,,,,,,,,,,,,,,,,,,,,,,,,,,,,,,,,,,,,,,,,,,,,,,,,,,,,,,,,,,,,,,,,,,,,,,,,,,60.56867599487305,160.21463012695312,-148.6,-48.0,65.0,169.0,260.2000000000003,,,,,,,,,,,,,,
s0037,,,,,,,,,,,,,,,,,,,,,,,,,,,,,83.94644165039062,82.9591064453125,-20.0,29.0,83.0,138.0,190.0,13.490978240966797,134.7814178466797,-114.0,-42.0,26.0,91.0,150.0,82.37067413330078,100.01795959472656,-40.0,19.0,84.0,146.0,209.0,,,,,,,,,,,,,,,52.187774658203125,99.76248931884766,-74.0,-12.0,51.0,118.0,178.0,68.00409698486328,84.63835144042969,-37.0,12.0,68.0,123.0,175.0,85.27127075195312,109.80303192138672,-41.0,11.0,74.0,152.0,236.0,165.802001953125,94.87236785888672,53.0,111.0,170.0,226.0,277.0,4.095937252044678,161.3411102294922,-102.0,-37.0,23.0,84.0,136.0,149.46182250976562,105.87875366210938,16.0,80.0,151.0,220.0,281.0,,,,,,,
s0038,-2.768045663833618,22.83626365661621,-29.0,-15.0,-1.0,11.0,23.0,181.09036254882812,204.7188262939453,-20.0,33.0,131.0,272.0,452.0,370.6742858886719,289.65179443359375,79.0,151.0,285.0,525.0,815.0,373.2586669921875,291.3335266113281,81.0,153.0,286.0,529.0,816.0,94.9144058227539,18.591909408569336,72.0,84.0,96.0,107.0,117.0,-43.78861999511719,328.7443542480469,-727.0,36.0,83.0,116.0,135.0,77.40924072265625,26.590959548950195,45.0,60.0,77.0,94.0,111.0,347.19342041015625,255.2479248046875,117.0,165.0,261.0,453.0,726.0,115.642822265625,32.372982025146484,71.0,100.0,121.0,138.0,151.0,113.13751220703125,33.81752014160156,66.0,97.0,120.0,136.0,149.0,106.36392974853516,21.635669708251953,82.0,95.0,107.0,119.0,131.0,103.1291275024414,27.298078536987305,70.0,85.0,102.0,120.0,139.0,105.6886215209961,31.135826110839844,70.0,93.0,110.0,125.0,137.0,30.365230560302734,30.033254623413086,-9.0,14.0,34.0,50.0,65.0,102.92594146728516,37.07554244995117,62.0,86.0,108.0,127.0,142.0,28.78426742553711,20.41228485107422,3.0,15.0,27.0,42.0,55.0
s0039,,,,,,,,,,,,,,,,,,,,,,,,,,,,,113.21124267578125,20.674541473388672,92.0,107.0,117.0,125.0,133.0,63.76374435424805,59.26606750488281,24.0,54.0,77.0,93.0,102.0,88.64042663574219,23.756877899169922,57.0,81.0,94.0,103.0,110.0,,,,,,,,147.20616149902344,32.501319885253906,99.0,132.0,157.0,170.0,179.0,148.3386688232422,38.13693618774414,90.0,130.0,161.0,175.0,185.0,87.59663391113281,18.998123168945312,69.0,78.0,87.0,97.0,107.0,133.584716796875,25.176916122436523,107.0,119.0,133.0,150.0,163.0,138.54649353027344,33.668724060058594,90.0,135.0,149.0,157.0,165.0,39.15511703491211,35.89884567260742,1.0,30.0,48.0,60.0,69.0,122.9972152709961,36.01639175415039,79.0,111.0,134.0,147.0,153.0,31.860721588134766,11.66483211517334,19.0,25.0,31.0,38.0,45.0
s0040,4.2293219566345215,50.110191345214844,-28.0,-12.0,2.0,18.0,36.0,282.33917236328125,230.75010681152344,34.0,127.0,235.0,385.0,592.0,422.787841796875,294.1015930175781,131.0,198.0,329.0,594.0,883.0,423.3468322753906,295.235107421875,133.0,202.0,328.0,593.0,882.0,90.32160186767578,21.35524559020996,67.0,80.0,92.0,104.0,114.0,36.62826919555664,258.965087890625,4.0,78.0,113.0,133.0,149.0,79.1419677734375,27.552356719970703,46.0,62.0,80.0,97.0,112.90000000000146,396.0736389160156,230.72535705566406,186.0,237.0,328.0,474.0,725.0,129.0640106201172,30.022926330566406,91.0,115.0,133.0,148.0,162.0,119.19915771484375,31.897741317749023,78.0,105.0,124.0,140.0,153.0,96.38982391357422,21.78806495666504,71.0,83.0,97.0,110.0,122.0,107.07353973388672,29.839017868041992,71.0,87.0,105.0,126.0,147.0,122.83226013183594,32.91619110107422,84.0,110.0,129.0,143.0,155.0,-35.680145263671875,198.3384246826172,-215.5,-25.0,30.0,58.0,80.0,115.10325622558594,37.56772232055664,72.0,96.0,121.0,140.0,154.0,19.789655685424805,22.156496047973633,-6.0,5.0,18.0,33.0,49.0
s0042,4.743166446685791,32.05548095703125,-25.0,-9.0,5.0,21.0,36.0,210.82546997070312,191.26571655273438,28.0,77.0,159.0,292.0,463.0,339.53985595703125,256.718017578125,92.0,150.0,253.0,474.0,729.0,345.21270751953125,258.720947265625,93.0,155.0,260.0,482.0,737.0,73.4836654663086,25.97585678100586,45.0,61.0,76.0,90.0,102.0,-282.3678894042969,453.059326171875,-981.0,-937.0,11.0,53.0,77.0,53.62285614013672,34.95403289794922,10.0,35.0,57.0,77.0,94.0,339.9644470214844,249.22027587890625,104.59999999999991,155.0,262.0,451.0,703.0,92.33250427246094,37.99585723876953,41.0,73.0,98.0,118.0,135.0,95.85466766357422,34.50490188598633,51.0,79.0,100.0,119.0,134.0,48.014835357666016,26.338563919067383,17.0,32.0,47.0,64.0,80.0,91.72037506103516,31.771770477294922,51.0,72.0,93.0,113.0,131.0,95.621826171875,73.16475677490234,44.0,73.0,97.0,118.0,137.0,-30.402633666992188,144.29916381835938,-146.89999999999998,-39.0,8.0,39.0,63.0,88.40595245361328,35.1009407043457,45.0,71.0,92.0,112.0,128.0,10.794262886047363,25.970863342285156,-20.0,-4.0,11.0,28.0,42.0
s0043,,,,,,,,,,,,,,,,,,,,,,,,,,,,,,,,,,,,,,,,,,,,,,,,,,,,,,,,,,,,,,,,,,,,,,,,,,,,,,,,,,,,,,,,,,,,60.74610900878906,30.159379959106445,32.0,49.0,64.0,78.0,89.0,,,,,,,,,,,,,,
s0044,,,,,,,,,,,,,,,,,,,,,,,,,,,,,,,,,,,,,,,,,,,,,,,,,,,,,,,,,,,,,,,,,,,,,,,,,,,,,,,,,,,,,154.4946746826172,21.178735733032227,129.0,143.0,155.0,165.0,176.5,65.30439758300781,100.80470275878906,13.100000000000023,57.0,85.0,109.0,134.0,,,,,,,,,,,,,,
s0045,,,,,,,,,,,,,,,,,,,,,,,,,,,,,,,,,,,,,,,,,,,,,,,,,,,,,,,,,,,,,,,,,,,,,,,,,,,,,,,,,,,,,,,,,,,,,,,,,,,,,,,,,,,,,,,,
s0046,,,,,,,,,,,,,,,,,,,,,,,,,,,,,43.783416748046875,20.533632278442383,20.0,33.0,45.0,57.0,68.0,-211.56942749023438,401.4243469238281,-986.0,-294.0,8.0,34.0,51.0,25.113676071166992,31.607526779174805,-16.0,7.0,28.0,47.0,62.0,,,,,,,,10.711588859558105,35.14926528930664,-38.0,-9.25,16.0,36.0,51.0,22.62748908996582,27.569643020629883,-11.0,6.0,24.0,41.0,55.0,52.86495590209961,23.35662841796875,24.0,39.0,54.0,68.0,81.0,38.18244552612305,30.47161102294922,1.0,19.0,38.0,57.0,75.0,103.48947143554688,57.32301330566406,43.0,69.0,94.0,135.0,179.0,-27.904449462890625,176.84181213378906,-63.0,-9.0,15.0,36.0,54.0,189.95347595214844,119.97782135009766,38.0,86.0,200.0,265.0,324.0,,,,,,,
s0048,,,,,,,,,,,,,,,362.70623779296875,151.0409393310547,184.3,255.0,341.0,448.75,569.0,,,,,,,,26.63372039794922,15.475798606872559,10.0,21.0,29.0,36.0,43.0,-43.88697052001953,204.4252471923828,-102.0,2.0,17.0,27.0,36.0,23.619417190551758,20.54987907409668,-4.0,13.0,27.0,38.0,46.0,313.665283203125,216.5324249267578,82.0,146.0,267.0,428.0,608.0,18.935379028320312,15.542535781860352,-2.0,13.0,22.0,29.0,35.0,21.24515151977539,15.330436706542969,0.0,15.0,24.0,31.0,37.0,48.23650360107422,15.474503517150879,31.0,41.0,50.0,58.0,64.0,36.08519744873047,15.000925064086914,19.0,30.0,38.0,45.0,52.0,61.19581985473633,86.12193298339844,16.0,30.0,43.0,54.0,98.0,-4.533262252807617,44.60837173461914,-46.0,-17.0,4.0,19.0,33.0,4.840224742889404,194.9727325439453,19.0,34.0,43.0,49.0,56.0,,,,,,,
s0049,6.2233195304870605,36.25801086425781,-39.0,-13.0,9.0,30.0,49.0,209.55810546875,238.97999572753906,-33.0,40.0,152.0,314.0,545.0,342.712646484375,305.805908203125,29.0,108.0,253.0,514.0,825.0,373.50946044921875,328.25042724609375,40.0,118.0,273.0,566.0,901.0,67.91065216064453,36.72581481933594,23.0,47.0,70.0,92.0,112.0,4.065091133117676,130.3058624267578,-34.0,-4.0,23.0,49.0,73.0,9.349669456481934,50.240055084228516,-57.0,-23.0,11.0,44.0,72.0,372.47735595703125,262.1203918457031,95.0,177.0,312.0,509.0,751.4000000000015,57.05495834350586,59.58832931518555,-21.0,6.0,59.0,105.0,134.0,59.0485725402832,54.738670349121094,-13.0,18.0,60.0,101.0,130.0,39.71548843383789,31.304065704345703,1.0,20.0,40.0,60.0,79.0,63.50096893310547,39.296142578125,16.0,39.0,63.0,87.0,111.0,93.26014709472656,101.13705444335938,31.0,54.0,78.0,104.0,147.0,-9.523076057434082,183.5345916748047,-65.0,-5.0,31.0,63.0,89.0,66.74537658691406,38.60090255737305,31.0,51.0,69.0,86.0,101.0,,,,,,,
s0050,14.944876670837402,24.766605377197266,-14.0,10.0,18.0,28.0,39.0,281.55462646484375,173.4873504638672,67.0,149.0,264.0,391.0,516.0,430.14678955078125,228.89175415039062,159.0,253.0,394.0,579.0,758.0,449.19873046875,229.85330200195312,174.0,274.0,417.0,601.0,774.0,83.885498046875,13.004429817199707,72.0,81.0,86.0,91.0,95.0,-89.3028335571289,310.0464172363281,-735.0,-4.0,45.0,65.0,77.0,71.94576263427734,17.466142654418945,53.0,65.0,73.0,81.0,90.0,398.6396789550781,201.01119995117188,197.0,240.0,343.0,506.0,713.0,131.66722106933594,26.026586532592773,96.0,125.0,138.0,148.0,156.0,124.1448745727539,27.954017639160156,84.0,117.0,132.0,141.0,149.0,102.21239471435547,14.800928115844727,90.0,98.0,104.0,110.0,115.0,87.34466552734375,30.00450325012207,57.0,70.0,83.0,103.0,131.0,109.85301971435547,29.166627883911133,71.0,100.0,118.0,128.0,136.0,7.119218826293945,91.43737030029297,-86.0,-7.0,34.0,56.0,74.0,108.2990493774414,34.160545349121094,75.0,96.0,117.0,128.0,136.0,21.283618927001953,15.00789737701416,7.0,13.0,20.0,29.0,40.0
s0052,81.30342864990234,110.30168151855469,-19.0,21.0,48.0,91.0,297.0,221.14312744140625,263.4169006347656,-49.0,30.0,165.0,336.0,553.0,364.1951904296875,314.05029296875,65.0,134.0,260.0,513.0,834.0,354.6259765625,314.4070129394531,55.0,122.0,250.0,512.0,820.0,107.92902374267578,27.70699691772461,77.0,96.0,112.0,125.0,137.0,-41.315391540527344,309.9684753417969,-482.0,26.0,66.0,91.0,109.0,59.37899398803711,42.490867614746094,1.0,37.0,67.0,88.0,106.0,359.0515441894531,274.79974365234375,120.0,165.0,270.0,458.0,733.0,152.95111083984375,44.04920196533203,97.0,138.0,162.0,180.0,196.0,149.26443481445312,42.14058303833008,96.0,133.0,157.0,176.0,192.0,120.67514038085938,27.688718795776367,91.0,108.0,123.0,137.0,149.0,119.41349792480469,47.82697677612305,59.0,87.0,118.0,155.0,182.0,145.6969757080078,71.339111328125,88.0,127.0,149.0,164.0,179.0,42.020294189453125,39.268760681152344,0.0,29.0,49.0,65.0,78.0,125.2364730834961,40.286590576171875,77.0,102.0,130.0,155.0,170.0,43.51866149902344,25.148744583129883,15.0,30.0,45.0,59.0,73.0
s0053,-2.608768939971924,25.243989944458008,-24.0,-10.0,0.0,10.0,20.0,195.60177612304688,162.34820556640625,29.0,76.0,156.0,280.0,416.0,320.59185791015625,238.64932250976562,78.0,139.0,250.0,454.0,682.0,299.89288330078125,230.43771362304688,65.0,125.0,235.0,424.0,642.0,61.21730422973633,18.032957077026367,39.0,51.0,62.0,73.0,83.0,-114.54338073730469,331.3344421386719,-924.0,-11.0,26.0,47.0,63.0,42.31471633911133,27.69696807861328,6.0,28.0,46.0,61.0,73.0,335.0313720703125,218.8356170654297,133.0,175.0,269.0,428.0,655.0,75.75181579589844,25.615026473999023,44.0,63.0,79.0,93.0,104.0,73.52595520019531,26.698902130126953,40.0,61.0,77.0,91.0,102.0,67.36270904541016,19.60889434814453,44.0,56.0,68.0,80.0,91.0,68.13188171386719,26.279151916503906,36.0,51.0,67.0,86.0,103.0,77.45838165283203,28.987688064575195,43.0,66.0,82.0,96.0,108.0,18.506837844848633,31.009517669677734,-21.0,3.0,23.0,39.0,52.0,76.49554443359375,25.365188598632812,46.0,64.0,80.0,93.0,104.0,15.42074203491211,20.053512573242188,-9.0,2.0,16.0,29.0,40.0
s0054,1.4466230869293213,27.146913528442383,-24.0,-9.0,3.0,16.0,30.0,224.3479766845703,235.75392150878906,-5.199999999999818,63.0,168.0,318.0,526.0,368.2198486328125,304.0377502441406,58.0,137.0,278.0,537.0,833.0,376.8924865722656,313.6209716796875,56.0,136.0,288.0,549.0,861.0,83.80655670166016,37.40047836303711,39.0,67.0,88.0,106.0,123.0,-175.43663024902344,431.01336669921875,-969.0,-321.0,66.0,94.0,111.0,77.73640441894531,43.47045135498047,16.0,52.0,85.0,108.0,126.0,360.9765319824219,252.392333984375,114.0,182.0,298.0,467.0,710.0,140.78785705566406,42.86311721801758,87.0,120.0,148.0,170.0,186.0,136.52113342285156,44.03841018676758,81.0,115.0,144.0,166.0,183.0,94.42217254638672,29.78239631652832,60.0,78.0,95.0,112.0,128.0,124.23685455322266,44.61622619628906,70.0,97.0,122.0,153.0,181.0,240.33164978027344,266.60003662109375,89.0,129.0,158.0,199.0,530.0,77.35163116455078,47.4952392578125,23.0,51.0,77.0,103.0,133.5,133.60289001464844,39.956626892089844,85.0,114.0,138.0,159.0,176.0,34.86726760864258,24.506486892700195,6.0,19.0,33.0,50.0,67.0
s0056,,,,,,,,,,,,,,,,,,,,,,,,,,,,,,,,,,,,,,,,,,,,,,,,,,,,,,,,,,,,,,,,,,,,,,,,,,,,,,,,,,,,,,,,,,,,-16.582942962646484,148.06886291503906,-154.59999999999997,-30.0,26.0,62.0,89.0,,,,,,,,,,,,,,
s0057,,,,,,,,,,,,,,,,,,,,,,,,,,,,,62.25372314453125,27.92644500732422,30.0,51.0,66.0,80.0,91.0,-122.66510772705078,326.5763244628906,-924.0,-37.0,11.0,37.0,57.0,44.00228500366211,36.52719497680664,-6.0,24.0,50.0,69.0,85.0,289.1289978027344,232.54510498046875,80.0,124.0,215.0,372.0,630.0,79.99697875976562,45.00686264038086,15.0,47.0,89.0,115.0,132.0,69.14110565185547,47.79377365112305,0.0,32.0,76.0,108.0,127.0,67.6673355102539,24.834362030029297,39.0,54.0,69.0,83.0,97.0,75.00658416748047,29.853893280029297,38.0,57.0,76.0,94.0,112.0,96.51808166503906,59.135963439941406,45.0,76.0,97.0,113.0,128.0,8.042004585266113,109.09198760986328,-54.0,-5.0,29.0,51.0,69.0,86.5843734741211,30.364639282226562,50.0,71.0,90.0,107.0,121.0,12.47354793548584,26.23126220703125,-20.0,-4.0,10.0,29.0,47.0
s0058,0.04519840329885483,70.28314208984375,-85.0,-43.0,0.0,43.0,84.0,295.0038146972656,212.5431671142578,100.0,151.0,233.0,379.0,589.0,409.1979675292969,280.5430908203125,138.0,203.0,324.0,550.0,845.0,509.4040832519531,585.3751220703125,131.0,203.0,328.0,580.0,1012.0,72.85344696044922,35.025691986083984,36.0,57.0,76.0,94.0,110.0,-54.33454895019531,358.175048828125,-918.0,-11.0,63.0,155.0,203.0,49.12662887573242,44.113765716552734,-9.0,27.0,55.0,79.0,98.0,465.3052673339844,267.6166687011719,190.0,256.0,394.0,615.0,865.0,112.35906982421875,48.58112716674805,52.0,89.0,119.0,144.0,165.0,108.26031494140625,50.5106315612793,43.0,86.0,117.0,141.0,162.0,79.72117614746094,35.02072525024414,44.0,63.0,82.0,100.0,116.0,104.32564544677734,41.72495651245117,52.0,82.0,109.0,133.0,152.0,124.74739837646484,97.64879608154297,43.0,92.0,124.0,149.0,174.0,-19.07366180419922,212.96652221679688,-152.39999999999986,5.0,44.0,72.0,95.0,112.67042541503906,39.391387939453125,63.0,92.0,118.0,139.0,157.0,18.719135284423828,33.55251693725586,-19.0,-1.0,16.0,36.0,56.0
s0059,14.598943710327148,32.14850616455078,-23.0,-3.0,15.0,35.0,53.0,143.77435302734375,213.20132446289062,-57.0,-10.0,84.0,234.0,429.0,258.1474914550781,279.7177429199219,-4.0,56.0,166.0,377.0,681.0,255.07797241210938,288.5404357910156,-9.0,50.0,157.0,372.0,693.0,118.06819152832031,32.54165267944336,79.0,102.0,121.0,139.0,155.0,18.220882415771484,167.76661682128906,0.0,25.0,47.0,68.0,88.0,69.34886169433594,31.283823013305664,30.0,49.0,70.0,90.0,108.0,313.5476989746094,276.2337341308594,88.0,130.0,210.0,387.0,748.0,134.2498779296875,42.85979080200195,78.0,108.0,139.0,165.0,184.0,133.5000457763672,43.98920822143555,75.0,108.0,139.0,165.0,185.0,110.01974487304688,35.952152252197266,77.0,94.0,111.0,128.0,145.0,162.1529998779297,37.20294952392578,114.0,141.0,165.0,187.0,206.0,235.2185516357422,58.63567352294922,149.0,217.0,248.0,270.0,289.0,116.29802703857422,345.90386962890625,-109.29999999999995,16.0,68.0,117.0,384.0,175.94602966308594,57.1906852722168,98.0,137.0,182.0,218.0,245.0,61.011905670166016,40.792259216308594,9.0,34.0,59.0,86.0,114.0
s0061,,,,,,,,,,,,,,,,,,,,,,,,,,,,,,,,,,,,,,,,,,,,,,,,,,,,,,,,,,,,,,,,,,,,,,,,,,,,,,,,,,,,,86.86095428466797,127.11714172363281,61.0,88.0,106.0,118.0,127.0,-153.68316650390625,327.6805725097656,-756.0,-264.5,12.0,58.0,89.0,,,,,,,,,,,,,,
s0062,-16.116758346557617,65.02555084228516,-96.0,-53.0,-10.0,21.0,50.0,98.91399383544922,166.11338806152344,-62.0,-19.0,58.0,170.0,305.0,160.2473602294922,199.95126342773438,-37.0,17.0,110.0,252.0,425.0,172.718994140625,223.34800720214844,-40.0,16.0,114.0,271.0,472.0,,,,,,,,,,,,,,,,,,,,,,329.056396484375,267.53570556640625,87.0,165.0,282.0,443.0,669.0,-34.285518646240234,230.97689819335938,-31.0,2.0,20.0,33.0,48.0,38.63574981689453,40.05240249633789,-8.0,21.0,43.0,62.0,79.0,,,,,,,,25.793184280395508,23.307950973510742,0.0,14.0,28.0,40.0,52.0,24.128358840942383,77.03251647949219,-7.0,11.0,27.0,42.0,59.0,,,,,,,,,,,,,,,,,,,,,
s0063,,,,,,,,,,,,,,,,,,,,,,,,,,,,,,,,,,,,,,,,,,,,,,,,,,,,,,,,,,,,,,,,,,,,,,,,,,,,,,,,,,,,,94.21747589111328,34.56093978881836,67.0,81.0,91.0,101.0,113.0,-214.60757446289062,331.580810546875,-762.0,-414.0,-110.0,19.0,92.0,,,,,,,,,,,,,,
s0065,9.841692924499512,47.364051818847656,-35.0,-12.0,9.0,31.0,52.0,203.6937713623047,260.0240478515625,-53.0,13.0,144.0,313.0,552.0,319.6839294433594,314.4473876953125,16.0,88.0,217.0,480.0,794.0,309.3936767578125,305.0039978027344,12.0,83.0,214.0,467.5,760.0,135.27647399902344,51.384456634521484,68.0,100.0,137.0,172.0,200.0,-205.4903106689453,434.0809020996094,-995.0,-362.0,19.0,62.0,108.0,137.3776397705078,52.235801696777344,73.0,107.0,139.0,170.0,198.0,349.8035583496094,281.8175354003906,86.0,148.0,271.0,456.0,748.0,178.99913024902344,99.021240234375,39.0,96.0,196.0,259.0,298.0,176.96975708007812,97.32707977294922,41.0,93.0,191.0,257.0,296.0,75.11206817626953,37.658199310302734,30.0,52.0,75.0,98.0,120.0,70.49774169921875,43.71930694580078,15.0,43.0,71.0,97.0,124.0,432.17205810546875,128.90354919433594,291.0,392.0,447.0,492.0,523.0,28.144901275634766,94.26988983154297,-24.0,12.0,42.0,67.0,91.0,196.49191284179688,136.35411071777344,62.0,95.0,143.0,318.0,414.0,30.310993194580078,31.96536636352539,-9.0,9.0,30.0,51.0,71.0
s0066,12.5657377243042,36.566932678222656,-38.0,-1.0,19.0,37.0,50.0,234.49346923828125,195.0374298095703,29.0,101.0,200.0,320.0,477.0,443.0046691894531,265.6064758300781,158.0,241.0,378.0,600.0,836.0,449.2711486816406,260.7320861816406,168.0,255.0,392.0,597.0,827.0,40.51762771606445,15.609587669372559,22.0,32.0,41.0,50.0,59.0,-60.539390563964844,252.54995727539062,-323.0,5.0,27.0,40.0,50.0,41.72037887573242,17.870763778686523,19.0,31.0,43.0,53.0,63.0,436.97467041015625,276.57843017578125,176.0,231.0,351.0,564.0,840.0,24.97044563293457,16.902692794799805,3.0,15.0,26.0,36.0,45.0,23.992334365844727,18.030996322631836,2.0,14.0,25.0,36.0,45.0,63.0423698425293,15.612890243530273,45.0,55.0,65.0,73.0,80.0,40.29280471801758,16.887378692626953,19.0,30.0,41.0,51.0,61.0,62.0310173034668,105.8519058227539,12.0,27.0,40.0,57.0,85.0,,,,,,,,,,,,,,,20.28348159790039,15.614577293395996,1.0,11.0,20.0,30.0,40.0
s0067,,,,,,,,,,,,,,,,,,,,,,,,,,,,,,,,,,,,,,,,,,,,,,,,,,,,,,,,,,,,,,,,,,,,,,,41.514217376708984,80.68094635009766,23.0,40.0,52.0,59.0,66.0,47.15525817871094,23.479984283447266,27.0,38.0,48.0,57.0,67.0,43.816986083984375,59.7342414855957,19.0,28.0,35.0,44.0,57.0,-90.24005126953125,260.40460205078125,-463.39999999999986,-51.0,17.0,34.0,47.0,23.398591995239258,92.9128646850586,11.0,24.0,33.0,41.0,49.0,,,,,,,
s0068,20.32085418701172,34.519317626953125,-10.0,7.0,24.0,39.0,50.0,236.93333435058594,311.8853759765625,13.0,62.0,159.0,297.0,531.0,302.28515625,231.22622680664062,73.0,140.0,237.0,415.0,625.0,305.227294921875,228.763427734375,73.0,147.0,250.0,407.0,614.0,44.664424896240234,13.512711524963379,28.0,36.0,45.0,54.0,62.0,40.16761779785156,23.828350067138672,17.0,29.0,41.0,54.0,65.0,31.63490104675293,16.551054000854492,12.0,23.0,33.0,41.0,49.0,453.1194763183594,351.3013000488281,173.0,245.0,357.0,541.5,801.0,34.49065399169922,22.43364906311035,10.0,21.0,33.0,45.0,60.0,37.93949890136719,20.723752975463867,16.0,25.0,36.0,47.0,62.0,53.178855895996094,14.605310440063477,35.0,45.0,54.0,62.0,70.0,53.67509460449219,171.2949981689453,15.0,26.0,36.0,47.0,72.0,40.636470794677734,35.42010498046875,20.0,29.0,38.0,47.0,58.0,,,,,,,,,,,,,,,11.39077091217041,14.179479598999023,-5.0,3.0,11.0,20.0,29.0
s0069,,,,,,,,,,,,,,,,,,,,,,,,,,,,,42.7951545715332,22.55544662475586,15.0,32.0,45.0,57.0,68.0,36.56627655029297,80.98900604248047,7.0,34.0,50.0,64.0,75.0,32.83013916015625,30.796377182006836,-9.0,14.0,36.0,55.0,69.0,245.18228149414062,198.9990234375,51.0,102.0,199.0,322.0,522.0,53.64474105834961,32.00035095214844,21.0,40.0,55.0,69.0,82.0,51.18004608154297,28.802034378051758,16.0,38.0,54.0,68.0,80.0,63.9644775390625,19.338050842285156,42.0,54.0,65.0,76.0,86.0,61.25487518310547,20.54649543762207,35.0,49.0,62.0,75.0,86.0,86.01057434082031,108.28433990478516,38.0,52.0,66.0,81.0,104.0,44.543251037597656,25.727081298828125,15.0,30.0,46.0,61.0,73.0,,,,,,,,23.039634704589844,17.863056182861328,2.0,13.0,24.0,34.0,44.0
s0070,,,,,,,,,,,,,,,,,,,,,,,,,,,,,103.56991577148438,17.395349502563477,83.0,93.0,104.0,115.0,124.0,11.228385925292969,323.50897216796875,-498.0,73.0,114.0,166.0,185.0,96.4249496459961,23.696147918701172,67.20000000000005,81.0,96.0,111.0,126.0,406.4436340332031,224.9489288330078,213.0,252.0,323.0,486.0,757.0,152.89552307128906,26.698400497436523,120.0,139.0,155.0,170.0,184.0,148.4048614501953,28.575265884399414,113.0,135.0,152.0,167.0,179.0,119.62667083740234,18.92591094970703,97.0,109.0,120.0,131.0,142.0,113.97808074951172,28.407238006591797,78.90000000000009,95.0,113.0,133.0,151.0,139.92398071289062,33.730499267578125,99.0,126.0,147.0,162.0,173.0,4.305884838104248,156.94903564453125,-65.0,13.0,45.0,69.0,86.0,133.86717224121094,34.630775451660156,90.0,118.0,141.0,156.0,168.0,26.797452926635742,23.90045928955078,0.0,10.0,23.0,40.0,60.0
s0071,,,,,,,,150.54969787597656,95.01792907714844,43.3,83.75,140.0,196.0,265.0,160.2276611328125,144.8086395263672,2.0,44.0,129.0,254.0,363.0,157.9998779296875,154.6239013671875,1.0,40.0,118.0,243.0,373.0,96.23851013183594,28.72991943359375,64.0,87.0,101.0,114.0,125.0,-38.035499572753906,258.4208068847656,-118.0,6.0,37.0,65.0,85.0,47.02504348754883,44.5770378112793,-15.0,18.0,52.0,80.0,100.0,243.84800720214844,213.52613830566406,48.0,88.0,177.0,335.0,550.0,136.9555206298828,36.135948181152344,91.0,123.0,144.0,160.0,173.0,131.8428955078125,36.873870849609375,83.0,118.0,140.0,156.0,168.0,96.15828704833984,24.481332778930664,69.0,83.0,97.0,111.0,124.0,106.25809478759766,33.06512451171875,67.0,86.0,106.0,127.0,149.0,143.1887969970703,66.13431549072266,83.20000000000073,122.0,147.0,163.0,178.0,-18.094209671020508,179.10459899902344,-80.0,-5.0,29.0,53.0,72.0,117.14311218261719,38.090431213378906,70.0,97.0,122.0,143.0,159.0,,,,,,,
s0072,17.07621192932129,31.502391815185547,-18.0,3.0,19.0,36.0,53.0,159.2413787841797,194.68194580078125,-49.0,11.0,122.0,261.0,410.0,318.8395690917969,267.8527526855469,51.0,119.0,237.0,464.0,716.9000000000087,322.9744873046875,273.48919677734375,50.0,118.0,239.0,469.0,732.0,90.95681762695312,23.459949493408203,65.0,80.0,93.0,105.0,116.0,-5.2736616134643555,240.73741149902344,-34.0,35.0,62.0,83.0,99.0,73.5252914428711,33.821937561035156,30.0,56.0,77.0,96.0,112.0,311.66961669921875,223.6044158935547,80.0,142.0,262.0,419.0,614.0,117.04991912841797,35.53329086303711,69.0,100.0,124.0,141.0,155.0,116.94696044921875,36.86809539794922,65.0,99.0,125.0,142.0,155.0,94.04508972167969,23.005887985229492,69.0,82.0,95.0,108.0,119.0,95.85979461669922,35.16560363769531,53.0,70.0,93.0,123.0,144.0,136.9368133544922,112.0782241821289,71.0,99.0,119.0,138.0,165.0,-15.743753433227539,174.56207275390625,-77.0,-4.0,29.0,53.0,73.0,106.95201873779297,32.44685363769531,68.0,89.0,110.0,129.0,144.0,,,,,,,
s0073,-3.5728983879089355,47.08954620361328,-66.0,-32.0,0.0,26.0,53.0,147.4541473388672,188.52447509765625,-48.0,16.0,115.0,231.0,377.0,302.632080078125,229.22962951660156,59.0,135.0,249.0,428.0,631.0,305.6038513183594,231.68832397460938,58.0,133.0,252.0,436.0,638.0,36.308406829833984,30.97719955444336,-3.0,18.0,38.0,56.0,73.0,-220.81689453125,366.82513427734375,-962.0,-258.0,-26.0,7.0,28.0,-8.2138671875,34.68586349487305,-55.0,-31.0,-5.0,16.0,34.0,301.5019226074219,221.00515747070312,89.0,142.0,246.0,399.0,591.0,17.065786361694336,34.823028564453125,-28.0,-4.0,18.0,40.0,60.0,13.694002151489258,35.541378021240234,-32.0,-8.0,15.0,37.0,57.0,39.28481674194336,27.204519271850586,6.0,24.0,41.0,56.0,71.0,37.173309326171875,34.604713439941406,-7.0,15.0,38.0,60.0,80.0,40.10848617553711,46.59855270385742,-6.0,15.0,38.0,59.0,82.0,-62.06156539916992,218.45460510253906,-247.2,-30.0,5.0,30.0,48.0,,,,,,,,2.900259256362915,22.106653213500977,-25.0,-9.0,4.0,17.0,28.0
s0074,17.718027114868164,26.9627685546875,-5.0,8.0,20.0,32.0,42.0,220.85105895996094,154.31288146972656,50.0,113.0,194.0,300.0,426.0,332.3473815917969,245.85768127441406,88.0,154.0,266.0,446.0,683.0,333.64996337890625,243.9984130859375,91.0,157.0,269.0,447.0,679.0,,,,,,,,,,,,,,,,,,,,,,,,,,,,,,,,,,,,,,,,,,,,,,,,,,23.36017417907715,34.81472396850586,-3.0,13.0,28.0,42.0,56.0,,,,,,,,,,,,,,,,,,,,,,,,,,,,
s0075,62.493717193603516,53.565216064453125,3.0,15.0,60.0,112.0,128.0,236.03875732421875,195.64414978027344,35.0,98.0,197.0,319.0,497.0,390.40185546875,263.10003662109375,106.0,188.0,331.0,542.0,774.0,413.9989318847656,263.82012939453125,131.0,216.0,353.0,563.0,797.0,74.64002227783203,26.37006950378418,45.0,69.0,81.0,90.0,97.0,-135.33941650390625,332.4265441894531,-944.0,-43.0,2.0,34.0,58.0,53.04729461669922,28.681652069091797,12.0,39.0,59.0,73.0,83.0,383.8945007324219,243.0554656982422,145.0,190.0,324.0,507.0,722.0,117.63715362548828,38.0277214050293,69.0,98.0,122.0,140.0,155.0,178.28640747070312,123.17513275146484,89.0,114.0,137.0,162.0,413.0,90.46662902832031,21.470134735107422,70.0,84.0,93.0,102.0,111.0,104.8821792602539,29.505563735961914,68.0,92.0,107.0,123.0,141.0,116.14713287353516,36.52591323852539,65.0,107.0,125.0,137.0,146.0,-1.2072088718414307,87.63492584228516,-73.0,-13.0,25.0,44.0,56.0,111.84598541259766,39.264556884765625,64.0,93.0,123.0,139.0,148.0,20.281871795654297,19.074914932250977,0.0,10.0,20.0,32.0,43.0
s0076,0.8621057271957397,72.4325942993164,-96.0,-45.0,5.0,50.0,89.0,127.14935302734375,193.06869506835938,-61.0,-1.0,84.0,206.0,374.0,262.5149230957031,314.2882995605469,-20.0,54.0,160.0,376.0,745.6999999999971,268.9436950683594,327.852783203125,-21.0,52.0,158.0,386.0,772.0,83.67054748535156,70.5166015625,-6.0,37.0,84.0,131.0,173.0,-72.12989044189453,291.08502197265625,-642.0,-49.0,19.0,75.0,124.0,63.98711395263672,73.7795181274414,-30.0,16.0,66.0,114.0,156.0,239.446533203125,255.48858642578125,23.0,84.0,167.0,307.0,550.0,128.05531311035156,76.45762634277344,29.0,80.0,132.0,179.0,221.0,121.56348419189453,81.3003158569336,16.0,69.0,125.0,177.0,223.0,38.62564468383789,61.92653274536133,-40.0,-2.0,38.0,79.0,117.0,80.53372192382812,72.27925109863281,-9.0,31.0,77.0,128.0,176.0,195.16908264160156,76.5395278930664,89.0,150.0,207.0,249.0,282.0,-26.823139190673828,240.31044006347656,-141.0,-17.0,33.0,78.0,121.0,122.6528091430664,79.77315521240234,26.0,71.0,120.0,173.0,226.0,16.77150535583496,68.55580139160156,-69.0,-28.0,15.0,61.0,105.0
s0077,14.917744636535645,34.180870056152344,-17.0,3.0,16.0,34.0,52.0,132.00070190429688,183.8096160888672,-51.0,-8.0,85.0,225.0,385.0,273.0605773925781,267.769287109375,14.0,73.0,187.0,406.0,678.0,287.0350036621094,267.26959228515625,24.0,82.0,202.0,431.0,693.0,81.37792205810547,26.843185424804688,48.0,66.0,83.0,99.0,113.0,21.279621124267578,165.24888610839844,-9.0,27.0,54.0,77.0,96.0,55.37580871582031,43.261131286621094,-6.0,33.0,63.0,85.0,102.0,279.8330383300781,220.45445251464844,68.0,114.0,223.0,381.0,580.0,161.959228515625,44.4207878112793,101.0,145.0,172.0,191.0,206.0,160.97525024414062,44.78267288208008,99.0,143.0,171.0,190.0,205.0,100.3421859741211,32.44221115112305,66.0,85.0,102.0,118.0,134.0,106.5460205078125,35.27335739135742,65.0,84.0,105.0,130.0,153.0,130.29661560058594,76.33702087402344,62.0,104.0,131.0,150.0,167.0,22.777973175048828,35.25802230834961,-23.0,2.0,26.0,47.0,64.0,104.48204803466797,47.69392776489258,38.0,81.0,112.0,138.0,157.0,,,,,,,
s0078,19.5668888092041,43.52970504760742,-14.0,2.0,18.0,36.0,53.0,223.899169921875,202.46897888183594,14.0,82.0,182.0,307.0,497.0,378.5372009277344,290.5804138183594,96.0,161.0,283.0,536.0,819.0,371.33514404296875,294.0617370605469,84.0,151.0,275.0,529.0,821.0,83.79830169677734,26.924299240112305,53.0,73.0,88.0,100.0,111.0,-41.228065490722656,225.06301879882812,-28.0,-7.0,9.0,31.0,60.0,78.28014373779297,25.920507431030273,47.0,65.0,80.0,95.0,108.0,425.0361328125,241.77674865722656,179.0,243.0,365.0,543.0,768.0,120.38060760498047,60.63893508911133,26.0,80.0,136.0,165.0,185.0,136.56222534179688,58.23074722290039,42.0,111.0,152.0,176.0,195.0,93.20266723632812,23.883073806762695,66.0,81.0,95.0,108.0,120.0,103.48235321044922,28.243249893188477,69.0,86.0,103.0,121.0,139.0,132.6819305419922,62.630672454833984,82.0,114.0,134.0,151.0,165.0,35.952762603759766,114.5135269165039,-2.0,35.0,58.0,79.0,98.0,117.02467346191406,37.5256233215332,73.0,99.0,122.0,142.0,158.0,15.307049751281738,21.015830993652344,-10.0,1.0,14.0,28.0,42.0
s0079,,,,,,,,,,,,,,,,,,,,,,,,,,,,,,,,,,,,,,,,,,,,,,,,,,,,,,,,,,,,,,,,,,,,,,,,,,,,,,,,,,,,,55.98722457885742,167.15330505371094,47.0,66.0,78.0,87.0,97.0,-15.565786361694336,133.1571502685547,-107.0,-16.5,18.0,43.0,68.0,,,,,,,,,,,,,,
s0080,,,,,,,,,,,,,,,,,,,,,,,,,,,,,62.3658447265625,65.55987548828125,-20.0,20.0,62.0,106.0,145.0,-27.008316040039062,228.7364501953125,-114.0,-33.0,23.0,75.0,120.0,47.482215881347656,77.83245849609375,-52.0,-2.0,48.0,100.0,145.0,,,,,,,,79.38465881347656,75.09195709228516,-16.0,29.0,80.0,130.0,174.0,73.7829360961914,74.35533905029297,-20.0,24.0,74.0,123.0,168.0,72.06463623046875,65.96973419189453,-10.0,29.0,72.0,115.0,155.0,66.49607849121094,73.21185302734375,-26.0,19.0,68.0,115.0,157.0,123.57454681396484,65.2861557006836,39.0,85.0,129.0,167.0,201.0,-11.074482917785645,165.3330078125,-101.0,-28.0,22.0,65.0,103.0,83.34046173095703,57.61027908325195,11.0,47.0,85.0,121.0,154.0,11.162747383117676,62.13770294189453,-63.0,-28.0,9.0,48.0,85.0
s0081,,,,,,,,,,,,,,,,,,,,,,,,,,,,,,,,,,,,,,,,,,,,,,,,,,,,,,,,,,,,,,,,,,,,,,,,,,,,,,,,,,,,,,,,,,,,18.629812240600586,63.19838333129883,-58.0,-19.0,18.5,56.0,96.5,,,,,,,,,,,,,,
s0082,-4.023620128631592,40.633140563964844,-73.0,-22.0,9.0,23.0,36.0,218.09190368652344,152.86187744140625,50.0,104.0,190.0,298.0,432.0,360.1283264160156,181.54835510253906,156.0,224.0,325.0,467.0,616.0,360.9063720703125,184.38458251953125,153.0,222.0,325.0,470.0,623.0,82.71903228759766,22.760154724121094,52.0,79.0,89.0,95.0,102.0,-98.14925384521484,297.8403625488281,-674.0,-6.0,5.0,22.0,44.0,74.55653381347656,23.544893264770508,41.0,66.0,80.0,89.0,98.0,358.022216796875,202.13858032226562,178.0,210.0,288.0,446.0,659.0,137.01580810546875,31.344621658325195,91.0,127.0,146.0,157.0,166.0,130.5411834716797,32.61325454711914,80.0,119.0,141.0,152.0,161.0,96.0753402709961,18.22471809387207,82.0,91.0,98.0,105.0,112.0,111.66425323486328,24.92612075805664,85.0,101.0,112.0,123.0,141.0,111.3134536743164,32.70458984375,66.0,94.0,119.0,134.0,145.0,24.562442779541016,54.06269454956055,-51.0,7.0,37.0,58.0,78.0,86.94330596923828,151.58090209960938,63.0,93.0,114.0,131.0,141.0,22.78713035583496,18.69005584716797,4.0,15.0,24.0,33.0,42.0
s0083,,,,,,,,,,,,,,,,,,,,,,,,,,,,,30.286701202392578,34.033050537109375,-12.0,8.0,31.0,53.0,73.0,3.124826192855835,48.23550796508789,-44.0,-18.0,7.0,31.0,52.0,,,,,,,,,,,,,,,,,,,,,,,,,,,,,43.557769775390625,36.466224670410156,-2.5999999999999943,18.0,43.0,69.0,90.0,22.34136962890625,31.69253921508789,-15.0,4.0,24.0,43.0,59.0,27.838003158569336,30.536941528320312,-6.0,12.0,31.0,47.0,61.0,-34.654502868652344,151.3859405517578,-93.0,-29.0,4.0,28.0,47.0,28.84450912475586,38.96025848388672,-4.0,14.0,32.0,49.0,64.0,,,,,,,
s0084,,,,,,,,,,,,,,,,,,,,,,,,,,,,,,,,,,,,,,,,,,,,,,,,,,,,,,,,,,,,,,,,,,,,,,,31.48040199279785,34.1937370300293,-14.0,8.0,33.0,56.0,74.0,20.845979690551758,28.351167678833008,-13.0,5.0,22.0,39.0,54.0,33.68136978149414,27.78221321105957,1.0,18.0,35.0,51.0,66.0,-145.94140625,290.4044494628906,-698.0,-165.0,-10.0,26.0,49.69999999999982,34.658634185791016,28.07805824279785,1.0,18.0,36.0,53.0,68.0,,,,,,,
s0085,,,,,,,,,,,,,,,,,,,,,,,,,,,,,29.86212158203125,48.512020111083984,-31.0,-2.0,30.0,62.0,92.0,-34.49148178100586,97.78556823730469,-161.0,-77.0,-16.0,29.0,67.0,,,,,,,,,,,,,,,,,,,,,,,,,,,,,42.84893798828125,48.795387268066406,-19.0,10.0,42.0,75.0,105.0,31.027559280395508,47.192508697509766,-29.0,0.0,32.0,63.0,90.0,29.407623291015625,41.98733139038086,-23.0,2.0,30.0,57.0,82.0,-26.051877975463867,163.0284423828125,-101.0,-27.0,11.0,46.0,76.0,27.065898895263672,41.137786865234375,-25.0,0.0,27.0,55.0,79.0,,,,,,,
s0086,11.005293846130371,29.310691833496094,-32.0,-2.0,16.0,33.0,42.0,142.66549682617188,152.4658203125,-29.0,25.0,121.0,226.0,335.0,269.5439147949219,193.13746643066406,62.0,133.0,227.0,364.0,541.0,260.48919677734375,184.16554260253906,60.0,132.0,225.0,350.0,508.0,77.4518814086914,26.022308349609375,59.0,76.0,83.0,88.0,93.0,48.186065673828125,44.56278991699219,17.0,41.0,57.0,67.0,74.0,64.35364532470703,19.716453552246094,38.0,59.0,69.0,76.0,82.0,275.1262512207031,161.91798400878906,106.0,148.5,240.0,359.0,502.0,105.0684814453125,29.4919490814209,61.0,96.0,115.0,124.0,130.0,98.76583862304688,31.86097526550293,46.0,85.0,111.0,120.0,127.0,85.0982666015625,20.545326232910156,72.0,82.0,88.0,94.0,99.0,82.65308380126953,23.090335845947266,56.0,70.0,81.0,97.0,113.0,106.80207061767578,28.576072692871094,75.0,99.0,112.0,119.0,126.0,20.359033584594727,55.086204528808594,-36.0,2.0,31.0,51.0,68.0,93.41077423095703,37.03604507446289,63.0,85.0,101.0,112.0,120.0,15.829018592834473,15.35540771484375,0.0,8.0,16.0,25.0,33.0
s0088,,,,,,,,,,,,,,,,,,,,,,,,,,,,,72.59648132324219,40.419273376464844,21.0,47.0,73.0,99.0,124.0,-117.9574966430664,316.00146484375,-899.0,-46.0,-2.0,32.0,66.0,49.153297424316406,46.66413879394531,-11.099999999999994,19.0,50.0,81.0,106.0,,,,,,,,96.28787994384766,49.18954086303711,33.0,63.0,97.0,129.0,158.0,,,,,,,,81.89595031738281,39.218772888183594,33.0,57.0,82.0,108.0,131.0,90.99308013916016,50.676551818847656,30.0,66.0,99.0,125.0,145.0,86.33721923828125,48.2846794128418,35.0,63.0,89.0,113.0,134.0,1.4588263034820557,154.44725036621094,-62.5,-4.0,33.0,65.0,92.0,86.75835418701172,38.44860076904297,40.0,65.0,90.0,112.0,131.0,16.952302932739258,40.0652961730957,-35.0,-8.0,17.0,42.0,67.5
s0089,1.1503885984420776,56.17240905761719,-61.0,-30.0,0.0,31.0,59.0,204.6946258544922,195.26754760742188,0.0,74.0,169.0,290.0,454.0,307.84027099609375,287.0088195800781,44.0,115.0,218.0,414.0,736.0,346.5933837890625,308.05792236328125,52.0,134.0,253.0,475.0,817.0,128.75283813476562,47.025848388671875,72.0,102.0,131.0,159.0,185.0,73.24684143066406,266.9073791503906,28.0,100.0,142.0,175.0,203.0,85.2859878540039,54.90752410888672,16.0,52.0,87.0,121.0,152.0,331.46038818359375,259.0733337402344,85.0,162.0,263.0,427.0,702.0,156.46649169921875,63.9874382019043,72.0,119.0,164.0,201.0,230.70000000000073,156.6948699951172,64.3192138671875,72.0,119.0,164.0,201.0,233.0,120.87520599365234,42.67475509643555,69.0,95.0,122.0,148.0,172.0,128.48655700683594,66.73384857177734,41.0,79.0,127.0,184.0,214.0,164.79183959960938,93.64340209960938,73.0,130.0,171.0,203.0,229.0,42.23694610595703,47.28224182128906,-13.0,16.0,46.0,72.0,96.0,144.64759826660156,61.48149871826172,66.0,104.0,148.0,191.0,221.0,19.901317596435547,43.34877014160156,-34.0,-9.0,18.0,48.0,75.0
s0090,3.4443576335906982,19.1788387298584,-11.0,-4.0,1.0,9.0,22.0,207.20819091796875,153.82821655273438,43.0,103.0,176.0,275.0,410.0,388.69683837890625,231.83926391601562,154.0,221.0,328.0,506.0,725.0,384.6026916503906,228.00927734375,152.0,220.0,327.0,505.0,710.0,102.35816192626953,24.095046997070312,74.0,101.0,109.0,115.0,120.0,53.320125579833984,119.03382110595703,25.0,56.0,78.0,94.0,104.0,86.6580581665039,23.143014907836914,58.0,75.0,89.0,100.0,112.0,367.5256652832031,223.2417755126953,165.0,208.0,291.0,466.0,698.0,141.17564392089844,31.42939567565918,94.0,127.0,152.0,163.0,170.0,139.3469696044922,36.02632141113281,85.0,122.0,152.0,165.0,173.0,108.08090209960938,19.5594482421875,92.0,102.0,109.0,116.0,125.0,125.53068542480469,27.30788803100586,98.0,109.0,123.0,141.0,160.0,138.85073852539062,31.799827575683594,93.0,129.0,149.0,158.0,166.0,19.80942153930664,86.83158111572266,-12.0,14.0,34.0,51.0,68.0,79.40040588378906,257.5234069824219,79.0,116.0,143.0,163.0,173.0,20.1794376373291,18.27726936340332,3.0,9.0,16.0,28.0,45.0
s0091,-1.157071590423584,22.469940185546875,-19.0,-7.0,0.0,9.0,19.0,213.84217834472656,228.36961364746094,-25.0,35.0,165.0,327.0,539.0,263.10528564453125,254.97607421875,18.0,79.0,184.0,379.0,637.0,274.0553283691406,260.4181213378906,26.0,82.0,192.0,402.0,657.0,132.02737426757812,36.08650207519531,91.0,106.0,129.0,160.0,180.0,-64.11317443847656,306.91778564453125,-619.0,3.0,47.0,72.0,90.0,82.50479125976562,39.611541748046875,24.0,63.0,94.0,111.0,122.0,232.2261962890625,198.2223663330078,60.0,93.0,172.0,300.0,494.0,133.33285522460938,68.99181365966797,33.0,75.0,145.0,194.0,215.0,130.18466186523438,64.28485107421875,43.0,77.0,137.0,186.0,210.0,58.884857177734375,19.047788619995117,40.0,51.0,60.0,69.0,78.0,61.55357360839844,34.69402313232422,29.0,41.0,56.0,72.0,105.0,252.0105438232422,123.03028869628906,87.0,158.0,264.0,368.0,401.0,-79.44805908203125,226.21180725097656,-415.0999999999999,-55.0,13.0,37.0,52.0,107.3626480102539,47.642822265625,61.0,81.0,95.0,130.0,183.0,11.521381378173828,19.9613037109375,-7.0,0.0,9.0,19.0,34.0
s0092,9.830604553222656,21.114240646362305,-8.0,1.0,10.0,20.0,31.0,180.95176696777344,137.97833251953125,20.0,90.0,162.0,249.0,360.0,324.4753112792969,205.5019073486328,112.0,177.0,276.0,424.0,611.0,326.35699462890625,205.15463256835938,115.0,179.0,277.0,427.0,619.0,42.24985885620117,14.770681381225586,27.0,36.0,44.0,51.0,58.0,-28.065778732299805,147.36122131347656,-51.0,-13.0,6.0,25.0,38.0,27.84923553466797,19.943025588989258,0.0,16.0,31.0,42.0,50.0,311.03253173828125,189.3607940673828,135.0,168.0,252.0,405.0,589.0,28.332151412963867,13.035795211791992,13.0,22.0,30.0,37.0,43.0,29.08913230895996,13.772677421569824,12.0,22.0,30.0,38.0,45.0,59.73812484741211,24.14945411682129,45.0,54.0,61.0,68.0,75.0,40.990234375,16.272314071655273,19.0,32.0,43.0,52.0,60.0,42.36380386352539,17.892213821411133,18.0,33.0,44.0,54.0,63.0,,,,,,,,,,,,,,,10.478710174560547,13.680720329284668,-4.0,2.0,10.0,18.0,28.0
s0095,3.568207025527954,76.31837463378906,-94.0,-46.0,4.0,54.0,99.0,111.9792709350586,228.74102783203125,-136.0,-44.0,76.0,224.0,406.0,244.64614868164062,298.8282165527344,-48.0,44.0,166.0,365.0,677.0,248.74191284179688,305.2930603027344,-48.0,42.0,166.0,372.0,692.0,76.00794219970703,138.07412719726562,-96.0,-16.0,73.0,166.0,253.0,-48.6383056640625,262.42193603515625,-318.0,-94.0,10.0,100.0,179.0,40.04393768310547,144.40615844726562,-144.0,-56.0,40.0,137.0,224.70000000000073,291.1003112792969,255.3354034423828,-2.0,114.0,260.0,435.0,623.0,68.35643005371094,135.05780029296875,-103.0,-20.0,69.0,158.0,239.0,67.94482421875,134.93629455566406,-103.0,-21.0,67.0,157.0,238.0,44.038848876953125,118.92935180664062,-106.0,-33.0,44.0,121.0,193.0,59.21577835083008,116.2486801147461,-88.0,-14.0,60.0,133.0,203.0,234.0679473876953,105.8544921875,98.0,175.0,242.0,300.0,353.0,24.85883903503418,88.79546356201172,-83.0,-29.0,26.0,82.0,132.0,116.8978271484375,106.50294494628906,-8.0,46.0,109.0,185.0,260.0,6.9811224937438965,129.0890655517578,-160.79999999999998,-78.0,4.0,90.0,171.0
s0096,7.216917514801025,28.008827209472656,-29.0,-2.0,14.0,24.0,33.0,206.89195251464844,197.4172821044922,6.0,58.0,159.0,299.0,479.0,315.1518859863281,258.7104187011719,60.0,121.0,240.0,442.0,701.0,323.4631652832031,257.4388732910156,65.0,130.0,249.0,452.0,708.0,89.75873565673828,22.80106544494629,65.0,81.0,94.0,104.0,112.0,-47.239654541015625,247.7099151611328,-51.0,5.0,19.0,39.0,59.0,61.51704788208008,29.376361846923828,22.0,47.0,68.0,81.0,91.0,262.5261535644531,205.66714477539062,72.0,109.0,202.0,347.0,555.0,117.80941772460938,38.92534637451172,63.0,92.0,128.0,147.0,160.0,109.26763153076172,42.70401382446289,47.0,83.0,120.0,143.0,155.0,66.20426177978516,14.97327709197998,52.0,61.0,68.0,75.0,81.0,64.65979766845703,26.855484008789062,37.0,47.0,61.0,79.0,96.0,169.40162658691406,155.83395385742188,40.0,53.0,180.0,228.0,262.0,26.299877166748047,29.85422706604004,-6.0,14.0,29.0,43.0,57.0,155.916259765625,64.17680358886719,68.0,109.0,167.0,207.0,225.0,,,,,,,
s0098,10.294909477233887,22.47507667541504,-13.0,3.0,11.0,25.0,35.0,186.0120086669922,128.33547973632812,43.0,95.0,163.0,251.0,359.0,321.7263488769531,193.20066833496094,117.0,182.0,279.0,420.0,592.0,322.0078430175781,190.30995178222656,122.0,185.25,279.0,416.0,591.0,47.9231071472168,20.579431533813477,24.0,46.0,53.0,58.0,64.0,-73.76949310302734,276.95208740234375,-369.0,1.0,25.0,37.0,43.0,22.986270904541016,17.09141731262207,-1.0,14.0,27.0,35.0,41.0,263.318603515625,178.2368621826172,110.0,133.0,202.0,333.0,521.0,27.80813980102539,11.756782531738281,12.0,24.0,30.0,35.0,39.0,27.34531021118164,12.741839408874512,8.0,24.0,31.0,36.0,39.0,55.69766616821289,31.431644439697266,46.0,54.0,60.0,64.0,68.0,37.991241455078125,13.1159029006958,23.0,33.0,39.0,45.0,50.0,39.80555725097656,17.686973571777344,23.0,33.0,40.0,46.0,52.0,,,,,,,,,,,,,,,13.547807693481445,16.025075912475586,-6.0,8.0,16.0,24.0,30.0
s0099,,,,,,,,,,,,,,,,,,,,,,,,,,,,,,,,,,,,,,,,,,,,,,,,,,,,,,,,,,,,,,,,,,,,,,,,,,,,,,,,,,,,,,,,,,,,,,,,,,,,,,,,,,,,,,,,
s0100,,,,,,,,,,,,,,,,,,,,,,,,,,,,,,,,,,,,,,,,,,,,,,,,,,,,,,,,,,,,,,,,,,,,,,,,,,,,,,,,,,,,,,,,,,,,31.32242202758789,84.77013397216797,-12.899999999999991,23.0,47.0,68.0,84.0,,,,,,,,,,,,,,
s0102,,,,,,,,,,,,,,,,,,,,,,,,,,,,,88.91456604003906,12.884734153747559,73.0,82.0,89.0,96.0,102.0,-14.848520278930664,347.2864074707031,-816.0,103.0,128.0,137.0,144.0,81.14672088623047,15.41270923614502,62.0,70.0,80.0,92.0,102.0,,,,,,,,82.1292495727539,28.20450210571289,43.0,63.0,87.0,100.0,109.0,82.9876480102539,23.227214813232422,48.0,67.0,88.0,99.0,108.0,67.4394760131836,12.304092407226562,54.0,61.0,68.0,74.0,80.0,69.30912017822266,27.535608291625977,42.0,53.0,64.0,81.0,107.0,157.6953582763672,36.98750686645508,110.0,144.0,164.0,182.0,195.0,-69.00529479980469,235.2086944580078,-413.0,-54.5,28.0,50.0,71.0,159.56468200683594,59.54314422607422,85.0,125.0,162.0,203.0,228.0,,,,,,,
s0104,-3.258150100708008,58.43072509765625,-77.0,-40.0,-2.0,35.0,70.0,118.25786590576172,174.29403686523438,-68.0,-3.0,87.0,205.0,348.0,220.46580505371094,280.5824890136719,-43.0,32.0,143.0,329.0,602.0,220.4429473876953,257.59478759765625,-30.0,46.0,155.0,327.0,569.0,,,,,,,,,,,,,,,,,,,,,,250.88539123535156,169.42877197265625,68.80000000000001,146.0,221.0,321.5,482.2000000000003,,,,,,,,,,,,,,,,,,,,,,37.022605895996094,46.969512939453125,-24.0,7.0,38.0,67.0,96.0,76.54612731933594,218.66192626953125,-28.69999999999999,2.0,40.0,80.0,123.0,,,,,,,,,,,,,,,,,,,,,
s0105,,,,,,,,,,,,,,,406.3486328125,264.0526428222656,95.0,203.0,350.0,575.75,808.5,404.60357666015625,187.6213836669922,203.0,262.25,361.0,513.5,679.3000000000001,81.51464080810547,28.290586471557617,45.0,77.0,89.0,98.0,105.0,,,,,,,,55.03002166748047,29.474884033203125,15.0,39.0,59.0,75.0,88.0,311.1201171875,182.08682250976562,120.0,179.0,276.0,395.0,545.0,73.65323638916016,35.90599822998047,11.0,58.0,83.0,99.0,110.0,139.88185119628906,42.3946418762207,75.0,126.0,152.0,165.0,176.0,79.17932891845703,26.44211196899414,44.0,70.0,85.0,96.0,105.0,85.28345489501953,23.57587242126465,53.0,73.0,88.0,101.0,112.0,120.38121795654297,72.55422973632812,64.0,97.0,118.0,132.0,146.0,,,,,,,,,,,,,,,,,,,,,
s0106,,,,,,,,,,,,,,,,,,,,,,222.66029357910156,133.53469848632812,78.0,130.0,200.0,288.0,404.8000000000002,100.99369812011719,73.7833023071289,7.0,53.0,101.0,149.0,194.0,68.85232543945312,103.0064926147461,-33.0,14.0,67.0,120.0,170.0,81.2086410522461,74.92082977294922,-14.0,33.0,82.0,131.0,175.0,342.3298034667969,325.1279296875,80.90000000000009,156.0,252.0,398.0,724.0,109.32682037353516,76.91938018798828,11.0,59.0,110.0,160.0,206.0,110.60807037353516,73.20835876464844,17.0,63.0,112.0,159.0,203.0,94.7067642211914,75.13960266113281,0.0,45.0,95.0,144.0,190.0,116.64822387695312,77.13258361816406,18.0,66.0,117.0,167.0,215.60000000000218,140.71104431152344,124.17691040039062,39.0,87.0,136.0,183.0,228.0,65.53199768066406,77.17938995361328,-22.0,22.0,66.0,113.0,156.80000000000018,120.16993713378906,72.10491180419922,33.0,77.0,122.0,166.0,207.0,16.67640495300293,69.04586791992188,-70.0,-30.0,15.0,61.0,106.80000000000018
s0107,13.499574661254883,21.381704330444336,0.0,7.0,14.0,21.0,26.0,170.64947509765625,158.73550415039062,9.0,58.0,140.0,242.0,367.0,368.96002197265625,236.9833221435547,128.0,193.0,307.0,491.0,719.0,355.104248046875,241.1009521484375,114.0,177.0,290.0,475.0,706.0,80.61808013916016,19.30259132385254,62.0,76.0,84.0,91.0,97.0,-17.139713287353516,237.24595642089844,-69.0,29.0,56.0,71.0,80.0,50.042259216308594,31.019285202026367,6.0,32.0,55.0,71.0,84.0,368.4368591308594,240.08973693847656,121.0,182.0,307.0,502.0,716.0,102.7640609741211,29.56386947631836,62.0,94.0,110.0,121.0,131.0,92.24209594726562,35.2925910949707,36.0,79.0,104.0,116.0,125.0,86.65933990478516,17.314422607421875,71.0,80.0,88.0,96.0,104.0,115.26224517822266,25.834970474243164,82.0,103.0,117.0,130.0,148.0,141.2746124267578,85.1547622680664,81.0,111.0,130.0,144.0,177.0,-49.18287658691406,206.93772888183594,-262.0,-26.0,26.0,50.0,67.0,115.27182006835938,39.09901428222656,68.0,97.0,124.0,141.0,153.0,18.057636260986328,13.478981018066406,4.0,10.0,17.0,24.0,35.0
s0108,15.895939826965332,45.081260681152344,-36.0,-10.0,16.0,42.0,67.0,168.58470153808594,237.9017791748047,-67.0,-3.0,112.0,273.0,484.0,268.4429016113281,347.65411376953125,-34.0,34.0,143.0,390.0,799.0,278.2942810058594,349.8122863769531,-27.0,40.0,153.0,403.0,817.0,101.81140899658203,46.58345031738281,42.0,72.0,103.0,133.0,160.0,-112.67084503173828,394.7108459472656,-947.0,-12.0,65.0,108.0,140.0,60.07292556762695,61.46173858642578,-14.0,22.0,61.0,98.0,132.0,258.0249938964844,270.37359619140625,-22.0,62.0,205.0,381.0,606.0,105.84819030761719,58.31359100341797,30.0,68.0,108.0,146.0,179.0,108.5140151977539,58.536582946777344,33.0,71.0,111.0,149.0,181.0,73.37897491455078,46.2926025390625,15.0,44.0,74.0,103.0,131.0,86.28976440429688,52.93302917480469,17.0,50.0,88.0,125.0,152.0,123.6951675415039,127.79024505615234,42.0,82.0,116.0,146.0,180.0,42.28392028808594,47.69304275512695,-5.0,17.0,40.0,64.0,93.0,103.12214660644531,37.79887771606445,56.0,79.0,105.0,129.0,149.0,20.286855697631836,48.4716911315918,-40.0,-11.0,19.0,52.0,82.0
s0109,-10.99935531616211,21.60163688659668,-34.0,-17.0,-8.0,1.0,9.0,191.5357208251953,168.32269287109375,11.0,69.0,162.0,271.0,412.0,380.1244812011719,255.9057159423828,107.0,192.0,322.0,517.0,755.0,380.6045227050781,250.88467407226562,109.0,195.0,324.0,512.0,746.0,99.47688293457031,24.48224639892578,75.0,98.0,105.0,112.0,118.0,-187.8746337890625,374.5783996582031,-965.0,-178.0,-2.0,29.0,62.0,25.09109878540039,39.48349380493164,-28.0,-4.0,25.0,56.0,78.0,330.3128356933594,193.0597381591797,141.0,187.0,279.0,421.0,593.0,158.5412139892578,39.46954345703125,99.0,143.0,170.0,186.0,196.0,157.97598266601562,42.110897064208984,92.0,141.0,171.0,187.0,197.0,102.41818237304688,20.58790397644043,83.0,96.0,106.0,114.0,122.0,95.4725341796875,35.29865264892578,53.0,72.0,96.0,123.0,137.0,158.53672790527344,89.11012268066406,71.0,128.0,156.0,169.0,202.0,-46.95648193359375,182.6405029296875,-233.0,-32.0,12.0,42.0,59.0,114.34204864501953,155.97708129882812,96.0,120.0,138.0,151.0,163.0,11.664429664611816,15.889266014099121,-4.0,6.0,14.0,21.0,27.0
s0110,,,,,,,,,,,,,,,,,,,,,,,,,,,,,,,,,,,,,,,,,,,,,,,,,,,,,,,,,,,,,,,,,,,,,,,,,,,,,,,,,,,,,92.42398071289062,31.693775177001953,61.0,82.0,94.0,105.0,116.0,45.119911193847656,50.583187103271484,-5.0,21.0,49.0,76.0,97.0,,,,,,,,,,,,,,
s0111,,,,,,,,,,,,,,,,,,,,,,,,,,,,,70.58488464355469,83.68816375732422,-35.0,14.0,70.0,126.0,177.0,-127.41313171386719,354.900390625,-882.0,-86.0,13.0,78.0,133.0,65.99527740478516,86.8641357421875,-44.0,8.0,66.0,124.0,175.0,,,,,,,,56.70650863647461,77.41424560546875,-41.0,4.0,56.0,108.0,157.0,53.206085205078125,86.82400512695312,-57.0,-3.0,53.0,112.0,164.0,59.29136276245117,78.32794952392578,-40.0,7.0,59.0,111.0,159.0,72.34832763671875,74.5645751953125,-25.0,25.0,77.0,123.0,163.0,270.9407958984375,95.18716430664062,148.0,228.0,285.0,331.0,369.0,-38.03730392456055,290.6613464355469,-348.89999999999986,-28.0,35.5,92.0,154.0,177.41966247558594,116.10697174072266,38.0,93.0,163.0,257.0,345.0,,,,,,,
s0112,,,,,,,,,,,,,,,,,,,,,,,,,,,,,,,,,,,,,,,,,,,,,,,,,,,,,,,,,,,,,,,,,,,,,,,,,,,,,,,,,,,,,130.79776000976562,136.06956481933594,64.0,87.0,103.0,119.0,180.0,41.375762939453125,61.46213150024414,-9.199999999999989,19.0,49.0,76.0,92.0,,,,,,,,,,,,,,
s0114,,,,,,,,,,,,,,,,,,,,,,,,,,,,,64.66815948486328,21.834203720092773,38.0,53.0,67.0,80.0,89.0,-184.39712524414062,384.29986572265625,-970.0,-202.0,23.0,42.0,55.0,28.299352645874023,28.00934410095215,-10.0,13.0,33.0,48.0,59.0,,,,,,,,41.476173400878906,26.027061462402344,7.0,27.0,45.0,59.0,71.0,41.68864822387695,38.78462600708008,5.0,26.0,42.0,57.0,69.0,49.938133239746094,15.156999588012695,32.0,42.0,51.0,59.0,67.0,38.655174255371094,26.594602584838867,10.0,22.0,34.0,51.0,77.0,233.33094787597656,64.34239196777344,136.0,218.0,251.0,268.0,281.0,-102.89444732666016,288.427978515625,-623.0,-34.0,18.0,39.0,57.0,160.25436401367188,80.1507797241211,66.0,97.0,146.0,248.0,273.0,,,,,,,
s0115,,,,,,,,,,,,,,,,,,,,,,,,,,,,,101.4515609741211,121.33531951904297,-52.0,20.0,101.0,182.0,256.0,-9.540148735046387,214.73251342773438,-186.0,-69.0,24.0,111.0,189.0,97.1575927734375,124.38011169433594,-61.0,14.0,96.0,180.0,256.0,374.6497802734375,324.85546875,62.0,165.0,297.0,487.0,835.0,163.1592254638672,137.15707397460938,-12.0,72.0,165.0,256.0,337.0,152.8566436767578,141.61216735839844,-30.0,58.0,155.0,249.0,332.0,62.22514343261719,118.79248046875,-89.0,-16.0,62.0,141.0,214.0,106.16587829589844,116.62449645996094,-38.0,31.0,104.0,179.0,256.0,299.44061279296875,131.8907928466797,118.0,223.0,320.0,389.0,440.0,24.726858139038086,119.69197082519531,-72.0,-17.0,36.0,87.0,133.0,144.1394805908203,101.95336151123047,20.0,76.0,140.0,211.0,276.0,6.595262050628662,117.53971099853516,-144.0,-72.0,6.0,84.0,157.0
s0117,5.04075813293457,19.828523635864258,-14.0,-3.0,6.0,17.0,25.0,173.0179901123047,195.1763916015625,-24.0,34.0,129.0,262.0,426.0,329.9875793457031,248.91197204589844,70.0,146.0,265.0,465.0,701.0,321.40240478515625,242.67396545410156,67.0,138.0,257.0,451.0,688.0,28.452693939208984,18.041343688964844,9.0,21.0,31.0,39.0,47.0,-37.06906509399414,211.36141967773438,-36.0,-1.0,17.0,31.0,42.0,28.42159080505371,21.866680145263672,-2.0,17.0,32.0,44.0,53.0,307.74859619140625,206.25927734375,129.0,162.0,237.0,392.0,596.0,14.870563507080078,17.30986976623535,-6.0,6.0,17.0,26.0,34.0,11.782258033752441,16.778419494628906,-9.0,3.0,13.0,22.0,30.0,38.236114501953125,17.292566299438477,19.0,29.0,39.0,49.0,58.0,35.789649963378906,18.3093318939209,12.0,26.0,38.0,48.0,57.0,39.501502990722656,23.62925148010254,15.0,29.0,40.0,51.0,61.0,,,,,,,,,,,,,,,3.0072765350341797,15.160852432250977,-15.0,-4.0,4.0,13.0,20.0
s0119,51.503719329833984,58.299293518066406,-18.0,13.0,50.0,91.0,126.0,232.09288024902344,218.7095184326172,17.0,81.0,177.0,327.0,529.0,360.7467041015625,307.2589416503906,65.0,143.0,261.0,515.0,849.0,355.31585693359375,310.3507995605469,58.0,139.0,255.0,506.0,849.0,71.28553771972656,41.50849533081055,18.0,44.0,72.0,99.0,124.0,-43.429378509521484,238.72238159179688,-87.0,-21.0,16.0,50.0,82.0,50.95418930053711,47.25052261352539,-10.0,21.0,53.0,83.0,109.0,361.3003845214844,273.958984375,117.0,180.0,276.0,457.5,758.0,87.94864654541016,50.45922088623047,25.0,57.0,89.0,121.0,149.0,85.913330078125,57.21803283691406,18.0,52.0,86.0,119.0,149.0,68.1892318725586,41.5095329284668,15.0,41.0,68.0,96.0,121.0,79.80390930175781,41.54269790649414,26.0,53.0,81.0,108.0,132.0,82.73759460449219,43.922794342041016,31.0,58.0,85.0,110.0,134.0,31.367971420288086,46.373565673828125,-19.0,7.0,34.0,59.0,82.0,79.91195678710938,34.80122375488281,36.0,59.0,82.0,103.0,122.0,18.33993148803711,41.49039840698242,-34.0,-9.0,18.0,45.0,71.0
s0120,16.9537353515625,20.29489517211914,-3.0,12.0,20.0,28.0,36.0,185.29725646972656,146.38015747070312,27.0,79.0,158.0,257.0,376.0,299.4658508300781,211.45001220703125,78.0,141.0,248.0,409.0,599.0,304.78680419921875,208.6913299560547,82.0,150.0,254.0,417.0,603.0,82.00393676757812,21.183977127075195,60.0,79.0,87.0,93.0,99.0,-83.47115325927734,276.81298828125,-431.0,-4.0,7.0,22.0,46.0,45.552188873291016,28.06513786315918,4.0,30.0,52.0,66.0,75.0,336.0528564453125,237.40394592285156,126.0,161.0,249.0,434.0,707.0,80.91967010498047,45.38169479370117,7.0,39.0,102.0,117.0,126.0,103.86546325683594,29.037059783935547,61.0,96.0,113.0,122.0,130.0,81.0479965209961,18.299644470214844,65.0,76.0,83.0,91.0,98.0,87.1666030883789,25.28506088256836,58.0,76.0,87.0,100.0,120.0,101.32927703857422,32.24715805053711,53.0,91.0,111.0,121.0,129.0,37.470550537109375,36.544864654541016,-11.0,16.0,43.0,63.0,79.0,71.70201110839844,153.93524169921875,45.0,78.0,100.0,115.0,127.0,22.006467819213867,19.641714096069336,2.0,14.0,24.0,34.0,43.0
s0122,19.82653045654297,86.76654052734375,-75.5,-28.0,23.0,74.0,115.0,,,,,,,,376.4841613769531,324.9356384277344,34.0,131.0,293.0,566.0,856.5999999999985,,,,,,,,,,,,,,,,,,,,,,,,,,,,,,,,,,,,,,,,,,,,,,,,,,,,,,,,,,,,,,,,,,,,,,,,,,,,,,,,,,,,,,,,,,,
s0123,,,,,,,,,,,,,,,,,,,,,,,,,,,,,92.95172119140625,20.502458572387695,74.0,85.0,95.0,104.0,112.0,-22.133554458618164,255.3507843017578,-216.0,10.0,65.0,95.0,112.0,60.320621490478516,33.8851318359375,16.0,42.0,65.0,81.0,94.0,,,,,,,,100.94389343261719,42.563812255859375,40.0,65.0,110.0,137.0,150.0,113.40097045898438,51.837860107421875,44.0,77.0,119.0,141.0,159.0,61.77714920043945,22.789974212646484,48.0,56.0,63.0,70.0,77.0,75.11441040039062,33.28264236450195,40.0,55.0,72.0,93.0,116.0,205.00367736816406,51.70896911621094,136.0,191.0,215.0,233.0,246.0,-3.0848593711853027,132.43341064453125,-65.0,0.0,30.0,50.0,68.0,156.81936645507812,59.642024993896484,76.0,105.0,167.0,206.0,223.0,10.182560920715332,12.441451072692871,-3.0,3.0,10.0,18.0,25.0
s0124,28.973329544067383,74.63280487060547,3.0,15.0,21.0,28.0,41.0,166.95741271972656,183.15147399902344,-33.0,25.0,138.0,259.0,408.0,258.2303161621094,215.24949645996094,30.0,94.0,212.0,369.0,551.0,272.2532653808594,223.7339630126953,38.0,105.0,220.0,382.0,583.0,126.89556121826172,27.168811798095703,93.0,122.0,133.0,142.0,152.0,-71.06414794921875,306.2077331542969,-637.0,0.0,29.0,76.0,104.0,105.09456634521484,28.829833984375,63.0,95.0,113.0,123.0,130.0,254.04637145996094,185.60813903808594,92.0,122.0,194.0,319.0,517.0,172.69366455078125,70.4739990234375,71.0,114.0,188.0,233.0,252.0,167.024658203125,74.81658172607422,62.0,103.0,182.0,232.0,252.0,81.18687438964844,15.57799243927002,67.0,75.0,82.0,89.0,97.0,97.46427917480469,46.023014068603516,42.0,51.0,102.0,132.0,155.0,287.3280334472656,92.15959167480469,147.0,257.0,328.0,347.0,358.0,35.821048736572266,36.409854888916016,0.0,23.0,41.0,54.0,66.0,162.91183471679688,63.9652099609375,93.0,125.0,159.0,186.0,266.0,16.699670791625977,18.322185516357422,3.0,7.0,12.0,24.0,41.0
s0128,,,,,,,,,,,,,,,,,,,,,,,,,,,,,38.424774169921875,70.52332305908203,-49.599999999999454,-7.0,38.0,84.0,128.0,58.47856903076172,93.48673248291016,-50.0,2.0,60.0,119.0,172.0,,,,,,,,,,,,,,,,,,,,,,,,,,,,,34.93777084350586,73.69789123535156,-57.0,-13.0,34.0,83.0,129.0,28.561708450317383,57.83502960205078,-44.0,-5.75,30.0,65.0,99.0,26.055856704711914,54.0288200378418,-35.0,-4.0,27.0,59.0,90.0,-25.137767791748047,179.60977172851562,-114.39999999999998,-34.0,10.0,55.0,99.0,29.90188980102539,47.909847259521484,-30.0,0.0,31.0,61.0,88.0,,,,,,,
s0129,,,,,,,,326.1753234863281,295.1499938964844,43.0,127.0,247.0,432.0,765.0,,,,,,,,,,,,,,,,,,,,,,-548.78173828125,450.4725341796875,-983.0,-956.0,-846.0,-18.0,40.0,39.46807861328125,41.73809814453125,-12.0,12.0,39.0,66.0,93.0,377.6495666503906,336.6710510253906,76.0,144.0,257.0,507.0,913.0,,,,,,,,,,,,,,,36.51103591918945,155.37869262695312,-4.0,27.0,56.0,85.0,113.0,37.73769760131836,48.2370491027832,-23.0,6.0,38.0,69.0,99.0,85.23919677734375,165.54237365722656,-11.0,19.0,54.0,91.0,155.0,,,,,,,,,,,,,,,,,,,,,
s0130,,,,,,,,,,,,,,,,,,,,,,,,,,,,,,,,,,,,,,,,,,,,,,,,,,,,,,,,,,,,,,,,,,,,,,,,,,,,,,,,,,,,,,,,,,,,40.63325119018555,73.58502197265625,-55.0,-7.0,42.0,90.0,132.0,,,,,,,,,,,,,,
s0131,11.76202392578125,26.032936096191406,-17.0,3.0,17.0,28.0,36.0,215.58580017089844,173.66612243652344,25.0,98.0,181.0,300.0,450.0,362.9837646484375,245.74053955078125,111.0,180.0,297.0,490.0,730.0,356.0236511230469,239.74383544921875,115.0,178.0,291.0,479.0,709.0,33.878318786621094,15.701329231262207,15.0,25.0,35.0,44.0,52.0,-111.8341293334961,321.4331970214844,-885.0,-8.0,23.0,38.0,49.0,38.90995788574219,15.308250427246094,20.0,30.0,40.0,49.0,57.0,357.89959716796875,228.25750732421875,159.0,198.0,276.0,448.0,696.0,23.138500213623047,17.139062881469727,2.0,13.0,24.0,34.0,43.0,19.21572494506836,17.003923416137695,-1.0,9.0,20.0,30.0,39.0,55.086273193359375,16.93334197998047,34.0,46.0,56.0,66.0,75.0,39.48666000366211,15.263642311096191,20.0,30.0,40.0,50.0,58.0,39.8661994934082,17.318737030029297,18.0,29.0,40.0,51.0,61.0,,,,,,,,,,,,,,,9.723523139953613,15.29910659790039,-9.0,0.0,9.0,19.0,29.0
s0132,,,,,,,,,,,,,,,,,,,,,,,,,,,,,49.19086837768555,59.72517776489258,-27.0,9.0,50.0,89.0,125.0,-93.82256317138672,292.86456298828125,-634.0,-62.0,-1.0,47.0,89.0,24.864276885986328,65.47772216796875,-60.0,-19.0,26.0,70.0,108.0,,,,,,,,,,,,,,,,,,,,,,63.10807418823242,63.925289154052734,-16.0,22.0,64.0,105.0,143.0,42.4449348449707,65.15473937988281,-39.0,0.0,42.0,85.0,126.0,42.525386810302734,63.009117126464844,-37.0,1.0,42.0,84.0,123.0,29.646751403808594,67.24091339111328,-54.0,-13.0,30.0,76.0,113.0,,,,,,,,,,,,,,
s0133,55.11782455444336,102.25579071044922,-49.0,0.0,49.0,98.0,148.39999999999964,242.0549774169922,283.6554870605469,-33.0,44.0,160.0,366.0,668.0,371.458984375,366.9280700683594,13.0,106.0,249.0,567.0,969.0,370.036376953125,367.0177917480469,16.0,104.0,246.0,564.0,965.0,67.97080993652344,49.22243118286133,4.0,36.0,69.0,101.0,130.0,-47.04499435424805,271.3388671875,-125.0,-20.0,26.0,70.0,110.0,27.6695499420166,64.41603088378906,-56.0,-13.0,30.0,71.0,108.0,371.1445007324219,336.8443908691406,50.0,130.0,267.0,522.0,898.0,98.45693969726562,61.91277313232422,19.0,58.0,100.0,140.0,176.0,95.40196228027344,63.39192199707031,14.0,54.0,97.0,138.0,175.0,76.23956298828125,47.79648971557617,16.0,45.0,76.0,108.0,137.0,76.33403778076172,54.42437744140625,5.0,40.0,79.0,114.0,143.0,85.98091888427734,85.49585723876953,13.0,48.0,83.0,117.0,150.0,-23.1126766204834,218.1195068359375,-82.59999999999997,-9.0,29.0,63.0,94.0,91.97178649902344,36.82821273803711,45.0,69.0,94.0,117.0,138.0,29.61117935180664,53.07141876220703,-37.0,-5.0,30.0,65.0,97.0
s0135,,,,,,,,,,,,,,,,,,,,,,,,,,,,,80.37728881835938,51.84275436401367,14.0,47.0,81.0,115.0,145.0,-66.0669937133789,272.46832275390625,-413.0,-35.0,20.0,63.0,99.0,49.78794860839844,58.13956832885742,-24.0,12.0,51.0,88.0,123.0,233.3428955078125,189.2726593017578,48.0,109.0,193.0,303.0,470.0,125.68052673339844,57.98931884765625,53.0,90.0,128.0,164.0,197.0,127.7491455078125,58.4184455871582,53.0,93.0,131.0,166.0,199.0,86.86775970458984,50.74015426635742,23.0,54.0,87.0,120.0,150.0,96.43084716796875,55.339054107666016,25.0,61.0,97.0,134.0,166.0,113.98186492919922,114.49691009521484,28.0,66.0,106.0,145.0,182.0,-82.49034118652344,243.21762084960938,-457.5,-88.0,0.0,51.25,95.5,98.75910186767578,56.97352981567383,33.0,67.0,102.0,135.0,163.0,14.138284683227539,50.13661193847656,-50.0,-18.0,14.0,46.0,79.0
s0136,,,,,,,,,,,,,,,,,,,,,,,,,,,,,,,,,,,,,,,,,,,,,,,,,,,,,,,,,,,,,,,,,,,,,,,,,,,,,,,,,,,,,,,,,,,,23.115692138671875,87.30976104736328,-66.0,-19.0,29.0,75.0,117.0,,,,,,,,,,,,,,
s0137,11.086936950683594,28.11026382446289,-14.0,-2.0,10.0,25.0,43.0,159.12332153320312,139.16799926757812,3.0,58.0,139.0,226.0,336.0,321.2130432128906,229.96543884277344,94.0,157.0,259.0,428.0,653.0,329.31402587890625,235.1602020263672,98.0,163.0,264.0,437.0,670.0,108.16357421875,24.29682159423828,86.0,105.0,113.0,121.0,128.0,-128.291259765625,341.46771240234375,-968.0,-11.0,4.0,40.0,68.0,75.24263000488281,27.328880310058594,39.0,64.0,79.0,91.0,102.0,254.3478240966797,185.52378845214844,75.0,118.0,206.0,331.0,515.0,142.7824249267578,34.95960235595703,93.0,130.0,152.0,165.0,176.0,136.69667053222656,37.828617095947266,81.0,121.0,148.0,162.0,172.0,112.03872680664062,20.24696159362793,96.0,106.0,114.0,121.0,129.0,107.87380981445312,31.00644302368164,79.0,87.0,97.0,125.0,161.0,142.1413116455078,71.05679321289062,83.0,131.0,145.0,153.0,160.0,27.0250244140625,87.02134704589844,3.0,29.0,46.0,57.0,66.0,127.31342315673828,34.190269470214844,87.0,111.0,137.0,151.0,159.0,18.91478729248047,12.809303283691406,6.0,11.0,17.0,24.0,35.0
s0138,,,,,,,,,,,,,,,,,,,,,,,,,,,,,48.394287109375,89.55529022216797,-66.0,-11.0,48.0,108.0,163.0,-13.442131042480469,188.1294403076172,-134.0,-52.0,16.0,81.0,137.0,-1.5409506559371948,95.42212677001953,-124.0,-65.0,-1.0,61.0,120.0,,,,,,,,73.3966293334961,100.7673568725586,-52.0,7.0,72.0,141.0,201.0,69.37882995605469,97.356201171875,-54.0,3.0,70.0,135.0,194.0,51.3485107421875,80.3683853149414,-50.0,-1.0,51.0,104.0,153.0,145.65589904785156,134.59286499023438,-18.0,45.0,133.0,238.0,330.0,250.5028533935547,91.39892578125,139.0,207.0,259.0,304.0,344.0,23.129802703857422,99.26567077636719,-63.0,-16.0,28.0,75.0,118.0,241.29603576660156,129.88796997070312,62.0,142.0,255.0,337.0,401.0,30.040817260742188,81.00301361083984,-70.0,-21.0,30.0,79.25,134.0
s0139,2.8030335903167725,36.570560455322266,-42.0,-20.0,2.0,26.0,48.0,225.48654174804688,210.74880981445312,13.0,80.0,174.0,320.0,508.0,354.4546203613281,307.1164855957031,81.0,152.0,253.0,460.0,814.0,375.34295654296875,330.4799499511719,80.0,154.0,262.0,497.0,887.0,114.76556396484375,34.56562805175781,71.0,92.0,115.0,138.0,158.0,-50.76301574707031,269.7668762207031,-317.0,-17.0,24.0,71.0,108.0,100.70804595947266,37.37771987915039,53.0,76.0,101.0,125.0,148.0,400.5658264160156,306.804443359375,153.0,209.0,284.0,486.0,879.0,142.2681884765625,41.36848068237305,88.0,118.0,146.0,171.0,191.0,138.10308837890625,47.46295166015625,77.0,111.0,142.0,170.0,194.0,116.59573364257812,33.19923400878906,74.0,95.0,117.0,139.0,158.0,101.55609130859375,38.42766571044922,52.0,75.0,101.0,128.0,151.0,140.8375701904297,44.915775299072266,90.0,117.0,144.0,169.0,191.0,49.17445755004883,35.19258499145508,10.0,26.0,46.0,66.0,92.0,130.36212158203125,36.962364196777344,87.0,112.0,134.0,154.0,170.0,24.512710571289062,31.127735137939453,-12.0,3.0,23.0,43.0,64.0
s0140,,,,,,,,,,,,,,,,,,,,,,,,,,,,,,,,,,,,,,,,,,,,,,,,,,,,,,,,,,,,,,,,,,,,,,,,,,,,,,,,,,,,,,,,,,,,10.378776550292969,151.89356994628906,-139.4,-45.0,33.0,94.0,164.0,,,,,,,,,,,,,,
s0141,17.496610641479492,20.207395553588867,2.0,10.0,18.0,27.0,35.0,154.34388732910156,97.39653778076172,60.0,87.0,132.0,197.0,276.0,262.27728271484375,157.6725616455078,106.0,149.0,225.0,334.0,474.0,262.2312927246094,164.6122283935547,102.0,144.0,223.0,334.0,474.0,110.84446716308594,20.83513641357422,87.0,109.0,117.0,122.0,126.0,-8.247934341430664,192.9213104248047,-36.0,19.0,39.0,56.0,72.0,90.79218292236328,17.295616149902344,72.0,86.0,93.0,99.0,107.0,228.62930297851562,129.4580078125,107.0,138.0,197.0,278.0,389.0,148.96981811523438,36.288761138916016,92.0,135.0,164.0,173.0,180.0,131.17471313476562,48.38899612426758,51.0,104.0,154.0,166.0,173.0,105.81936645507812,17.790447235107422,88.0,97.0,109.0,116.0,122.0,91.15095520019531,21.78851890563965,67.0,81.0,90.0,104.0,117.0,175.9353485107422,42.880821228027344,110.0,160.0,193.0,206.0,214.0,-3.5255448818206787,99.26966094970703,-80.0,-10.0,22.0,42.0,58.0,163.20802307128906,77.791748046875,67.0,96.0,171.0,229.0,257.0,19.12074089050293,11.448456764221191,11.0,15.0,18.0,22.0,32.0
s0143,3.5746395587921143,28.660547256469727,-22.0,-9.0,4.0,19.0,33.0,222.3144989013672,158.55540466308594,40.0,110.0,198.0,306.0,427.0,345.2427673339844,221.01304626464844,125.0,184.0,285.0,453.0,670.0,366.2389831542969,232.19790649414062,137.0,198.0,301.0,480.0,711.0,42.74161911010742,11.925178527832031,28.0,36.0,43.0,50.0,57.0,-37.51601028442383,209.3097686767578,-127.0,4.0,26.0,40.0,49.0,48.63922119140625,11.114485740661621,35.0,42.0,49.0,56.0,62.0,359.3797302246094,219.5359649658203,158.0,201.0,287.0,453.0,686.0,22.73019790649414,13.453150749206543,8.0,16.0,24.0,31.0,37.0,20.93768310546875,16.637208938598633,5.0,14.0,22.0,30.0,38.0,58.773189544677734,14.207582473754883,44.0,52.0,60.0,67.0,73.0,43.44437026977539,19.801387786865234,27.0,36.0,45.0,54.0,61.0,40.50022888183594,16.832115173339844,20.0,31.0,42.0,51.0,60.0,-5.03951358795166,45.59296798706055,-54.3,-27.0,0.0,21.0,43.30000000000007,64.2805404663086,16.130884170532227,52.0,57.0,63.0,70.0,75.0,27.3256893157959,12.557621955871582,13.0,19.0,27.0,35.0,43.0
s0145,2.3039979934692383,42.274967193603516,-65.0,-22.0,14.0,33.0,46.0,241.3955535888672,183.4770965576172,57.0,115.0,197.0,322.0,490.0,346.8893737792969,218.1405792236328,116.0,183.0,293.0,466.0,665.0,356.2987976074219,223.5832977294922,117.0,188.0,302.0,479.0,686.0,49.031288146972656,27.738826751708984,14.0,33.0,51.0,68.0,82.0,-18.34290313720703,130.96749877929688,-48.0,-16.0,5.0,24.0,41.0,32.795745849609375,30.112773895263672,-6.0,15.0,36.0,53.0,68.0,318.4664306640625,197.58750915527344,136.20000000000027,174.0,258.0,401.0,605.0,55.096309661865234,31.992202758789062,12.0,35.0,58.0,77.0,93.0,46.35228729248047,34.893680572509766,-1.0,23.0,50.0,71.0,89.0,26.36651039123535,22.29304313659668,0.0,12.0,27.0,41.0,54.0,45.54505157470703,30.925214767456055,10.0,26.0,43.0,62.0,86.0,205.3610382080078,45.04285430908203,145.0,196.0,217.0,230.0,241.0,1.0604442358016968,101.09847259521484,-49.5,-6.0,22.0,43.0,62.0,169.400634765625,90.20640563964844,54.0,100.0,193.0,231.0,269.0,-5.017516136169434,23.60957145690918,-34.0,-18.0,-3.0,10.0,23.0
s0146,,,,,,,,,,,,,,,,,,,,,,,,,,,,,55.14950942993164,36.22161102294922,20.0,41.0,55.0,67.0,80.0,-21.5830078125,142.8803253173828,-22.0,-10.0,0.0,10.0,27.0,,,,,,,,,,,,,,,,,,,,,,,,,,,,,54.30752944946289,23.784265518188477,35.0,45.0,53.0,62.0,70.0,68.97130584716797,39.59999084472656,24.0,41.0,63.0,94.0,120.0,182.1857452392578,81.91413116455078,102.0,165.0,187.0,204.0,219.0,-10.34749698638916,125.38606262207031,-52.0,-12.0,15.0,35.0,52.0,152.72259521484375,75.93243408203125,54.0,80.0,178.0,211.0,238.0,,,,,,,
s0147,9.49930477142334,20.37425422668457,-4.0,6.0,11.0,17.0,24.0,195.7750701904297,145.4320068359375,30.0,87.0,176.0,275.0,385.0,297.9615173339844,195.41859436035156,93.0,158.0,253.0,398.0,564.0,283.4292297363281,187.8581085205078,87.0,152.0,242.0,373.0,532.0,86.8790054321289,16.10394859313965,72.0,84.0,90.0,95.0,101.0,-94.96424865722656,308.3005065917969,-721.0,2.0,22.0,44.0,59.0,64.54808807373047,17.76250648498535,42.0,59.0,68.0,74.0,81.0,244.8215789794922,147.7900848388672,123.0,147.0,202.0,290.0,422.0,103.85334014892578,26.98523712158203,63.0,96.0,113.0,121.0,127.0,99.57362365722656,28.502017974853516,53.0,88.0,110.0,119.0,125.0,91.21627044677734,14.882070541381836,81.0,88.0,93.0,98.0,103.0,82.44050598144531,20.55113983154297,60.0,71.0,81.0,94.0,111.0,96.09153747558594,24.312232971191406,63.0,91.0,103.0,109.0,115.0,-4.057923316955566,111.75092315673828,-99.39999999999998,-4.0,30.0,47.0,65.0,74.17015838623047,108.49542236328125,61.0,72.0,84.0,102.0,112.0,37.47290802001953,24.639619827270508,5.0,21.0,38.0,56.0,69.0
s0149,,,,,,,,,,,,,,,,,,,,,,,,,,,,,,,,,,,,,,,,,,,,,,,,,,,,,,,,,,,,,,,,,,,,,,,,,,,,,,,,,,,,,,,,,,,,24.792396545410156,40.38719940185547,-19.80000000000001,5.0,26.0,46.0,70.0,,,,,,,,,,,,,,
s0150,9.704988479614258,38.68283462524414,-45.0,-9.0,15.0,35.0,53.0,124.63967895507812,160.9775390625,-51.0,2.0,99.0,211.0,332.0,259.9659423828125,233.58908081054688,27.0,92.0,197.0,374.0,585.0,256.1663513183594,231.7044219970703,25.0,89.0,196.0,367.0,576.0,115.87144470214844,29.81734275817871,83.0,104.0,120.0,134.0,146.0,-215.72836303710938,451.8632507324219,-983.0,-709.0,55.0,106.0,130.0,64.21072387695312,39.76512908935547,11.0,42.0,68.0,91.0,110.0,229.6497344970703,168.6245574951172,60.80000000000018,114.0,195.0,301.0,434.0,139.86175537109375,57.33451843261719,61.0,97.0,151.0,185.0,207.0,133.5384979248047,63.94898223876953,47.0,86.0,140.0,187.0,212.0,122.53840637207031,33.15168380737305,85.0,106.0,125.0,142.0,159.0,113.7235107421875,51.47321701049805,55.0,77.0,105.0,145.0,194.0,137.1053924560547,56.59004211425781,73.0,117.0,143.0,162.0,178.0,-6.670452117919922,130.92994689941406,-42.0,-2.0,22.0,41.0,60.0,135.101806640625,47.344478607177734,76.0,108.0,142.0,169.0,188.0,18.217384338378906,28.10204315185547,-15.0,0.0,16.0,35.0,54.0
s0151,0.12822800874710083,30.564727783203125,-23.0,-12.0,-1.0,11.0,26.0,176.23934936523438,188.23631286621094,-4.0,46.0,139.0,246.0,393.0,296.9699401855469,249.37425231933594,57.0,118.0,228.0,408.0,642.0,311.32049560546875,253.5557861328125,68.0,128.0,238.0,425.0,665.0,39.11774444580078,18.264692306518555,21.0,33.0,41.0,49.0,56.0,-291.0827941894531,425.2557067871094,-978.0,-818.0,-4.0,25.0,38.0,30.80206298828125,18.965801239013672,5.0,22.0,34.0,43.0,51.0,307.9173889160156,242.7148895263672,99.0,142.0,223.0,394.0,651.0,19.891965866088867,15.522144317626953,0.0,12.0,22.0,30.0,37.0,19.14659881591797,16.447885513305664,-1.0,11.0,21.0,30.0,37.0,58.58744430541992,18.921070098876953,41.0,51.0,59.0,67.0,74.0,36.407470703125,15.60733413696289,17.0,28.0,37.0,46.0,54.70000000000073,63.48030471801758,117.09270477294922,15.0,27.0,39.0,52.0,80.5,,,,,,,,,,,,,,,3.3523452281951904,13.8735933303833,-12.0,-3.0,4.0,12.0,19.0
s0152,,,,,,,,,,,,,,,,,,,,,,,,,,,,,,,,,,,,,,,,,,,,,,,,,,,,,,,,,,,,,,,,,,,,,,,,,,,,,,,,,,,,,286.8298034667969,117.79644012451172,192.0,239.0,275.0,310.0,360.0,-26.765275955200195,202.0948944091797,-175.0,-16.0,29.0,65.0,93.0,,,,,,,,,,,,,,
s0153,-5.341538906097412,16.425933837890625,-22.0,-13.0,-4.0,3.0,10.0,257.1775207519531,191.6932830810547,51.0,123.0,217.0,345.0,515.0,379.15289306640625,227.2456512451172,133.0,207.0,328.0,505.0,713.0,387.21807861328125,232.48121643066406,140.0,214.0,333.0,513.0,730.0,76.20183563232422,16.49203109741211,60.0,71.0,79.0,86.0,92.0,-38.56780242919922,226.19613647460938,-76.0,-8.0,18.0,54.0,69.0,70.24880981445312,17.314067840576172,50.0,62.0,72.0,81.0,89.0,381.3312683105469,229.6656494140625,170.0,211.0,306.0,480.0,729.0,101.99229431152344,25.30426597595215,69.0,92.0,106.0,117.0,128.0,97.07147216796875,25.667341232299805,62.0,89.0,102.0,112.0,122.0,49.288055419921875,17.111488342285156,31.0,40.0,48.0,58.0,68.0,85.38720703125,20.267065048217773,64.0,74.0,85.0,97.0,109.0,97.43408966064453,28.27239990234375,58.0,88.0,104.0,114.0,123.0,-107.41976165771484,261.0697937011719,-540.5999999999999,-124.5,9.0,43.0,65.0,75.6282730102539,160.7888946533203,58.0,78.0,98.0,115.0,127.0,10.32508373260498,13.329377174377441,-3.0,3.0,10.0,18.0,26.0
s0154,,,,,,,,,,,,,,,,,,,,,,,,,,,,,,,,,,,,,,,,,,,,,,,,,,,,,,,,,,,,,,,,,,,,,,,,,,,,,,,,,,,,,56.267757415771484,100.19664001464844,-70.0,-8.0,57.0,122.0,182.0,40.43193435668945,95.4348373413086,-72.0,-17.0,40.0,101.0,158.30000000000018,,,,,,,,,,,,,,
s0156,,,,,,,,,,,,,,,,,,,,,,,,,,,,,34.977169036865234,46.99872589111328,-23.0,4.0,34.0,65.0,95.0,-1.6195508241653442,133.7414093017578,-58.0,-22.0,13.0,50.0,85.0,61.55543899536133,57.7807502746582,-12.0,23.0,62.0,101.0,135.0,,,,,,,,56.828765869140625,58.62501525878906,-17.0,18.0,57.0,96.0,131.0,52.28911590576172,58.6644287109375,-22.0,13.0,52.0,92.0,128.0,71.08771514892578,50.1986198425293,8.0,38.0,70.0,103.0,135.0,84.72527313232422,48.878257751464844,24.0,52.0,84.0,116.0,148.0,93.3897705078125,52.63639450073242,26.0,60.0,94.0,127.0,158.0,28.33509063720703,54.65452575683594,-31.0,0.0,30.0,60.0,90.0,80.18672180175781,55.456504821777344,19.0,51.0,84.0,115.0,141.0,,,,,,,
s0157,-5.682538986206055,73.14396667480469,-98.0,-53.0,-5.0,42.0,86.0,169.92005920410156,224.81478881835938,-48.0,29.0,124.0,250.0,437.0,311.63250732421875,328.9745788574219,-1.0,87.0,214.0,444.0,817.0,296.24945068359375,327.6383056640625,-6.0,76.0,195.0,416.0,791.0,99.05321502685547,97.51524353027344,-24.0,35.0,99.0,162.0,222.0,-58.148048400878906,310.4158935546875,-646.8000000000002,-53.0,35.0,105.0,166.90000000000146,66.4061508178711,94.98820495605469,-55.0,5.0,69.0,130.0,186.0,335.6557922363281,315.00457763671875,41.0,127.0,245.0,443.0,816.0,123.450439453125,89.90292358398438,8.0,65.0,126.0,184.0,236.0,112.92730712890625,96.28337860107422,-10.0,50.25,115.0,177.0,233.0,104.91210174560547,84.17655181884766,0.0,50.0,105.0,160.0,210.0,100.63615417480469,93.7267074584961,-17.0,37.0,100.0,163.0,221.0,156.30804443359375,133.50086975097656,23.0,84.0,148.0,212.0,276.0,44.34748458862305,162.02130126953125,-71.0,3.0,64.0,123.0,180.0,127.15978240966797,94.92931365966797,5.0,65.0,129.0,191.0,246.0,17.725879669189453,76.77893829345703,-80.0,-34.0,17.0,69.0,115.0
s0158,-4.431944847106934,54.241641998291016,-73.0,-38.0,-3.0,30.0,62.0,219.07591247558594,213.56906127929688,-25.0,65.0,184.0,340.0,524.0,357.0621643066406,304.4541015625,50.0,134.25,261.0,522.0,855.0,369.2455749511719,307.2210998535156,52.0,142.0,279.0,539.0,863.0,78.17496490478516,56.448974609375,6.0,41.0,79.0,116.0,149.0,-96.63277435302734,347.1282958984375,-911.0,-31.0,37.0,85.0,124.0,69.72892761230469,71.11332702636719,-20.0,23.0,70.0,117.0,160.0,309.811279296875,226.1591796875,88.0,162.0,257.0,393.0,616.0,106.30522918701172,65.3170166015625,23.0,64.0,108.0,150.0,188.0,98.89137268066406,68.30162048339844,12.0,56.0,101.0,144.0,184.0,83.63782501220703,59.61795425415039,9.0,45.0,84.0,122.0,158.0,75.3956527709961,70.08605194091797,-14.0,31.0,77.0,122.0,161.0,83.60688018798828,66.0482177734375,2.0,42.0,84.0,125.0,165.0,-64.60820770263672,223.2477264404297,-192.0,-60.0,-5.0,39.0,75.0,88.39852905273438,51.77890396118164,23.400000000000546,56.0,90.0,123.0,152.0,15.376799583435059,63.481807708740234,-64.0,-27.0,14.0,58.0,97.0
s0160,,,,,,,,,,,,,,,,,,,,,,,,,,,,,29.636564254760742,93.52105712890625,-88.0,-31.0,29.0,91.0,147.0,-127.97076416015625,390.78167724609375,-949.0,-98.0,25.0,104.0,169.0,33.25313186645508,95.1744155883789,-86.0,-29.0,34.0,96.0,154.0,,,,,,,,,,,,,,,34.60669708251953,105.44451141357422,-99.0,-35.0,33.0,105.0,170.0,50.153289794921875,87.49092102050781,-59.0,-6.0,50.0,107.0,160.0,31.275266647338867,83.47737121582031,-73.0,-21.0,31.0,83.0,135.0,30.340883255004883,86.60112762451172,-73.0,-22.0,30.0,83.0,135.0,16.30490493774414,81.40857696533203,-84.0,-34.0,18.0,67.0,117.0,35.22990798950195,67.43811798095703,-43.0,-4.0,36.0,77.0,114.0,,,,,,,
s0161,14.42229175567627,29.050382614135742,-12.0,0.0,12.0,30.0,45.0,243.0508575439453,209.7543182373047,8.0,93.0,209.0,346.0,513.0,393.1345520019531,254.42909240722656,124.0,199.0,332.0,538.0,770.0,395.1862487792969,253.3761444091797,123.0,203.0,335.0,543.0,768.0,79.2221908569336,19.09316635131836,59.0,75.0,83.0,90.0,96.0,-127.73306274414062,342.4512634277344,-953.0,-7.0,11.0,47.0,72.0,79.89282989501953,16.263221740722656,61.0,72.0,81.0,89.0,98.0,377.48388671875,233.13449096679688,164.0,204.0,307.0,468.0,715.0,104.96117401123047,26.476972579956055,67.0,96.0,112.0,122.0,130.0,99.0531234741211,30.065004348754883,53.0,88.0,108.0,119.0,127.0,94.51154327392578,13.835196495056152,80.0,88.0,96.0,103.0,109.0,96.4195556640625,24.4111270904541,71.90000000000009,82.0,95.0,110.0,125.0,101.64838409423828,26.772899627685547,66.0,93.0,109.0,118.0,126.0,-5.931050777435303,85.64550018310547,-117.0,-26.0,19.0,40.0,67.0,85.02721405029297,120.31475067138672,57.0,84.0,102.0,117.0,128.0,24.37898063659668,21.738719940185547,5.0,12.0,22.0,35.0,51.0
s0162,,,,,,,,,,,,,,,,,,,,,,,,,,,,,36.214752197265625,19.602609634399414,12.0,26.0,38.0,49.0,59.0,49.59794998168945,298.2775573730469,-1.0,113.0,142.0,158.0,170.0,,,,,,,,,,,,,,,,,,,,,,,,,,,,,24.209592819213867,19.18616485595703,2.0,13.0,25.0,36.0,46.0,34.95448303222656,25.156343460083008,6.0,25.0,39.0,50.0,60.0,153.50689697265625,48.756282806396484,89.0,139.0,169.0,184.0,192.0,-22.94236183166504,174.3748779296875,-77.0,-20.0,15.0,42.0,73.0,87.35942077636719,53.05805587768555,26.0,52.0,83.0,122.0,153.0,,,,,,,
s0163,8.964816093444824,32.55360412597656,-17.0,-6.0,5.0,17.0,33.0,144.82203674316406,144.3909149169922,1.0,33.0,116.0,212.0,327.0,315.78839111328125,248.5397491455078,72.0,139.0,242.0,421.0,679.0,302.54852294921875,244.58245849609375,65.0,125.0,229.0,410.0,657.0,97.78471374511719,23.517724990844727,75.0,90.0,101.0,112.0,121.0,52.669029235839844,188.83120727539062,-12.0,58.0,107.0,133.0,141.0,77.40953063964844,17.82016372680664,55.0,69.0,80.0,88.0,96.0,350.37335205078125,256.81689453125,105.0,159.0,262.0,467.0,759.0,117.34169006347656,41.56416702270508,60.0,85.0,128.0,151.0,163.0,115.452392578125,42.432762145996094,58.0,82.0,125.0,150.0,164.0,78.63545227050781,14.301440238952637,64.0,73.0,80.0,87.0,93.0,105.38176727294922,27.571758270263672,74.0,90.0,104.0,118.0,138.0,139.36996459960938,43.386417388916016,94.0,110.0,132.0,162.0,203.0,-33.43442916870117,177.67730712890625,-178.0,-5.0,29.0,42.0,50.0,96.75748443603516,27.208599090576172,73.0,85.0,95.0,114.0,130.0,,,,,,,
s0165,,,,,,,,,,,,,,,,,,,,,,,,,,,,,69.81358337402344,60.16249465942383,-6.0,30.0,70.0,110.0,145.0,25.86565589904785,87.1947250366211,-68.0,-19.0,30.0,78.0,122.0,54.704872131347656,75.81552124023438,-41.0,3.0,55.0,105.5,150.0,,,,,,,,,,,,,,,103.27645111083984,72.76156616210938,11.0,55.0,104.0,152.0,195.0,60.84129333496094,64.35150909423828,-19.0,19.0,60.0,102.0,142.0,89.9155044555664,72.52631378173828,-2.0,44.0,92.0,137.0,179.0,89.23336029052734,71.55946350097656,2.0,45.0,90.0,134.0,176.0,27.595060348510742,89.99594116210938,-56.0,-11.0,34.0,77.0,117.0,90.66193389892578,61.29443359375,13.0,51.0,91.0,131.0,168.0,,,,,,,
s0166,16.22286605834961,35.80515670776367,-9.0,2.0,13.0,38.0,51.0,171.46987915039062,189.8107147216797,-26.0,35.0,138.0,255.0,408.0,285.8790588378906,221.08987426757812,67.0,133.0,230.0,386.0,580.0,270.0724792480469,214.5223846435547,57.0,119.0,217.0,368.0,560.0,95.83171081542969,23.570518493652344,68.0,87.0,100.0,110.0,119.0,-363.7218933105469,462.1789855957031,-988.0,-940.0,-103.0,55.75,95.0,64.95094299316406,33.02555465698242,21.0,45.0,68.0,87.0,104.0,331.4051818847656,242.62936401367188,133.0,173.0,252.0,409.0,668.0,124.38593292236328,33.899330139160156,75.0,107.0,133.0,148.0,159.0,116.85163116455078,33.208988189697266,69.0,100.0,125.0,140.0,151.0,105.28169250488281,19.063352584838867,85.0,96.0,106.0,116.0,126.0,103.5022201538086,34.103599548339844,60.0,82.0,104.5,126.0,146.0,136.6343994140625,41.7799186706543,79.0,116.0,144.0,162.0,176.0,52.05783462524414,34.622920989990234,7.0,31.0,54.0,74.25,94.0,130.14817810058594,40.80772018432617,80.0,109.0,140.0,158.0,170.0,19.053361892700195,20.621143341064453,-4.0,6.0,18.0,31.0,46.0
s0167,,,,,,,,,,,,,,,,,,,,,,,,,,,,,,,,,,,,,,,,,,,,,,,,,,,,,,,,,,,,,,,,,,,,,,,,,,,,,,,,,,,,,114.76262664794922,104.7574691772461,-16.0,47.0,113.0,183.0,247.0,64.5755615234375,129.33071899414062,-83.0,-8.0,66.0,147.0,219.20000000000027,,,,,,,,,,,,,,
s0168,15.61214542388916,20.537824630737305,-4.0,8.0,18.0,26.0,35.0,162.97898864746094,149.37985229492188,-3.0,46.0,142.0,244.0,366.0,313.75628662109375,230.12782287597656,75.0,144.0,258.0,429.0,638.0,308.755615234375,235.53607177734375,65.0,135.0,249.0,426.0,646.0,96.61968994140625,21.705976486206055,73.0,89.0,100.0,110.0,118.0,-110.05561828613281,355.1590576171875,-968.0,0.0,50.0,70.0,83.0,79.22909545898438,19.470687866210938,56.0,71.0,82.0,91.0,99.0,247.05392456054688,168.84426879882812,77.0,120.0,207.0,321.0,488.7000000000007,133.4829559326172,29.41307830810547,98.0,123.0,138.0,151.0,165.0,129.76727294921875,29.77478790283203,92.0,119.0,134.0,148.0,161.0,104.21354675292969,17.06420135498047,87.0,97.0,106.0,114.0,122.0,116.67172241210938,17.55450439453125,96.0,108.0,118.0,128.0,137.0,118.37715148925781,25.681169509887695,84.0,111.0,125.0,134.0,141.0,35.34368133544922,29.057714462280273,6.0,23.0,38.0,52.25,67.0,103.35823822021484,34.821266174316406,57.0,89.0,112.0,128.0,137.0,18.815513610839844,13.355741500854492,3.0,10.0,18.0,27.0,36.0
s0169,,,,,,,,,,,,,,,,,,,,,,,,,,,,,,,,,,,,,,,,,,,,,,,,,,,,,,,,,,,,,,,,,,,,,,,,,,,,,,,,,,,,,,,,,,,,-37.81890106201172,187.35150146484375,-229.5,-83.0,-2.0,61.0,120.0,,,,,,,,,,,,,,
s0170,,,,,,,,,,,,,,,,,,,,,,,,,,,,,,,,,,,,,,,,,,,,,,,,,,,,,,,,,,,,,,,,,,,,,,,,,,,,,,,,,,,,,76.07514953613281,46.423343658447266,50.0,67.0,79.0,88.0,97.0,-100.86658477783203,265.72662353515625,-518.0,-93.0,11.0,41.0,63.0,,,,,,,,,,,,,,
s0171,21.368635177612305,17.064239501953125,2.0,11.0,21.0,32.0,43.0,117.16349029541016,154.24591064453125,-49.0,6.0,91.0,190.0,309.0,264.2803955078125,222.35626220703125,24.0,95.0,214.0,386.0,580.0,250.1710205078125,217.6544952392578,17.0,87.0,202.0,362.0,557.0,154.2449188232422,35.838661193847656,108.0,148.0,163.0,175.0,184.0,-128.91708374023438,363.7008056640625,-966.0,-22.0,39.0,72.0,92.0,48.031883239746094,29.945589065551758,9.0,30.0,50.0,68.0,83.0,245.61279296875,207.48304748535156,30.0,90.0,192.0,352.0,556.0,134.4296417236328,56.766197204589844,60.0,87.0,146.0,184.0,200.0,131.12123107910156,57.349124908447266,56.0,84.0,138.0,181.0,201.0,101.06716918945312,21.502485275268555,80.0,93.0,103.0,113.0,121.0,69.6206283569336,23.742237091064453,43.0,56.0,70.0,83.0,95.0,249.2675323486328,136.01663208007812,43.0,174.0,272.0,340.0,359.0,-15.522274017333984,125.83039855957031,-112.09999999999991,-16.0,21.5,40.0,56.0,116.9360580444336,46.25943374633789,68.0,91.0,107.0,144.0,188.0,,,,,,,
s0172,,,,,,,,,,,,,,,,,,,,,,,,,,,,,,,,,,,,,,,,,,,,,,,,,,,,,,,,,,,,,,,,,,,,,,,,,,,,,,,,,,,,,57.10541534423828,25.072416305541992,26.0,41.0,57.0,73.0,88.0,54.08103942871094,176.8728485107422,-44.5,32.0,76.0,130.0,206.0,,,,,,,,,,,,,,
s0174,5.945065021514893,36.41577911376953,-26.0,-15.0,0.0,20.0,49.0,180.5000762939453,174.98692321777344,-6.0,55.0,151.0,259.0,402.0,375.6550598144531,229.6894989013672,129.0,205.0,325.0,507.0,709.0,385.3129577636719,234.11309814453125,136.0,211.0,334.0,520.0,723.0,123.40445709228516,21.598020553588867,101.0,117.0,127.0,136.0,144.0,-52.770896911621094,292.6444396972656,-533.0,3.0,55.0,87.0,105.0,101.01535034179688,19.8659610748291,78.0,91.0,102.0,113.0,123.0,347.2489318847656,223.76588439941406,141.0,188.0,283.0,425.0,656.0,123.28145599365234,48.71720504760742,57.0,81.0,134.0,164.0,180.0,118.28338623046875,46.39240264892578,54.0,78.0,127.0,157.0,173.0,109.83600616455078,19.16889190673828,89.0,101.0,111.0,120.0,130.0,120.0042953491211,30.731895446777344,88.0,101.0,116.0,134.0,160.0,149.9476776123047,36.03680419921875,98.0,134.0,158.0,172.0,184.0,32.054874420166016,74.92003631591797,-44.0,14.0,47.0,73.0,98.0,126.31612396240234,57.011932373046875,81.0,105.0,133.0,159.0,176.0,29.510757446289062,22.985822677612305,3.0,15.0,29.0,43.0,59.0
s0175,,,,,,,,,,,,,,,,,,,,,,,,,,,,,47.50612258911133,73.59558868408203,-45.0,0.0,45.0,95.25,146.0,,,,,,,,,,,,,,,,,,,,,,,,,,,,,,,,,,,,38.29885482788086,68.12621307373047,-47.0,-6.0,38.0,83.0,125.0,45.92214584350586,76.72283172607422,-52.0,-4.0,46.0,96.0,141.0,193.2911376953125,108.88082885742188,51.0,127.0,200.0,265.0,324.0,-1.3539185523986816,148.82162475585938,-123.0,-55.0,12.0,77.0,137.0,117.16535949707031,120.28225708007812,-32.0,35.0,114.0,198.0,273.0,,,,,,,
s0178,12.20315933227539,32.02173614501953,-39.0,8.0,21.0,30.0,39.0,165.95269775390625,176.2009735107422,-26.0,37.0,136.0,248.0,395.0,294.0654602050781,255.4703826904297,46.0,112.0,213.0,422.0,671.0,290.05035400390625,252.906982421875,40.0,110.0,213.0,418.0,659.0,90.60124969482422,21.386323928833008,71.0,85.0,94.0,103.0,110.0,-89.11516571044922,309.146728515625,-711.0,0.0,30.0,51.0,66.0,71.60343933105469,20.05743980407715,48.0,63.0,74.0,84.0,93.0,291.6248779296875,217.66502380371094,115.0,153.0,215.0,342.0,606.0,119.00198364257812,28.979530334472656,82.0,112.0,125.0,136.0,146.0,115.95487213134766,30.85832977294922,73.0,108.0,124.0,135.0,144.0,95.59166717529297,17.39090347290039,78.0,88.0,97.0,106.0,113.0,98.1562728881836,22.155595779418945,73.0,87.0,99.0,112.0,125.0,105.98017120361328,32.012969970703125,60.0,99.0,116.0,126.0,133.0,-12.692279815673828,152.7607879638672,-68.59999999999997,0.0,32.0,49.0,59.0,94.90255737304688,33.660919189453125,49.0,80.0,102.0,120.0,129.0,19.483449935913086,16.584474563598633,0.0,9.0,18.0,30.0,42.0
s0179,28.11044692993164,60.56156539916992,-41.0,-5.0,30.0,64.0,94.0,236.2392578125,233.37538146972656,2.0,72.0,177.0,347.0,571.0,417.3638916015625,366.1258239746094,48.0,150.0,309.0,616.0,978.0,422.0837707519531,373.83782958984375,48.0,151.0,313.0,618.0,1000.0,51.864383697509766,57.80043411254883,-22.0,13.0,52.0,91.0,126.0,-131.2768096923828,354.22119140625,-927.0,-60.0,11.0,62.0,102.0,39.7650146484375,60.64133834838867,-38.0,0.0,40.0,81.0,117.0,390.74859619140625,328.9845275878906,86.0,175.0,296.0,503.0,892.8000000000011,34.99761962890625,84.93787384033203,-46.0,-8.0,32.0,73.0,112.0,32.85013198852539,62.786685943603516,-47.0,-8.0,33.0,75.0,113.0,56.97249221801758,58.676063537597656,-18.0,17.0,57.0,96.0,132.0,38.64689636230469,62.75520706176758,-42.0,-3.0,39.0,82.0,119.0,44.88880920410156,61.59789276123047,-35.0,3.0,45.0,86.0,125.0,,,,,,,,,,,,,,,,,,,,,
s0181,,,,,,,,,,,,,,,,,,,,,,,,,,,,,,,,,,,,,,,,,,,,,,,,,,,,,,,,,,,,,,,,,,,,,,,,,,,,,,,,,,,,,49.893798828125,46.2447624206543,22.0,35.0,47.0,59.0,70.0,-254.58145141601562,362.4667053222656,-860.0,-570.0,-44.0,26.0,56.0,,,,,,,,,,,,,,
s0182,7.587040424346924,83.22944641113281,-99.0,-47.0,8.0,63.0,113.0,296.5195617675781,287.71429443359375,14.0,113.0,236.0,400.0,660.0,450.2463073730469,398.53045654296875,64.0,179.0,326.0,634.5,1093.0,441.60003662109375,403.77471923828125,55.0,169.0,315.0,619.0,1094.0,83.40977478027344,83.64085388183594,-23.0,28.0,83.0,139.0,190.0,30.95604705810547,187.09996032714844,-84.0,-7.0,59.0,123.0,181.0,74.94857788085938,97.04367065429688,-49.0,10.0,75.0,140.0,199.0,480.8221740722656,368.5803527832031,152.0,248.0,369.0,577.0,1060.0,126.3424072265625,98.56999206542969,0.0,60.0,128.0,193.0,253.0,117.78460693359375,99.17250061035156,-10.0,52.0,119.0,186.0,243.0,97.14788055419922,85.56356048583984,-11.0,40.0,97.0,154.0,207.0,99.9030990600586,87.64073944091797,-14.0,44.0,104.0,159.0,208.0,119.52872467041016,127.6919937133789,-1.0,54.0,113.0,173.0,235.0,-25.43232536315918,239.01641845703125,-144.0,-30.0,30.0,85.0,135.0,102.29225158691406,77.16082763671875,6.0,53.0,104.0,153.0,198.0,20.410980224609375,88.7315444946289,-94.0,-41.0,19.0,78.0,135.0
s0183,8.694488525390625,35.50029754638672,-30.0,0.0,13.0,24.0,35.0,133.74468994140625,146.8965301513672,-9.0,27.0,99.0,200.0,323.0,265.4090576171875,251.7599334716797,28.0,86.0,190.0,371.0,615.0,268.7379150390625,254.08152770996094,28.0,88.0,192.0,371.0,623.0,83.80108642578125,24.59268569946289,59.0,76.0,88.0,98.0,108.0,24.214357376098633,204.79566955566406,2.0,51.0,73.0,88.0,103.0,64.35224151611328,29.403165817260742,26.0,49.0,68.0,84.0,96.0,232.00559997558594,194.57174682617188,41.0,81.0,181.0,330.0,493.0,113.40218353271484,38.08656311035156,58.0,89.0,123.0,141.0,154.0,110.30229949951172,38.95054626464844,54.0,85.0,121.0,140.0,152.0,48.65108108520508,19.785429000854492,27.0,38.0,49.0,60.0,71.0,92.6275863647461,33.63600158691406,51.0,70.0,93.0,117.0,136.0,119.97956848144531,89.97338104248047,66.0,90.0,107.0,123.0,151.0,-21.40625,190.1431884765625,-69.0,-7.0,26.0,53.0,74.0,108.81167602539062,260.9640197753906,0.0,54.0,90.0,114.0,152.0,17.906192779541016,21.954946517944336,-7.0,5.0,19.0,32.0,44.0
s0184,,,,,,,,,,,,,,,,,,,,,,,,,,,,,123.75546264648438,3855.595458984375,-465.0,-24.0,36.0,61.0,84.0,53.353485107421875,3799.527099609375,-240.0,-108.0,-11.0,36.0,73.0,48.58318328857422,18.56308937072754,25.0,37.0,50.0,60.0,72.0,,,,,,,,,,,,,,,,,,,,,,317.29248046875,4120.60498046875,-183.0,12.0,40.0,58.0,77.0,160.4005126953125,2614.869140625,-64.0,-23.0,23.0,58.0,139.0,-208.27455139160156,1375.1005859375,-781.0,-692.0,-56.0,97.0,169.0,43.53123092651367,1787.782958984375,-715.0,-83.0,-5.0,48.0,189.0,-54.342063903808594,331.62969970703125,-765.0,-57.0,57.0,132.0,194.0,,,,,,,
s0185,,,,,,,,,,,,,,,,,,,,,,,,,,,,,,,,,,,,,,,,,,,,,,,,,,,,,,,,,,,,,,,,,,,,,,,,,,,,,,,,,,,,,,,,,,,,19.792673110961914,104.33963775634766,-24.0,9.0,38.0,60.0,80.0,,,,,,,,,,,,,,
s0188,34.932762145996094,60.54067611694336,-41.0,-3.0,36.0,74.0,109.0,192.41177368164062,240.9272918701172,-43.0,30.0,136.0,289.0,507.0,360.3954772949219,377.4082946777344,15.0,106.0,233.0,514.0,950.0,366.4603271484375,380.7120361328125,16.0,105.0,237.0,524.0,971.0,,,,,,,,63.52333068847656,151.16856384277344,-19.0,36.0,86.0,132.0,173.0,115.76971435546875,69.6258773803711,27.0,71.0,117.0,163.0,204.0,351.51361083984375,353.1193542480469,19.0,114.0,253.0,486.0,874.0,148.23184204101562,80.96870422363281,43.0,92.0,150.0,206.0,250.0,158.82252502441406,86.00752258300781,46.0,101.0,163.0,218.0,266.0,91.49110412597656,57.67196273803711,18.0,53.0,91.0,130.0,165.0,81.1043701171875,64.41619873046875,0.0,38.0,80.0,124.0,163.0,207.8367919921875,179.34213256835938,72.0,130.0,185.5,243.0,312.90000000000055,,,,,,,,,,,,,,,24.537940979003906,50.33615493774414,-39.0,-8.0,25.0,57.0,88.0
s0189,10.108980178833008,31.96516990661621,-19.0,-4.0,10.0,25.0,41.0,238.76795959472656,219.63629150390625,2.0,76.0,193.0,344.0,547.0,391.5845642089844,298.48431396484375,81.0,162.0,308.0,556.0,851.0,400.2795104980469,304.8312072753906,82.0,163.0,315.0,573.0,879.0,111.00041198730469,31.888607025146484,70.0,97.0,117.0,131.0,144.0,2.5548007488250732,113.47808074951172,-33.0,-3.0,18.0,40.0,67.0,68.71768951416016,34.25222396850586,23.0,53.0,74.0,90.0,105.0,376.3411865234375,273.6820983886719,138.0,174.0,270.0,504.0,815.0,145.80130004882812,58.650089263916016,58.0,101.0,159.0,191.0,213.0,131.12948608398438,54.76299285888672,49.0,89.0,145.0,174.0,193.0,61.608978271484375,21.726228713989258,35.0,50.0,63.0,75.0,86.0,72.50772857666016,40.236114501953125,29.0,43.0,66.0,99.0,127.0,295.29730224609375,76.82586669921875,178.0,262.0,321.0,346.0,363.0,27.804336547851562,80.78299713134766,-31.0,4.0,39.0,67.0,95.0,156.46461486816406,79.07463073730469,78.0,104.0,132.0,204.0,288.0,25.529258728027344,20.011011123657227,4.0,13.0,24.0,36.0,50.0
s0190,10.450963973999023,50.42192840576172,-50.0,-21.0,10.0,41.0,70.0,237.27145385742188,209.94869995117188,19.0,94.0,196.0,335.0,516.0,380.3694152832031,339.3564453125,44.0,145.0,287.0,537.0,886.0,413.29071044921875,334.7839660644531,70.0,174.0,328.0,585.0,912.0,134.34500122070312,60.973365783691406,58.0,95.0,135.0,174.0,211.0,-13.933838844299316,337.6386413574219,-826.0,20.0,89.0,150.0,212.0,100.08906555175781,70.48365783691406,10.0,56.0,103.0,148.0,188.0,355.7303161621094,280.9617614746094,79.0,178.0,300.0,458.0,721.0,138.49070739746094,90.72769165039062,19.0,77.0,142.0,202.0,252.0,151.64759826660156,86.44305419921875,37.0,94.0,157.0,212.0,258.20000000000437,92.78565979003906,57.7547492980957,20.0,56.0,93.0,130.0,165.0,95.42698669433594,64.88237762451172,13.0,53.0,96.0,138.0,175.0,195.6008758544922,106.4058609008789,97.0,149.0,196.0,238.0,275.0,50.15737533569336,45.45521545410156,-5.099999999999994,19.0,50.0,80.0,110.0,148.06875610351562,38.24683380126953,95.0,120.0,151.0,175.0,199.0,20.594924926757812,54.50979232788086,-47.0,-16.0,19.0,56.0,91.0
s0191,,,,,,,,154.04689025878906,178.4788360595703,-35.0,14.0,123.0,247.0,388.0,212.78221130371094,171.47799682617188,55.0,98.0,162.0,280.0,436.0,252.80282592773438,238.52964782714844,51.0,99.0,173.0,323.0,579.0,43.59934997558594,17.576066970825195,22.0,35.0,46.0,55.0,62.0,26.984210968017578,20.440345764160156,3.0,19.0,31.0,40.0,47.0,34.95943832397461,12.146026611328125,19.0,28.0,36.0,43.0,49.0,223.37191772460938,196.3738250732422,36.0,71.0,181.0,313.0,468.0,31.790651321411133,14.3303804397583,14.0,24.0,33.0,41.0,48.0,30.44131088256836,15.136857986450195,11.0,23.0,32.0,41.0,48.0,43.705101013183594,12.891801834106445,29.0,37.0,45.0,52.0,58.0,32.88886260986328,17.216093063354492,11.0,23.0,34.0,44.0,53.0,51.7026252746582,84.4345932006836,19.0,29.0,38.0,48.0,62.0,24.495731353759766,50.288516998291016,-7.2999999999999545,15.0,31.0,45.0,59.0,32.84299850463867,23.727537155151367,10.0,25.0,36.0,45.0,53.0,,,,,,,
s0192,-1.5094375610351562,20.622900009155273,-17.0,-12.0,-5.0,2.0,20.0,288.4183349609375,141.177490234375,143.0,186.0,258.0,358.0,480.0,435.605224609375,214.6205291748047,227.0,282.0,379.0,546.0,742.0,431.9690246582031,211.76080322265625,226.0,280.0,376.0,538.0,738.0,97.56082916259766,15.2428560256958,86.0,91.0,96.0,102.0,107.0,-100.4800796508789,431.06787109375,-925.0,-314.0,163.0,174.0,179.0,100.91657257080078,16.995540618896484,80.0,93.0,102.0,110.0,120.0,420.04705810546875,188.08474731445312,257.0,287.0,353.0,495.0,693.0,149.13247680664062,26.7552433013916,113.0,139.0,153.0,164.0,178.0,144.3639678955078,28.189701080322266,105.0,134.0,150.0,162.0,174.0,103.93575286865234,15.193768501281738,91.0,98.0,104.0,111.0,118.0,108.67827606201172,15.06443977355957,94.0,102.0,109.0,115.0,123.0,123.54698181152344,23.056385040283203,91.0,113.0,130.0,139.0,146.0,-144.4808807373047,236.72720336914062,-533.3,-244.5,-49.0,28.0,60.0,130.23216247558594,18.135629653930664,105.0,121.0,133.0,143.0,150.0,29.069616317749023,16.839981079101562,10.0,16.0,27.0,40.0,52.0
s0193,14.410490989685059,31.32809066772461,-33.0,13.0,23.0,30.0,39.0,153.6575927734375,171.1322784423828,-26.0,28.0,122.0,231.0,372.0,305.693115234375,256.11834716796875,47.0,119.0,235.0,431.0,681.0,308.2724914550781,258.7232971191406,47.0,117.0,238.0,439.0,679.0,75.33291625976562,24.617895126342773,43.0,74.0,83.0,89.0,94.0,-57.32697677612305,225.95761108398438,-168.0,-13.0,0.0,32.0,56.0,58.02359390258789,25.53558921813965,22.0,49.0,65.0,75.0,82.0,282.97833251953125,215.19677734375,91.0,123.0,211.0,377.0,599.0,108.83173370361328,28.669147491455078,68.0,103.0,117.0,126.0,133.0,107.17442321777344,29.001340866088867,64.0,101.0,116.0,125.0,132.0,84.06261444091797,18.109323501586914,69.0,79.0,87.0,94.0,100.0,101.91658782958984,23.63915252685547,75.0,94.0,105.0,115.0,124.0,102.55506134033203,47.05787658691406,55.80000000000018,91.0,108.0,118.0,127.0,-4.962818145751953,73.29107666015625,-72.0,-28.0,10.0,37.0,58.0,48.3789176940918,188.940185546875,22.0,70.0,93.0,113.0,127.0,13.186229705810547,19.846393585205078,-5.0,5.0,14.0,24.0,35.0
s0194,-0.17377203702926636,33.72014236450195,-24.0,-12.0,0.0,13.0,25.0,187.67677307128906,181.65794372558594,0.0,60.0,150.0,268.0,423.0,361.9709777832031,274.98516845703125,90.0,163.0,281.0,494.0,774.0,371.47509765625,272.6543884277344,98.0,171.0,294.0,505.0,783.0,100.30139923095703,20.49366569519043,76.0,90.0,102.0,113.0,123.0,-10.22125244140625,298.94000244140625,-436.09999999999854,52.0,103.0,126.0,142.0,75.07512664794922,31.553342819213867,35.0,58.0,77.0,96.0,112.0,310.7403564453125,231.25933837890625,103.0,155.0,246.0,381.0,622.3999999999996,139.80303955078125,35.130821228027344,92.0,124.0,146.0,163.0,177.0,138.49362182617188,36.618343353271484,87.0,123.0,146.0,163.0,177.0,98.19390869140625,23.678123474121094,71.0,85.0,99.0,113.0,125.0,100.65975189208984,37.19647216796875,57.0,75.0,96.0,122.0,157.0,134.34031677246094,81.87186431884766,82.0,111.0,131.0,147.0,162.0,5.97913932800293,106.22735595703125,-40.0,0.0,27.0,51.0,70.0,120.15740966796875,37.034732818603516,77.0,100.0,126.0,146.0,160.0,9.350340843200684,19.772043228149414,-15.0,-3.0,9.0,22.0,34.0
s0196,45.2728157043457,89.32872772216797,-37.0,-7.0,26.0,70.0,156.0,132.11135864257812,198.84744262695312,-78.0,-6.0,95.0,230.0,400.0,265.7856140136719,316.9567565917969,-26.0,50.0,164.0,392.0,743.0,264.3575744628906,310.4456787109375,-28.0,49.0,167.0,397.0,729.0,82.31903839111328,56.0672492980957,12.0,47.0,83.0,118.0,151.0,44.150028228759766,82.73457336425781,-33.0,8.0,51.0,90.0,123.0,90.73332977294922,51.52372741699219,27.0,59.0,92.0,124.0,152.0,211.43592834472656,211.21485900878906,5.0,71.0,165.0,295.0,481.5,142.69509887695312,107.29344940185547,55.0,97.0,137.0,177.0,215.0,143.4022216796875,137.57510375976562,38.0,92.0,136.0,178.0,216.0,72.3592529296875,49.24182891845703,10.0,40.0,73.0,105.0,134.0,98.77715301513672,55.62965774536133,32.0,63.0,96.0,131.0,168.0,332.8293762207031,125.64273071289062,203.0,291.0,344.0,390.0,427.0,60.09451675415039,164.8887939453125,-12.0,41.0,84.0,128.0,166.0,274.73626708984375,117.04696655273438,105.0,189.0,293.0,362.0,414.0,24.3369083404541,44.33781814575195,-30.0,-5.0,24.0,54.0,81.0
s0197,,,,,,,,,,,,,,,,,,,,,,,,,,,,,84.00236511230469,23.01828384399414,58.0,79.0,89.0,97.0,104.0,-89.26596069335938,324.31817626953125,-787.0,0.0,51.0,69.0,80.0,59.08177947998047,26.904504776000977,25.0,44.0,61.0,76.0,89.0,,,,,,,,86.49342346191406,92.15823364257812,63.0,82.0,105.0,124.0,134.0,91.31033325195312,67.44979095458984,61.0,80.0,102.0,121.0,132.0,53.84465789794922,23.296133041381836,39.0,46.0,54.0,62.0,72.0,88.78706359863281,21.72709083557129,66.0,78.0,90.0,102.0,113.0,118.72712707519531,27.963594436645508,87.0,109.0,122.0,134.0,149.0,15.324793815612793,123.05562591552734,-36.0,19.0,44.0,61.0,77.0,99.65386199951172,27.42457389831543,71.0,90.0,105.0,116.0,124.0,,,,,,,
s0199,,,,,,,,,,,,,,,,,,,,,,,,,,,,,80.61377716064453,60.126556396484375,5.0,42.0,81.0,120.0,156.0,36.69926071166992,73.87834167480469,-45.0,-2.0,40.0,82.0,121.0,77.07337188720703,58.992210388183594,-1.0,38.0,78.0,117.0,150.4000000000001,,,,,,,,,,,,,,,,,,,,,,85.49275207519531,57.557430267333984,13.0,48.0,85.0,123.0,158.0,99.44161224365234,58.804649353027344,21.0,62.0,104.0,141.0,169.0,107.31981658935547,60.205440521240234,32.0,71.0,110.0,146.0,180.0,33.768455505371094,60.22506332397461,-37.0,0.0,36.0,72.0,104.0,106.15608978271484,54.563411712646484,45.0,76.0,109.0,140.0,168.0,,,,,,,
s0201,0.6078052520751953,66.318603515625,-84.0,-43.0,0.0,45.0,85.0,233.3529510498047,246.38787841796875,-11.0,69.0,177.0,330.0,566.0,363.7319030761719,331.69976806640625,38.0,132.0,273.0,522.0,850.0,415.8329772949219,359.6558532714844,55.0,154.75,306.0,619.0,990.0,32.926551818847656,58.81727981567383,-42.0,-6.0,33.0,72.0,108.0,-162.8405303955078,355.5001525878906,-927.0,-89.0,-12.0,36.0,77.0,33.58734130859375,60.79625701904297,-45.0,-8.0,34.0,76.0,112.0,380.0251159667969,322.0179748535156,93.0,171.0,277.0,480.0,880.0,22.624980926513672,66.77947235107422,-63.0,-22.0,22.0,67.0,108.0,19.6739559173584,65.24534606933594,-64.0,-23.0,20.0,64.0,103.0,48.392311096191406,62.57810592651367,-31.0,6.0,49.0,90.0,128.0,35.37300109863281,63.65108871459961,-46.0,-7.5,36.0,78.5,118.0,39.31708908081055,63.77337646484375,-42.0,-4.0,39.0,81.0,120.0,,,,,,,,48.4439582824707,62.77785873413086,-32.0,6.0,48.0,91.0,129.0,11.657159805297852,61.03806686401367,-67.0,-28.0,11.0,52.0,90.0
s0204,16.919824600219727,34.92844772338867,-9.0,8.0,20.0,32.0,40.0,249.46707153320312,150.694091796875,65.0,136.0,235.0,344.0,449.0,381.1075744628906,213.95791625976562,142.0,221.0,338.0,510.0,686.0,394.1738586425781,221.7859344482422,146.0,228.0,348.0,526.0,714.0,67.8984603881836,14.143342971801758,53.0,61.0,69.0,77.0,83.0,-155.5795135498047,346.0906677246094,-941.0,-61.0,0.0,34.0,56.0,56.66580581665039,22.195152282714844,28.0,47.0,60.0,71.0,80.0,351.05584716796875,185.34982299804688,177.0,213.0,294.0,440.0,621.0,93.49251556396484,29.55582618713379,53.0,83.0,99.0,112.0,124.0,94.59100341796875,28.08006477355957,56.0,84.0,100.0,112.0,124.0,68.87370300292969,18.24740982055664,51.0,61.0,70.0,79.0,88.0,84.38314819335938,24.863079071044922,56.0,73.0,86.0,99.0,112.0,83.6947250366211,30.466768264770508,41.0,72.0,91.0,104.0,113.0,2.367095470428467,39.194580078125,-52.0,-16.0,10.0,30.0,43.0,31.298227310180664,222.8820343017578,23.0,68.0,87.0,104.0,117.0,4.283552646636963,16.09244728088379,-13.0,-3.0,5.0,14.0,23.0
s0206,8.567143440246582,50.610870361328125,-19.0,-1.0,14.0,28.0,41.0,146.23007202148438,165.72035217285156,-9.0,32.0,105.0,212.0,355.0,289.69085693359375,248.23001098632812,47.0,107.0,213.0,416.0,654.0,282.7226257324219,257.8148193359375,37.0,97.0,200.0,402.0,661.1000000000058,124.35274505615234,31.64126205444336,88.0,114.0,130.0,143.0,155.0,-130.70130920410156,408.65582275390625,-971.0,-134.0,85.0,116.0,134.0,89.44512176513672,38.216575622558594,35.0,69.0,95.0,115.0,132.0,303.64154052734375,223.56297302246094,73.0,138.0,254.0,408.0,607.0,170.08660888671875,53.599910736083984,100.0,130.0,180.0,213.0,232.0,163.11070251464844,61.08277130126953,83.0,124.0,174.0,211.0,231.0,86.18392944335938,23.081623077392578,59.0,73.0,87.0,101.0,113.0,95.59074401855469,33.118831634521484,53.0,73.0,98.0,119.0,135.0,191.42047119140625,104.54019165039062,101.0,158.0,187.0,209.0,232.0,36.99235916137695,149.38272094726562,-46.0,42.0,79.0,102.0,120.0,126.80870819091797,36.3170051574707,92.0,113.0,131.0,148.0,163.0,31.27416229248047,20.05291175842285,6.0,18.0,31.0,44.0,57.0
s0208,,,,,,,,,,,,,,,,,,,,,,,,,,,,,,,,,,,,,,,,,,,,,,,,,,,,,,,,,,,,,,,,,,,,,,,,,,,,,,,,,,,,,,,,,,,,31.944597244262695,43.3546028137207,-10.0,13.0,35.0,58.0,77.0,,,,,,,,,,,,,,
s0209,,,,,,,,174.88890075683594,256.11474609375,-80.0,7.0,119.0,276.0,517.0,242.7775421142578,174.43580627441406,31.0,128.0,232.0,342.0,469.0,141.3788299560547,202.7448272705078,-79.29999999999995,0.0,106.0,253.0,414.0,,,,,,,,24.037351608276367,85.19342041015625,-84.0,-31.0,26.0,80.0,131.0,14.595043182373047,85.9288101196289,-95.0,-42.0,14.0,72.0,124.0,379.4663391113281,324.4248046875,23.0,135.0,308.0,574.0,859.0,,,,,,,,,,,,,,,27.48970603942871,87.30333709716797,-82.0,-29.0,27.0,84.0,138.0,26.970706939697266,82.5198745727539,-77.0,-28.0,27.0,81.0,132.0,39.65239334106445,76.14849853515625,-51.0,-4.0,39.0,83.0,130.0,-65.17725372314453,254.79214477539062,-372.5,-52.0,11.0,61.0,104.0,38.70405578613281,54.696990966796875,-28.0,1.0,38.0,74.0,107.0,,,,,,,
s0210,17.225200653076172,81.14244842529297,-87.5,-35.0,19.0,72.0,118.0,193.9649200439453,255.95262145996094,-87.0,22.0,156.0,318.0,530.0,301.70458984375,315.03778076171875,-9.0,91.0,224.0,431.0,748.0,307.67901611328125,325.8800354003906,-9.0,91.0,223.0,436.0,780.0,64.97086334228516,107.17803955078125,-72.0,-6.0,65.0,137.0,202.0,-74.0942611694336,254.11239624023438,-279.6999999999971,-95.0,-11.0,59.0,122.0,40.70482635498047,101.66992950439453,-88.0,-26.0,41.0,109.0,170.0,291.2706604003906,268.784912109375,18.0,114.0,234.0,402.0,653.0,138.89891052246094,116.36638641357422,-8.0,61.0,138.0,216.0,288.0,131.2682647705078,120.25045776367188,-22.0,51.0,131.0,211.0,285.0,61.907875061035156,98.1304702758789,-62.0,-2.0,62.0,126.0,187.0,79.98371887207031,98.97848510742188,-45.0,14.0,79.0,146.0,206.0,108.4603042602539,100.16322326660156,-17.0,45.0,110.0,173.0,233.0,47.89918899536133,91.82630920410156,-67.29999999999995,-13.0,48.0,109.0,164.0,103.09650421142578,72.29953002929688,10.0,56.0,104.0,151.0,194.0,12.848631858825684,91.01016998291016,-102.0,-47.0,12.0,73.0,129.0
s0211,,,,,,,,,,,,,,,,,,,,,,,,,,,,,89.39044952392578,62.87197494506836,9.0,49.0,90.0,132.0,168.0,50.641517639160156,125.65166473388672,-39.0,16.5,67.0,115.0,156.0,78.64639282226562,64.84862518310547,-4.0,39.0,82.0,121.0,159.0,,,,,,,,169.15908813476562,76.62825012207031,70.0,118.0,172.0,225.0,266.0,145.05374145507812,78.73993682861328,41.0,92.0,148.0,200.0,242.0,112.71912384033203,61.60431671142578,35.0,73.0,113.0,153.0,190.0,134.11651611328125,67.09309387207031,46.0,93.0,139.0,180.0,214.0,156.31912231445312,214.73880004882812,29.0,78.0,125.0,170.0,224.0,2.824143171310425,119.00425720214844,-87.0,-25.0,21.0,63.0,105.0,130.2911376953125,151.51138305664062,29.0,76.0,123.0,173.0,222.0,,,,,,,
s0212,26.215787887573242,42.356101989746094,-4.0,12.0,26.0,38.0,47.0,257.89544677734375,172.13401794433594,85.0,135.0,218.0,337.0,484.0,414.86175537109375,253.2879180908203,168.0,232.0,343.0,539.75,794.0,416.77398681640625,250.70175170898438,170.0,237.0,346.0,539.0,793.0,77.42626953125,12.861642837524414,63.0,71.0,79.0,85.0,92.0,-142.25711059570312,374.2384033203125,-955.0,-13.0,38.0,60.0,72.0,67.02813720703125,20.295860290527344,39.0,58.0,71.0,80.0,88.0,384.97430419921875,213.12037658691406,177.0,221.0,324.0,493.0,688.0,75.1698989868164,19.347517013549805,51.0,66.0,78.0,88.0,96.0,58.67329406738281,20.082868576049805,34.0,48.0,60.0,72.0,82.0,77.293701171875,14.838333129882812,60.0,70.0,78.0,87.0,94.0,88.26130676269531,18.213407516479492,65.0,79.0,90.0,100.0,110.0,112.3511962890625,60.705196380615234,70.0,97.0,110.0,121.0,131.0,38.84797668457031,28.751087188720703,9.0,29.0,44.0,56.0,66.0,94.29098510742188,60.21819305419922,64.0,83.0,101.0,115.0,125.0,35.36963653564453,18.60513687133789,10.0,22.0,36.0,49.0,59.0
s0213,,,,,,,,,,,,,,,352.2354431152344,168.04217529296875,180.0,224.0,316.0,446.0,577.0,354.59942626953125,156.49459838867188,183.0,232.0,324.0,450.0,571.0,93.61396789550781,15.565300941467285,76.0,86.0,95.0,103.0,111.0,-20.841508865356445,312.7465515136719,-555.0,33.0,100.0,130.0,145.0,49.6446418762207,27.18990707397461,12.0,34.0,53.0,69.0,81.0,313.2898864746094,158.0281219482422,187.0,215.0,264.0,353.0,505.0,116.91841125488281,27.25560760498047,78.0,104.0,124.0,136.0,145.0,116.45201110839844,29.236183166503906,75.0,102.0,124.0,137.0,146.0,100.40281677246094,17.58114242553711,82.0,92.0,102.0,111.0,119.0,98.23332214355469,17.556840896606445,77.0,89.0,100.0,110.0,118.0,102.05713653564453,26.619783401489258,70.0,91.0,105.0,118.0,128.0,25.558565139770508,94.41324615478516,-11.0,20.0,43.0,64.0,78.0,99.04483795166016,37.9310188293457,67.0,86.0,101.0,114.0,125.0,31.68827247619629,23.046672821044922,4.0,14.0,30.0,49.0,63.0
s0215,,,,,,,,,,,,,,,,,,,,,,,,,,,,,89.58464813232422,86.50382232666016,-19.0,32.0,89.0,146.0,200.0,56.67359161376953,127.85443115234375,-61.0,1.0,65.0,127.0,184.0,,,,,,,,,,,,,,,77.15562438964844,105.2518310546875,-57.0,9.0,82.0,149.0,206.40000000000055,73.56048583984375,99.38705444335938,-56.0,9.0,77.0,140.0,197.0,91.23323822021484,90.7231674194336,-20.0,33.0,91.0,149.0,204.0,94.58203887939453,100.30191802978516,-23.0,35.0,96.0,153.0,208.0,94.30957794189453,120.79641723632812,-20.299999999999955,35.75,95.0,153.0,208.0,35.20307540893555,93.4408950805664,-85.0,-25.75,34.0,99.0,153.0,98.7903060913086,73.28327941894531,5.0,52.0,100.0,147.0,191.0,,,,,,,
s0216,30.926862716674805,39.4740104675293,-17.0,9.0,35.0,58.0,75.0,306.5198669433594,242.93287658691406,50.0,130.0,249.0,431.0,652.0,476.6424255371094,327.9078674316406,149.0,225.0,374.0,669.0,990.0,501.68316650390625,341.0338134765625,156.0,236.0,398.0,714.0,1037.0,,,,,,,,,,,,,,,,,,,,,,464.9669494628906,305.9520568847656,205.0,250.0,348.0,585.0,941.0,231.4662628173828,83.94803619384766,90.0,177.0,259.0,295.0,318.0,,,,,,,,89.93132781982422,30.888612747192383,60.0,77.0,92.0,107.0,122.0,52.009578704833984,23.134977340698242,24.80000000000001,37.0,51.0,65.0,80.20000000000005,462.1509094238281,118.88638305664062,255.70000000000002,424.0,515.0,539.0,556.0,,,,,,,,,,,,,,,,,,,,,
s0217,,,,,,,,,,,,,,,,,,,,,,,,,,,,,,,,,,,,,,,,,,,,,,,,,,,,,,,,,,,,,,,,,,,,,,,,,,,,,,,,,,,,,,,,,,,,34.449554443359375,106.38945007324219,-94.8,-33.0,33.0,101.0,170.0,,,,,,,,,,,,,,
s0218,25.3643856048584,86.17302703857422,-35.0,-5.0,27.0,60.0,91.0,204.04273986816406,308.97564697265625,-83.0,1.0,123.0,310.0,616.0,367.3631591796875,458.0423278808594,-45.0,48.0,193.0,577.0,1119.0,368.3529968261719,449.10198974609375,-38.0,54.0,199.0,574.0,1101.0,90.8511962890625,71.8478012084961,0.0,43.0,90.0,139.0,183.0,-363.41357421875,476.7814025878906,-970.0,-940.0,-58.0,39.0,104.0,95.49899291992188,75.56644439697266,0.0,45.0,95.0,146.0,192.0,375.30218505859375,407.56396484375,3.0,106.0,246.0,515.25,1009.0,167.9524688720703,84.59025573730469,63.0,113.0,168.0,222.0,271.0,161.92459106445312,86.68631744384766,54.0,106.0,162.0,219.0,269.0,101.31990814208984,72.21273803710938,10.0,54.0,101.0,149.0,193.0,119.52767944335938,73.56737518310547,25.0,73.0,121.5,167.0,210.0,123.01130676269531,82.14667510986328,30.0,75.0,121.0,168.0,213.0,-144.68687438964844,312.6389465332031,-675.5999999999999,-252.0,-1.0,61.0,99.79999999999995,115.7274398803711,58.311832427978516,50.0,83.0,118.0,153.0,182.0,17.552658081054688,66.9551773071289,-67.0,-28.0,17.0,62.0,104.0
s0219,,,,,,,,,,,,,,,,,,,,,,,,,,,,,,,,,,,,,,,,,,,,,,,,,,,,,,,,,,,,,,,,,,,,,,,,,,,,,,,,,,,,,33.90192794799805,63.2710075378418,-44.0,-6.0,34.0,75.0,112.0,-50.97750473022461,208.7352752685547,-296.0,-62.0,7.0,61.0,108.40000000000055,28.469343185424805,71.02499389648438,-60.0,-17.0,29.0,75.0,117.0,,,,,,,
s0220,,,,,,,,,,,,,,,,,,,,,,399.0965576171875,296.8835144042969,86.0,182.0,330.0,570.0,851.0,95.23383331298828,89.10894775390625,-17.0,37.0,95.0,154.0,207.0,-55.983154296875,271.54949951171875,-221.0,-65.0,10.0,76.0,137.0,,,,,,,,398.39276123046875,331.0845947265625,84.0,185.0,306.0,509.0,917.0,119.83505249023438,107.89753723144531,-18.0,48.0,121.0,192.0,256.0,118.49945831298828,109.32811737060547,-21.0,47.0,120.0,192.0,256.0,62.92182159423828,87.00223541259766,-45.0,7.0,62.0,119.0,172.0,108.33003234863281,97.96359252929688,-11.0,51.0,110.0,168.0,226.0,93.68526458740234,108.49219512939453,-9.0,43.0,98.0,153.0,208.0,-1.9566333293914795,156.0776824951172,-92.0,-34.0,17.0,69.0,122.0,111.6182632446289,72.9571762084961,24.0,67.0,113.0,158.0,200.0,,,,,,,
s0221,,,,,,,,187.48611450195312,193.67669677734375,-10.0,44.0,142.5,281.0,450.0,320.052490234375,299.16424560546875,70.0,123.0,208.0,406.0,776.0,318.29010009765625,291.8442687988281,70.0,122.0,212.0,412.0,752.0,,,,,,,,43.12320327758789,25.30387306213379,23.0,35.0,45.0,53.0,61.0,39.15830612182617,16.076894760131836,18.0,31.0,41.0,50.0,57.0,323.04205322265625,275.4071044921875,61.0,121.0,241.0,437.0,735.0,30.07184600830078,14.079837799072266,14.0,23.0,31.0,39.0,47.0,30.816770553588867,20.958303451538086,14.0,23.0,31.0,38.0,45.0,48.488643646240234,11.475617408752441,35.0,42.0,49.0,56.0,62.0,38.275264739990234,12.496038436889648,24.0,31.0,38.0,46.0,53.0,56.62112808227539,88.62459564208984,21.0,31.0,41.0,52.0,74.0,,,,,,,,,,,,,,,,,,,,,
s0222,,,,,,,,,,,,,,,,,,,,,,,,,,,,,82.66716766357422,71.82294464111328,-8.0,36.0,84.0,130.0,173.0,20.216983795166016,106.29985046386719,-85.0,-23.0,31.0,83.0,127.0,60.778324127197266,78.84453582763672,-42.0,11.0,64.0,115.0,158.0,287.3519287109375,278.09283447265625,45.0,118.0,217.0,362.0,613.0,152.19935607910156,80.25297546386719,49.0,100.0,154.0,206.0,252.0,148.6364288330078,81.05399322509766,44.0,98.0,152.0,204.0,249.0,103.84339904785156,68.71188354492188,17.0,59.0,104.0,149.0,191.0,115.0487289428711,77.30111694335938,14.0,63.0,118.0,169.0,213.0,138.74484252929688,103.82592010498047,38.0,86.0,136.0,183.0,227.0,17.163516998291016,104.89787292480469,-77.69999999999999,-22.0,26.0,73.0,118.0,107.8455810546875,63.78241729736328,25.0,67.0,111.0,152.0,187.0,32.897823333740234,68.55072784423828,-55.0,-12.0,34.0,78.0,121.0
s0223,,,,,,,,,,,,,,,,,,,,,,,,,,,,,82.65144348144531,36.37248229980469,41.0,64.0,86.0,106.0,123.0,-341.9642028808594,459.48016357421875,-992.0,-961.0,-30.0,22.0,51.0,,,,,,,,,,,,,,,,,,,,,,68.7554702758789,48.3482780456543,7.0,40.0,75.0,103.0,124.0,57.8092155456543,33.61554718017578,23.0,41.0,60.0,78.0,94.0,50.98518371582031,31.235599517822266,12.0,32.0,52.0,71.0,88.0,275.6689453125,101.54302215576172,170.0,250.0,283.0,309.0,332.0,27.99727439880371,73.36168670654297,-15.0,12.0,37.0,59.0,79.0,138.9665985107422,85.14779663085938,51.0,79.0,116.0,181.0,282.0,,,,,,,
s0224,1.8997684717178345,320.0131530761719,-53.0,-3.0,7.0,17.0,28.0,179.71884155273438,189.51731872558594,-23.0,44.0,144.0,266.0,443.0,272.8412780761719,1124.070068359375,29.0,73.0,193.0,397.0,641.0,246.1396026611328,805.9718627929688,12.0,69.0,174.0,363.0,604.0,69.19232177734375,94.29595184326172,-15.0,43.0,72.0,88.0,102.0,-584.2329711914062,456.0860290527344,-980.0,-970.0,-945.0,-19.0,23.0,40.26887512207031,65.03661346435547,-69.0,-1.0,66.0,85.0,100.0,188.19578552246094,181.86553955078125,1.0,54.0,167.0,256.0,404.0,68.01384735107422,87.43830108642578,-86.0,6.0,108.0,135.0,147.0,67.51753234863281,86.95404815673828,-86.0,6.0,108.0,134.0,146.0,58.3484992980957,118.38233184814453,16.0,66.0,83.0,96.0,107.0,56.381710052490234,87.04029846191406,-49.0,17.0,88.0,110.0,123.0,50.504634857177734,163.23963928222656,-83.0,7.0,109.0,151.0,169.0,2.522179126739502,212.8468475341797,-85.0,4.0,55.0,87.0,143.0,55.97114944458008,160.777587890625,-7.0,73.0,100.0,119.0,134.0,-4.2381062507629395,47.62724304199219,-62.0,-10.0,3.0,15.0,30.0
s0226,,,,,,,,,,,,,,,,,,,,,,,,,,,,,,,,,,,,,,,,,,,,,,,,,,,,,,,,,,,,,,,,,,,,,,,,,,,,,,,,,,,,,68.61177062988281,109.44469451904297,47.0,62.0,75.0,86.0,101.0,18.858963012695312,128.42652893066406,-33.0,13.0,45.0,67.0,83.0,,,,,,,,,,,,,,
s0227,0.915821373462677,21.55381965637207,-19.0,-10.0,-1.0,8.0,22.0,235.68426513671875,150.85333251953125,76.0,137.0,206.0,303.0,425.0,528.9457397460938,250.3690185546875,251.0,342.0,480.0,678.0,891.0,532.2154541015625,255.2033233642578,250.0,338.0,483.0,690.0,909.0,122.52666473388672,15.976982116699219,106.0,115.0,124.0,132.0,139.0,12.72489070892334,117.69330596923828,0.0,12.0,26.0,40.0,59.0,115.37688446044922,18.848880767822266,95.0,105.0,115.0,125.0,137.0,353.0821533203125,197.5242919921875,196.0,229.0,284.0,404.0,617.0,166.60308837890625,45.64739227294922,92.0,135.0,184.0,201.0,212.0,161.68374633789062,50.89009094238281,81.0,123.0,182.0,202.0,213.0,141.28648376464844,21.285316467285156,119.0,132.0,143.0,152.0,162.0,142.7359619140625,60.011940002441406,78.0,91.0,127.0,192.0,236.0,162.84634399414062,59.85245132446289,111.0,150.0,166.0,177.0,188.0,45.1820068359375,68.90229797363281,11.0,38.0,57.0,74.0,90.0,162.3850555419922,40.561214447021484,111.0,135.0,167.0,190.0,213.0,41.746395111083984,30.812501907348633,9.0,17.0,32.0,65.0,90.0
s0228,10.369440078735352,36.5668830871582,-38.0,-4.0,17.0,34.0,49.0,224.84750366210938,157.7934112548828,44.0,117.0,205.0,306.0,423.0,371.0042724609375,217.6836700439453,138.0,209.0,321.0,495.0,683.0,387.0333251953125,225.72682189941406,145.0,223.0,337.0,512.0,710.0,39.02073669433594,23.680950164794922,10.0,26.0,41.0,54.0,66.0,-68.34723663330078,248.07041931152344,-218.89999999999964,-15.0,11.0,29.0,44.0,29.435964584350586,23.962427139282227,0.0,16.0,32.0,45.0,57.0,334.5687255859375,186.75396728515625,160.0,206.0,286.0,403.0,584.0,22.315523147583008,23.36953353881836,-7.0,9.0,24.0,38.0,50.0,20.446842193603516,23.739599227905273,-10.0,7.0,22.0,36.0,48.0,50.988319396972656,21.603504180908203,26.0,40.0,53.0,64.0,75.0,33.85576629638672,23.538358688354492,3.0,19.0,35.0,50.0,63.0,36.984989166259766,25.75626564025879,4.0,22.0,39.0,53.0,66.0,,,,,,,,,,,,,,,2.7953743934631348,20.988496780395508,-23.099999999999966,-9.0,4.0,17.0,28.0
s0229,,,,,,,,81.44853210449219,200.505859375,-115.0,-47.0,39.0,169.0,334.0,231.14016723632812,372.1383361816406,-104.0,9.0,158.0,369.0,670.0,227.40927124023438,389.54644775390625,-132.0,-11.0,146.0,390.0,718.0,,,,,,,,,,,,,,,,,,,,,,,,,,,,,,,,,,,,,,,,,,,,,,,,,,,,,,,,,,,,,,,,,,,,,,,,,,,,,,,,,,,,
s0230,,,,,,,,,,,,,,,,,,,,,,,,,,,,,66.86942291259766,80.19758605957031,-32.0,15.0,67.0,119.0,166.0,35.963626861572266,94.09632110595703,-62.0,-13.0,39.0,92.0,140.0,,,,,,,,,,,,,,,,,,,,,,,,,,,,,52.50840759277344,75.87984466552734,-44.0,2.0,53.0,103.0,149.0,102.18439483642578,72.485107421875,8.0,55.0,102.0,151.0,195.0,221.42588806152344,81.47135162353516,118.0,175.0,227.0,275.0,318.0,10.837379455566406,195.7898712158203,-84.0,-5.0,48.0,99.0,145.0,150.9396514892578,97.3079605102539,24.0,84.0,153.0,218.0,275.0,,,,,,,
s0231,,,,,,,,,,,,,,,,,,,,,,,,,,,,,83.45123291015625,13.612852096557617,70.0,79.0,85.0,91.0,96.0,43.8998908996582,36.07258987426758,10.0,29.0,48.0,64.0,74.0,80.09160614013672,23.727582931518555,49.0,65.0,81.0,96.0,110.0,272.7754821777344,170.75079345703125,203.0,236.0,277.0,335.0,397.0,84.13215637207031,27.175464630126953,44.0,65.0,92.0,105.0,113.0,80.7623291015625,29.687467575073242,40.0,59.0,87.0,104.0,114.0,66.11524200439453,11.362783432006836,55.0,61.0,67.0,73.0,78.0,67.7093505859375,24.543073654174805,40.0,55.0,70.0,83.0,95.0,93.71524810791016,62.224544525146484,57.0,82.0,95.0,105.0,115.0,3.339815139770508,106.89612579345703,-66.0,-1.0,28.0,48.0,68.0,72.19009399414062,39.5008659362793,33.0,64.0,81.0,92.0,101.0,,,,,,,
s0232,-6.816610813140869,59.8218994140625,-70.0,-36.0,-3.0,22.0,44.0,157.65713500976562,173.27235412597656,-12.0,36.0,121.0,230.0,368.5,404.8573303222656,534.3639526367188,55.0,125.0,250.0,469.0,819.0,334.5740661621094,276.0150146484375,55.0,130.0,255.0,475.0,748.0,20.278867721557617,20.976364135742188,-3.0,3.0,16.0,40.0,48.0,-384.3487243652344,461.5364074707031,-998.0,-983.0,-22.0,0.0,9.0,26.572452545166016,19.94478416442871,0.0,17.0,30.0,40.0,48.0,308.9128723144531,241.69775390625,79.80000000000018,132.0,240.0,410.0,656.0,23.225643157958984,17.49793815612793,0.0,17.0,27.0,34.0,40.0,21.95038414001465,17.80584144592285,-2.0,13.0,26.0,34.0,40.0,48.30211639404297,15.455808639526367,33.0,43.0,51.0,57.0,63.0,35.52574157714844,16.497861862182617,14.0,29.0,38.0,46.0,53.0,76.26140594482422,117.19080352783203,23.0,35.0,46.0,59.0,150.0,9.113536834716797,24.053848266601562,-20.5,-5.0,10.0,27.0,39.0,38.0520133972168,25.665903091430664,20.0,31.0,39.0,46.0,53.0,1.5278656482696533,19.207937240600586,-25.0,-10.0,4.0,16.0,24.0
s0233,,,,,,,,197.65574645996094,225.1224822998047,-9.0,36.0,129.0,292.0,519.0,349.5396423339844,294.7736511230469,75.0,132.0,240.0,502.0,814.0,334.8053283691406,277.53271484375,74.90000000000009,130.0,233.0,475.0,776.0,39.60999298095703,28.758153915405273,3.0,22.0,41.0,59.0,75.0,35.80565643310547,26.972089767456055,2.0,18.0,36.0,54.0,70.0,32.65407180786133,27.214242935180664,-1.0,15.0,33.0,51.0,67.0,368.0937805175781,285.0773010253906,92.0,151.0,278.0,506.0,815.0,25.627910614013672,27.26028823852539,-8.0,8.0,27.0,44.0,59.0,22.13317108154297,25.136545181274414,-9.0,7.0,23.0,39.0,53.0,36.66392517089844,27.95368003845215,2.0,18.0,37.0,55.0,71.0,33.49835205078125,28.735383987426758,-1.3999999999999773,16.0,35.0,53.0,68.0,41.69163131713867,56.495887756347656,2.0,21.0,39.0,57.0,74.0,,,,,,,,,,,,,,,,,,,,,
s0234,,,,,,,,,,,,,,,,,,,,,,,,,,,,,,,,,,,,,,,,,,,,,,,,,,,,,,,,,,,,,,,,,,,,,,,,,,,,,,,,,,,,,,,,,,,,37.45781326293945,24.20965003967285,8.0,21.0,37.0,55.0,68.0,,,,,,,,,,,,,,
s0235,33.784706115722656,47.824581146240234,0.0,19.0,38.0,55.0,70.0,263.4738464355469,201.97015380859375,53.0,119.0,221.0,358.0,533.0,399.11846923828125,245.05409240722656,150.0,219.0,339.0,520.0,744.0,375.9571533203125,232.3870086669922,142.0,207.0,320.0,490.0,697.0,129.27195739746094,19.912437438964844,106.0,121.0,132.0,142.0,150.0,-268.7792663574219,450.57275390625,-980.0,-812.0,21.0,79.0,104.0,92.7055892944336,30.49728012084961,53.0,76.0,96.0,111.0,126.0,379.5223388671875,217.90101623535156,186.0,224.0,311.0,471.0,675.0,154.0543670654297,44.99250793457031,83.0,127.0,168.0,188.0,199.0,153.85092163085938,45.873626708984375,83.0,125.0,168.0,189.0,201.0,116.68498229980469,17.94805145263672,97.0,109.0,118.0,127.0,135.0,132.41258239746094,38.90950393676758,85.0,101.0,128.0,166.0,186.0,151.31228637695312,34.68424606323242,102.0,138.0,161.0,173.0,184.0,45.22845458984375,41.87664794921875,2.0,31.0,53.0,69.0,83.0,72.02995300292969,288.080322265625,86.0,122.0,150.0,169.0,180.0,,,,,,,
s0236,0.8757107257843018,30.663230895996094,-25.0,-7.0,1.0,11.0,27.0,197.78323364257812,194.94163513183594,-18.0,47.0,161.0,306.0,472.0,319.0567932128906,417.0339660644531,15.0,83.0,208.0,408.0,684.0,337.97650146484375,427.938720703125,28.0,98.0,226.0,425.0,704.0,78.0838851928711,25.548534393310547,44.0,75.0,85.0,92.0,98.0,-414.2276306152344,466.294189453125,-988.0,-975.0,-131.0,21.0,54.0,49.3834114074707,27.360397338867188,11.0,36.0,54.0,67.0,78.0,430.42047119140625,212.5347137451172,184.0,268.0,400.0,564.0,727.0,112.95133209228516,27.613155364990234,74.0,102.0,120.0,132.0,140.0,102.70576477050781,29.589643478393555,59.0,91.0,111.0,123.0,132.0,87.05892181396484,18.688568115234375,71.0,82.0,90.0,97.0,104.0,79.5225830078125,33.95820999145508,41.0,55.0,73.0,108.0,130.0,114.61944580078125,79.33372497558594,62.0,94.0,108.0,120.0,133.0,-57.45644760131836,165.22628784179688,-229.0,-61.0,-2.0,28.0,47.0,84.3548812866211,117.49925994873047,63.0,88.0,109.0,122.0,131.0,12.254409790039062,18.107118606567383,-6.0,2.0,10.0,22.0,36.0
s0237,,,,,,,,,,,,,,,,,,,,,,,,,,,,,54.03144836425781,59.0257568359375,-21.0,14.0,54.0,94.0,129.0,-16.43205451965332,198.30764770507812,-78.0,-22.0,23.0,66.0,104.0,41.55238342285156,62.04854965209961,-38.0,0.0,42.0,83.0,121.0,,,,,,,,18.093120574951172,70.31041717529297,-72.0,-28.0,19.0,65.0,106.0,31.35957145690918,66.4876480102539,-53.0,-13.0,31.0,76.0,116.0,57.753536224365234,60.59635925292969,-19.0,17.0,58.0,98.0,135.0,47.685462951660156,65.39090728759766,-37.0,4.75,48.0,94.0,131.0,,,,,,,,,,,,,,,,,,,,,,,,,,,,
s0238,12.90773868560791,22.994140625,-3.0,3.0,11.0,18.0,37.0,289.4835205078125,157.16065979003906,129.0,186.0,258.0,353.0,493.59999999999854,428.5966491699219,241.337646484375,185.0,255.0,366.0,549.0,776.0,433.0876159667969,240.72311401367188,190.0,260.0,372.0,554.0,777.0,111.6947250366211,19.16327667236328,94.0,106.0,115.0,122.0,129.0,-130.46371459960938,368.4902038574219,-940.0,-55.0,54.0,79.0,93.0,96.31265258789062,21.122316360473633,72.0,87.0,98.0,108.0,118.0,420.9972839355469,189.44190979003906,253.0,297.0,363.0,489.0,692.0,161.1811065673828,30.47146987915039,123.0,148.0,165.0,180.0,194.0,149.84298706054688,31.182838439941406,112.0,138.0,155.0,169.0,181.0,121.2618637084961,17.536144256591797,105.0,114.0,123.0,130.0,138.0,145.414794921875,31.012659072875977,113.0,131.0,143.0,157.0,187.0,159.58065795898438,39.12813949584961,103.0,142.0,169.0,185.0,199.0,38.642696380615234,48.80385971069336,-23.0,16.0,41.0,69.0,96.0,150.08560180664062,42.47723388671875,107.0,129.0,156.0,179.0,193.0,25.693923950195312,17.684097290039062,7.0,13.0,22.0,35.0,50.0
s0239,21.64286994934082,34.2602424621582,6.0,15.0,22.0,28.0,35.0,196.41912841796875,181.72901916503906,9.0,77.0,161.0,271.0,420.0,281.9226379394531,248.92532348632812,48.0,109.0,208.0,388.0,632.0,299.9551696777344,261.1541442871094,51.0,116.0,224.0,420.0,663.0,108.25679779052734,22.718021392822266,86.0,101.0,112.0,122.0,130.0,-151.5056915283203,395.91748046875,-989.0,-135.0,55.0,83.0,98.0,71.58343505859375,22.856945037841797,43.0,62.0,75.0,85.0,96.0,256.0606994628906,179.8174285888672,104.0,139.0,205.0,302.0,481.0,103.16896057128906,39.49192428588867,50.0,73.0,111.0,135.0,149.0,108.88745880126953,40.075748443603516,55.0,78.0,116.0,141.0,156.0,98.72482299804688,17.462669372558594,81.0,91.0,101.0,109.0,117.0,67.894775390625,29.03639030456543,32.0,45.0,67.0,92.0,104.0,131.76390075683594,67.46330261230469,43.0,78.0,157.0,174.0,188.0,-38.11921310424805,201.52169799804688,-264.0,-2.0,34.0,52.0,66.0,103.93232727050781,29.023799896240234,72.0,93.0,110.0,121.0,130.0,25.949312210083008,14.9667329788208,8.0,16.0,25.0,35.0,45.0
s0240,,,,,,,,,,,,,,,,,,,,,,,,,,,,,45.27395248413086,93.931884765625,-71.0,-15.0,45.0,106.0,162.0,-192.4420623779297,396.2568054199219,-934.0,-213.0,-12.0,62.0,120.0,47.54119873046875,84.38220977783203,-59.0,-8.0,48.0,104.0,154.0,,,,,,,,43.10454559326172,92.50183868408203,-72.0,-16.0,43.0,103.0,158.0,39.17213821411133,95.64617919921875,-79.0,-23.0,39.0,101.0,158.0,58.61907196044922,83.02692413330078,-45.0,4.0,58.0,113.0,163.0,50.94529342651367,87.04137420654297,-60.0,-5.0,52.0,109.25,160.0,162.8858642578125,83.39280700683594,59.0,115.0,167.0,214.0,260.0,-47.693145751953125,257.2269592285156,-284.0,-49.0,20.0,76.0,133.0,172.505126953125,112.77986145019531,29.0,99.0,177.0,247.0,307.0,15.904669761657715,76.09156799316406,-83.0,-34.0,16.0,66.0,113.0
s0241,,,,,,,,,,,,,,,,,,,,,,,,,,,,,56.95331573486328,78.46707916259766,-42.0,4.0,57.0,109.0,157.0,24.314167022705078,78.43428039550781,-75.0,-27.0,24.0,76.0,123.0,,,,,,,,,,,,,,,,,,,,,,,,,,,,,24.536434173583984,69.21595001220703,-63.0,-20.0,24.0,70.0,112.0,83.80718994140625,80.03177642822266,-19.0,30.0,83.0,139.0,187.0,220.88087463378906,78.40238189697266,117.0,179.0,229.0,271.0,309.0,-30.19736671447754,234.0068817138672,-209.0,-34.0,27.0,79.0,132.0,181.12924194335938,112.63861083984375,29.0,102.0,189.0,264.0,320.0,,,,,,,
s0242,1.7815253734588623,22.246259689331055,-20.0,-8.0,2.0,14.0,26.0,240.16200256347656,179.33872985839844,43.0,110.0,205.0,330.0,477.0,374.223388671875,240.52503967285156,127.0,194.0,314.0,500.0,725.0,374.8943176269531,239.95071411132812,129.0,195.0,312.0,504.0,731.0,36.53436279296875,15.817342758178711,19.0,29.0,38.0,46.0,54.0,-16.76786994934082,61.74867630004883,-60.0,-26.0,-3.0,12.0,25.0,31.692312240600586,18.735599517822266,8.0,22.0,34.0,44.0,53.0,388.3592224121094,234.734619140625,183.0,222.0,299.0,488.0,762.0,18.53737449645996,15.572941780090332,0.0,11.0,20.0,28.0,36.0,19.297304153442383,14.418993949890137,2.0,11.0,20.0,29.0,36.0,53.54910659790039,16.838205337524414,35.0,45.0,55.0,64.0,72.0,32.994895935058594,16.544395446777344,12.0,23.0,34.0,44.0,53.0,33.70014572143555,18.594966888427734,9.0,23.0,35.0,46.0,55.0,,,,,,,,,,,,,,,11.851183891296387,18.334373474121094,-11.0,0.0,11.0,23.5,35.39999999999998
s0243,-1.5786616802215576,55.42625045776367,-66.0,-35.0,-2.0,30.0,61.0,280.7568054199219,242.0254364013672,47.0,119.0,213.0,379.0,626.0,369.7062683105469,295.9027404785156,91.0,161.0,265.0,511.0,851.0,368.9864807128906,299.83099365234375,86.0,159.0,266.0,503.0,860.0,73.0454330444336,44.41006851196289,17.0,44.0,73.0,102.0,129.0,-96.7143325805664,319.4159851074219,-826.0,-47.0,18.0,65.0,103.0,60.006919860839844,56.30936813354492,-11.0,23.0,61.0,98.0,132.0,389.9793701171875,279.0570373535156,144.0,207.0,299.0,475.0,812.0,96.80030822753906,49.01714324951172,34.0,66.0,98.0,129.0,158.0,93.1264877319336,50.55174255371094,29.0,60.0,94.0,127.0,156.0,86.23492431640625,46.725135803222656,27.0,56.0,86.0,117.0,145.0,93.92537689208984,57.93400573730469,19.0,56.0,95.0,133.0,166.0,91.08786010742188,58.09672546386719,22.0,56.0,92.0,128.0,160.0,-68.74942779541016,240.8025665283203,-430.40000000000003,-62.0,13.0,63.0,102.0,86.27766418457031,50.66108703613281,23.0,55.0,88.0,119.0,149.0,25.46979522705078,43.05205535888672,-27.0,-4.0,25.0,53.0,80.0
s0244,12.418752670288086,29.551164627075195,-25.0,4.0,17.0,29.0,42.0,189.9550323486328,198.55166625976562,-5.0,48.0,145.0,277.0,444.0,338.1127624511719,300.28460693359375,50.0,111.0,242.0,491.0,784.0,343.79522705078125,313.4805908203125,44.0,105.0,241.0,505.0,816.0,96.2966537475586,24.648569107055664,69.0,90.0,101.0,111.0,119.0,-403.9524230957031,484.8149108886719,-1004.0,-993.0,-35.0,32.0,62.0,54.87786102294922,32.905418395996094,10.0,36.0,59.0,77.0,92.0,323.31103515625,269.5688781738281,91.0,135.0,235.0,417.0,700.0,104.27963256835938,35.871681213378906,50.0,93.0,114.0,128.0,138.0,107.27243041992188,33.20149230957031,58.0,95.0,116.0,129.0,139.0,94.70655059814453,20.63043212890625,73.0,86.0,97.0,107.0,115.0,103.34146118164062,31.4317684173584,64.0,82.0,103.0,127.0,145.0,114.0103759765625,46.85260009765625,66.0,101.0,118.0,131.0,142.0,-28.629053115844727,166.63072204589844,-185.5999999999999,-6.0,27.0,44.0,57.0,94.82965087890625,36.764984130859375,43.0,77.0,102.0,122.0,134.0,16.329500198364258,18.86910629272461,0.0,8.0,17.0,26.0,36.0
s0245,,,,,,,,,,,,,,,,,,,,,,,,,,,,,103.9093017578125,75.58096313476562,7.0,54.0,105.0,155.0,200.0,-107.63709259033203,367.2668151855469,-913.0,-62.0,38.0,103.0,158.0,68.34674835205078,82.88434600830078,-38.0,14.0,70.0,123.0,171.0,,,,,,,,173.27064514160156,81.64756774902344,69.0,119.0,174.0,228.0,276.0,66.87263488769531,78.53387451171875,-33.0,13.0,67.0,120.0,168.0,111.43783569335938,71.9942398071289,20.0,63.0,111.0,159.0,203.0,143.86048889160156,82.16825103759766,33.0,88.0,150.0,203.0,245.0,146.4343719482422,85.07007598876953,40.0,93.0,148.0,201.0,249.0,36.5,78.40950775146484,-54.0,-11.0,37.0,86.0,131.0,136.56484985351562,79.87847900390625,40.0,90.0,141.0,190.0,231.0,,,,,,,
s0246,,,,,,,,228.18115234375,137.6417999267578,80.10000000000014,128.0,200.0,304.0,412.0,217.990966796875,166.9727020263672,60.0,103.0,171.0,289.0,446.2999999999993,229.5817413330078,161.91775512695312,84.0,119.0,179.0,293.0,457.0,,,,,,,,,,,,,,,,,,,,,,276.7264099121094,146.29624938964844,148.0,189.0,242.0,319.0,439.39999999999964,61.55593490600586,33.58464813232422,35.0,48.0,60.0,72.0,84.0,53.96529006958008,29.739416122436523,26.0,41.0,54.0,67.0,79.0,59.568302154541016,17.905656814575195,38.0,49.0,60.0,71.0,81.0,51.28378677368164,18.26447868347168,28.0,39.0,51.0,64.0,75.0,,,,,,,,,,,,,,,54.599002838134766,18.01360321044922,32.0,43.0,55.0,67.0,77.0,12.437007904052734,17.293867111206055,-8.0,0.0,11.0,23.0,35.0
s0247,,,,,,,,,,,,,,,,,,,,,,,,,,,,,107.10202026367188,63.54849624633789,28.0,67.0,109.0,149.0,186.0,63.71102523803711,146.74330139160156,-6.0,39.0,83.0,126.0,162.0,83.49659729003906,64.83049774169922,0.0,43.0,86.0,126.0,164.0,,,,,,,,146.549072265625,61.5020637512207,67.0,108.0,149.0,189.0,222.0,145.17344665527344,67.81278228759766,60.0,105.0,148.0,190.0,228.0,115.95513916015625,62.318077087402344,37.0,75.0,116.0,157.0,195.0,159.92926025390625,64.13858032226562,78.0,119.0,162.0,203.0,241.0,173.67703247070312,89.02572631835938,83.0,130.0,175.0,216.0,255.0,53.58192443847656,107.11802673339844,-27.0,19.0,64.0,107.0,147.0,150.46334838867188,63.86272048950195,68.0,110.0,153.0,194.0,229.0,15.793910026550293,46.74586868286133,-44.0,-16.0,15.0,47.0,76.60000000000036
s0248,,,,,,,,,,,,,,,,,,,,,,,,,,,,,,,,,,,,,,,,,,,,,,,,,,,,,,,,,,,,,,,,,,,,,,,,,,,,,,,,,,,,,,,,,,,,,,,,,,,,,,,,,,,,,,,,
s0249,,,,,,,,,,,,,,,,,,,,,,,,,,,,,47.39151382446289,84.13800048828125,-60.0,-9.0,47.0,104.0,156.0,16.658525466918945,108.77122497558594,-101.0,-42.0,20.0,82.0,139.0,30.580801010131836,96.92666625976562,-92.0,-37.0,31.0,97.0,161.80000000000007,,,,,,,,84.49472045898438,103.4242172241211,-46.0,15.0,83.0,150.0,218.0,94.8342056274414,164.90728759765625,-48.0,12.0,77.0,147.0,217.0,70.94434356689453,87.305419921875,-39.0,13.0,70.0,128.0,183.0,59.957855224609375,77.3584976196289,-36.0,14.0,61.0,106.0,153.0,61.75276565551758,83.36148071289062,-30.0,16.0,62.0,110.0,158.0,-49.28238296508789,231.1630859375,-185.79999999999995,-54.0,7.0,59.0,106.0,59.21235275268555,58.91970443725586,-14.0,22.0,60.0,98.0,132.0,,,,,,,
s0250,4.953961372375488,62.642154693603516,-75.0,-35.0,6.0,47.0,84.0,192.29312133789062,208.26132202148438,-23.0,57.0,159.0,280.0,437.0,312.8299560546875,300.3412780761719,29.0,112.0,228.0,427.0,739.0,320.5704040527344,306.7879638671875,31.0,115.0,233.0,438.0,761.0,100.38919830322266,82.91759490966797,-4.0,47.0,102.0,156.0,204.0,-3.2379322052001953,233.10804748535156,-119.0,-27.0,44.0,109.0,167.0,15.277615547180176,97.76673126220703,-111.0,-49.0,16.0,80.0,139.0,279.4131164550781,242.83251953125,39.0,116.5,225.0,378.5,593.0,122.57122039794922,98.4031753540039,-4.0,60.0,127.0,190.0,244.0,104.59799194335938,102.37174987792969,-31.0,36.0,110.0,176.0,232.0,60.693809509277344,81.65746307373047,-40.0,8.0,61.0,114.0,162.0,84.9500503540039,87.90259552001953,-30.0,28.0,90.0,145.0,192.0,115.78349304199219,85.98307800292969,7.0,61.0,117.0,170.0,219.0,-82.14520263671875,302.6603698730469,-667.3,-71.0,17.0,80.25,138.0,99.0653305053711,63.8013916015625,16.0,58.0,101.0,142.0,179.0,,,,,,,
s0252,6.8244218826293945,50.85261917114258,-56.0,-25.0,7.0,39.0,69.0,229.30181884765625,232.03378295898438,-10.0,76.0,183.0,332.0,537.0,395.21630859375,329.30303955078125,62.0,175.0,312.0,541.0,895.0,407.5487976074219,334.6985168457031,64.0,178.0,324.0,568.0,909.0,72.35124969482422,77.86463165283203,-8.0,33.0,75.0,117.0,157.0,117.48187255859375,268.57489013671875,-67.0,89.0,190.0,256.0,308.0,84.7715072631836,73.15438079833984,-8.0,35.0,85.0,134.0,179.0,412.1387023925781,320.40582275390625,109.0,206.0,324.0,520.0,907.0,68.81253051757812,79.15850067138672,-33.0,16.0,69.0,122.0,170.0,70.70208740234375,77.2068099975586,-27.0,19.0,70.0,123.0,169.0,80.1494140625,63.59028625488281,0.0,39.0,81.0,121.0,160.0,82.55944061279297,69.55879974365234,-8.0,40.0,87.0,127.0,166.0,84.85529327392578,71.633056640625,0.0,42.0,84.0,128.0,173.0,-129.51597595214844,358.58001708984375,-873.0,-89.0,16.0,76.0,128.0,93.13558197021484,40.26123809814453,45.0,69.0,95.0,119.0,141.0,16.282522201538086,58.83601760864258,-58.0,-22.0,15.0,55.0,91.0
s0253,,,,,,,,154.33523559570312,167.4259796142578,-29.0,47.0,133.0,236.0,353.0,263.67962646484375,294.33099365234375,-28.0,64.0,188.0,392.0,695.0,230.43702697753906,268.2236633300781,-33.0,58.0,164.0,336.0,597.0,30.572690963745117,91.88318634033203,-76.0,-23.0,32.0,87.0,138.0,-26.636661529541016,207.94708251953125,-142.0,-60.0,9.0,73.0,130.0,21.921348571777344,90.26545715332031,-92.0,-37.0,21.0,83.0,137.0,284.16644287109375,288.8409423828125,26.0,100.0,200.0,370.0,686.6000000000004,21.643566131591797,85.0265121459961,-86.0,-34.0,22.0,78.0,129.0,26.41183090209961,83.36589813232422,-80.0,-28.0,27.0,81.0,132.0,45.65387725830078,83.34664916992188,-59.0,-8.0,46.0,100.0,151.0,27.750932693481445,96.37020874023438,-94.0,-35.0,27.0,92.0,150.0,29.755334854125977,97.25496673583984,-63.0,-17.0,27.0,72.0,121.0,13.167115211486816,92.91122436523438,-74.0,-27.0,18.0,63.0,107.0,24.73006820678711,77.86456298828125,-72.0,-25.0,24.0,75.0,122.0,7.833063125610352,69.32510375976562,-83.4,-38.0,7.0,55.0,96.79999999999995
s0254,,,,,,,,,,,,,,,,,,,,,,,,,,,,,,,,,,,,,,,,,,,,,,,,,,,,,,,,,,,,,,,,,,,,,,,,,,,,,,,,,,,,,,,,,,,,28.882038116455078,70.84185028076172,-28.0,12.0,42.0,67.0,87.0,,,,,,,,,,,,,,
s0255,23.964731216430664,33.52322006225586,-2.0,10.0,24.0,36.0,48.0,220.69334411621094,192.5997314453125,61.0,102.0,161.0,274.0,449.09999999999854,409.3386535644531,288.6680603027344,140.0,197.0,310.0,551.0,855.0,406.6726379394531,289.0277404785156,142.0,196.0,301.0,543.0,857.0,73.57266235351562,17.954538345336914,51.0,62.0,75.0,86.0,95.0,-7.076209545135498,151.366943359375,-75.0,-8.0,25.0,55.0,81.0,84.12202453613281,27.134183883666992,49.0,71.0,87.0,100.0,111.0,387.61651611328125,287.57275390625,169.0,203.0,277.0,444.0,825.0,92.5669174194336,29.615453720092773,52.0,74.0,97.0,113.0,125.0,89.8778076171875,30.01580238342285,48.0,71.0,95.0,111.0,123.0,62.643516540527344,14.98677921295166,45.0,55.0,64.0,72.0,80.0,64.79190063476562,28.284870147705078,33.0,44.0,61.0,82.0,102.0,183.05894470214844,77.84447479248047,106.0,168.0,188.0,201.0,214.0,28.65567398071289,28.933618545532227,-1.0,15.0,30.0,45.0,63.0,154.19602966308594,55.75674057006836,82.0,108.0,162.0,196.0,217.0,27.85153579711914,19.633834838867188,3.0,12.0,27.0,43.0,54.0
s0256,,,,,,,,,,,,,,,457.96185302734375,314.0362548828125,128.0,227.0,369.0,652.0,930.4000000000001,,,,,,,,122.07893371582031,99.42446899414062,-4.0,56.0,122.0,188.0,248.0,-3.364720344543457,216.58705139160156,-125.0,-39.0,33.0,102.0,165.0,113.8303451538086,90.37395477294922,0.0,53.0,115.0,175.0,227.0,391.8265686035156,352.4058532714844,70.0,169.0,293.0,498.0,906.0,142.6267852783203,96.76445007324219,16.0,79.0,145.0,208.0,264.0,137.19374084472656,105.3199691772461,2.0,67.0,139.0,209.0,270.0,95.93732452392578,90.43509674072266,-18.0,35.0,96.0,156.0,211.0,115.13029479980469,88.33382415771484,4.0,57.0,114.0,173.0,227.0,204.31163024902344,99.84703063964844,78.0,141.0,207.0,270.0,328.0,26.66295623779297,149.69705200195312,-84.0,-22.0,44.0,104.0,153.0,166.5347900390625,102.41177368164062,37.0,99.0,167.0,236.0,297.0,39.40243148803711,72.3941650390625,-52.0,-9.0,38.0,88.0,133.0
s0257,24.711021423339844,68.94619750976562,-54.0,-15.0,27.0,67.0,105.0,132.09939575195312,220.48023986816406,-92.0,-18.0,88.0,229.0,407.0,279.326904296875,337.94140625,-44.0,42.0,177.0,428.0,784.0,268.0152282714844,343.7985534667969,-54.0,30.0,162.0,406.0,784.0,102.49365234375,62.707462310791016,22.0,63.0,104.0,144.0,181.0,-19.753665924072266,230.86422729492188,-95.0,-20.0,32.0,78.0,120.0,29.83511734008789,69.40557861328125,-59.0,-15.0,31.0,77.0,118.0,276.6069641113281,298.8765563964844,-25.0,68.0,203.0,409.0,702.0,89.9449691772461,76.75932312011719,-9.0,39.0,92.0,142.0,186.0,84.22991180419922,77.37950897216797,-16.0,32.0,86.0,138.0,182.0,76.9903793334961,58.29182815551758,2.0,39.0,77.0,116.0,151.0,54.22820281982422,60.637901306152344,-24.0,15.0,56.0,95.0,130.0,167.7214813232422,249.32693481445312,-12.0,53.0,143.0,215.0,281.0,19.622455596923828,65.86380767822266,-63.0,-16.0,21.0,61.0,99.0,117.9978256225586,62.76874542236328,39.0,76.0,117.0,158.0,198.0,10.91462230682373,56.303131103515625,-62.0,-26.0,12.0,48.0,84.0
s0258,,,,,,,,,,,,,,,,,,,,,,,,,,,,,88.93090057373047,66.41899871826172,4.0,45.0,89.0,133.0,174.0,11.627569198608398,165.0887908935547,-65.0,-15.0,34.0,83.0,129.0,92.49497985839844,68.82192993164062,4.0,47.0,93.0,139.0,180.0,403.26776123046875,319.20599365234375,106.0,198.0,316.0,510.0,859.0,132.13284301757812,68.60612487792969,44.0,87.0,133.0,178.0,220.0,124.7808609008789,73.65719604492188,31.0,76.0,125.0,174.0,218.0,86.97220611572266,66.35423278808594,3.0,43.0,87.0,131.0,171.0,122.04998779296875,68.8863525390625,33.0,76.0,123.0,169.0,208.0,127.9634017944336,71.85969543457031,40.0,83.0,129.0,174.0,216.0,51.338478088378906,71.0229721069336,-33.0,6.0,52.0,96.0,137.0,109.74095916748047,59.74617385864258,33.0,70.0,111.0,151.0,185.0,,,,,,,
s0259,,,,,,,,,,,,,,,,,,,,,,,,,,,,,,,,,,,,,,,,,,,,,,,,,,,,,,,,,,,,,,,,,,,,,,,,,,,,,,,,,,,,,,,,,,,,-10.616811752319336,153.2542266845703,-58.0,-1.0,28.0,50.0,63.0,,,,,,,,,,,,,,
s0260,32.312339782714844,40.95604705810547,-2.0,15.0,28.0,46.0,87.0,211.38815307617188,136.1793975830078,79.0,115.0,176.0,272.0,395.0,360.4971923828125,206.93687438964844,137.0,203.0,317.0,483.0,661.0,360.8457946777344,211.5621337890625,142.0,204.0,308.0,472.0,674.0,54.52018737792969,18.14512062072754,32.0,44.0,56.0,67.0,76.0,12.695527076721191,157.9713897705078,-6.0,29.0,51.0,64.0,74.0,60.926570892333984,19.506431579589844,35.0,53.0,64.0,73.0,81.0,315.0885314941406,175.410400390625,166.0,192.0,251.0,385.0,570.0,74.41724395751953,22.19133758544922,48.0,64.0,77.0,89.0,99.0,71.99423217773438,23.072019577026367,44.0,61.0,75.0,87.0,97.0,63.33876037597656,17.861072540283203,42.0,54.0,65.0,74.0,83.0,88.66600036621094,26.668527603149414,59.0,74.0,87.0,102.0,124.0,93.36015319824219,30.671579360961914,53.0,78.0,98.0,112.0,124.0,43.256263732910156,35.48426055908203,3.0,25.0,48.0,67.0,80.0,105.67330932617188,30.019540786743164,67.0,91.0,112.0,126.0,136.0,17.17926025390625,10.03138256072998,4.0,10.0,17.0,24.0,30.0
s0261,26.758277893066406,22.699993133544922,0.0,24.0,32.0,39.0,45.0,193.81381225585938,196.33206176757812,-19.0,51.0,158.0,287.0,454.0,322.63958740234375,265.10528564453125,59.0,126.0,241.0,462.0,717.0,337.5054626464844,267.21173095703125,70.0,138.0,257.0,481.0,735.0,53.5250129699707,9.003169059753418,43.0,48.0,54.0,59.0,64.0,-114.38680267333984,328.74493408203125,-819.0,3.0,28.0,40.0,49.0,45.2078742980957,11.585606575012207,30.0,38.0,46.0,53.0,59.0,317.0985412597656,220.03216552734375,127.0,164.0,253.0,377.0,618.7000000000007,35.57476043701172,11.398222923278809,23.0,29.0,36.0,42.0,49.0,30.43083953857422,10.727194786071777,18.0,25.0,31.0,37.0,43.0,61.63063049316406,11.446964263916016,49.0,56.0,63.0,69.0,74.0,41.983943939208984,9.144754409790039,30.0,36.0,42.0,48.0,53.0,43.76518630981445,9.84072208404541,32.0,38.0,44.0,50.0,56.0,,,,,,,,,,,,,,,19.195547103881836,10.427090644836426,7.0,13.0,19.0,26.0,32.0
s0262,,,,,,,,,,,,,,,,,,,,,,,,,,,,,61.627662658691406,100.8094253540039,-65.0,-4.0,62.0,128.0,189.0,5.010508060455322,128.45355224609375,-118.0,-55.0,11.0,77.0,138.0,56.4443359375,110.23851013183594,-84.0,-15.0,57.0,131.0,196.0,,,,,,,,105.65437316894531,103.83222198486328,-25.0,38.0,106.0,174.0,237.0,97.04371643066406,103.97505950927734,-37.0,31.0,99.0,165.75,226.0,74.05130004882812,95.26378631591797,-45.0,12.0,74.0,136.0,194.0,82.23904418945312,100.22260284423828,-45.0,17.0,84.0,149.0,206.0,91.55297088623047,101.28178405761719,-35.0,25.0,91.0,157.0,219.20000000000073,14.238375663757324,92.77886962890625,-102.0,-46.5,11.0,73.0,135.0,93.3298110961914,87.70464324951172,-17.0,36.0,93.0,151.0,204.0,12.746999740600586,87.2787094116211,-98.0,-44.0,11.0,70.0,123.0
s0263,,,,,,,,,,,,,,,,,,,,,,,,,,,,,,,,,,,,,,,,,,,,,,,,,,,,,,,,,,,,,,,,,,,,,,,,,,,,,,,,,,,,,,,,,,,,40.93480682373047,137.26513671875,-92.0,-19.0,52.0,118.0,181.0,,,,,,,,,,,,,,
s0264,,,,,,,,,,,,,,,412.9233093261719,285.22918701171875,80.30000000000001,193.0,355.0,629.25,825.5000000000002,497.4961853027344,295.34210205078125,125.0,265.0,469.0,709.0,911.6000000000001,78.85315704345703,94.09928131103516,-40.0,16.0,79.0,142.0,197.0,45.58536911010742,134.05154418945312,-79.0,-13.0,55.0,121.0,181.0,74.83662414550781,105.5098876953125,-59.0,5.0,75.0,145.0,208.0,413.7433776855469,366.6440734863281,58.0,169.0,314.0,547.0,1007.3000000000011,119.13888549804688,108.46646118164062,-18.0,48.0,119.0,191.0,255.0,114.62959289550781,106.32435607910156,-20.0,45.0,115.0,186.0,249.0,85.58472442626953,96.19634246826172,-35.0,22.0,85.0,149.0,207.0,101.27035522460938,104.38006591796875,-29.199999999999818,33.0,102.0,170.0,233.0,104.26130676269531,107.73967742919922,-26.0,37.0,105.0,174.0,235.0,-53.61988830566406,236.26100158691406,-231.0,-91.0,-5.0,67.0,135.0,95.53386688232422,87.62976837158203,-5.0,45.0,99.0,150.0,199.0,20.8757381439209,91.04440307617188,-93.59999999999997,-38.0,21.0,78.0,136.0
s0265,,,,,,,,,,,,,,,,,,,,,,,,,,,,,,,,,,,,,,,,,,,,,,,,,,344.6689453125,236.89608764648438,152.0,191.0,257.0,405.25,710.8999999999996,122.92437744140625,276.6966247558594,33.0,55.0,75.0,97.0,135.0,75.60574340820312,100.89134216308594,29.0,52.0,70.0,87.0,107.0,32.57759475708008,20.129779815673828,10.0,21.0,33.0,45.0,55.0,56.091087341308594,20.485904693603516,30.0,43.0,57.0,71.0,82.0,59.77095031738281,20.09173583984375,36.0,47.0,60.0,73.0,84.0,,,,,,,,,,,,,,,,,,,,,
s0266,,,,,,,,,,,,,,,,,,,,,,,,,,,,,60.439613342285156,94.02896881103516,-57.0,0.0,60.0,122.0,179.0,-91.01351165771484,319.4832763671875,-822.0,-87.0,5.0,80.0,146.0,31.718795776367188,117.94786834716797,-118.0,-45.0,33.0,109.0,180.0,,,,,,,,84.2796859741211,104.21305847167969,-50.299999999999955,14.0,86.0,153.0,216.0,75.0650634765625,108.79851531982422,-61.0,4.0,76.0,146.0,212.0,43.470497131347656,95.57228088378906,-76.0,-18.0,43.0,105.0,164.0,75.50069427490234,98.58967590332031,-50.0,14.0,79.0,137.0,193.0,81.30289459228516,96.88919830322266,-40.0,21.0,81.0,142.0,201.0,-68.62235260009766,265.0087585449219,-346.29999999999995,-78.0,0.0,66.0,126.0,81.36018371582031,76.3148193359375,-9.0,36.0,84.0,130.0,172.0,24.075244903564453,98.49320983886719,-102.0,-41.0,24.0,88.0,151.0
s0270,,,,,,,,,,,,,,,,,,,,,,,,,,,,,53.1253662109375,34.90481948852539,10.0,32.0,54.0,76.0,95.0,-159.17416381835938,387.9034118652344,-972.0,-40.0,26.0,55.0,77.0,,,,,,,,,,,,,,,,,,,,,,,,,,,,,38.886600494384766,26.829078674316406,5.0,21.0,39.0,56.0,73.0,48.97578430175781,29.404905319213867,11.0,32.0,51.0,69.0,85.0,333.35101318359375,76.31668853759766,223.0,319.0,355.0,380.0,398.0,13.31348705291748,43.17936325073242,-38.0,-8.0,18.0,42.0,61.0,146.9514617919922,105.68370819091797,51.0,74.0,104.0,199.0,338.0,,,,,,,
s0271,,,,,,,,,,,,,,,,,,,,,,,,,,,,,70.34867095947266,97.4435806274414,-52.0,5.0,69.0,135.0,195.0,-57.765541076660156,280.03033447265625,-370.6999999999998,-69.0,16.0,89.0,154.0,74.94621276855469,106.79093170166016,-60.0,5.0,75.0,145.0,211.0,,,,,,,,93.85502624511719,114.07987976074219,-53.0,17.0,95.0,171.0,239.0,75.49703979492188,108.10401153564453,-63.0,4.0,75.0,149.0,213.0,50.14883041381836,94.39041900634766,-68.0,-11.0,49.0,111.0,170.0,63.49966812133789,94.7859878540039,-53.0,4.0,62.0,122.0,184.0,163.84982299804688,176.064453125,-11.0,45.0,134.0,264.0,347.0,27.68872833251953,126.8410415649414,-76.0,-17.0,38.0,92.0,145.0,211.59400939941406,130.1886749267578,34.0,105.0,227.0,317.0,371.0,8.142391204833984,99.42347717285156,-118.19999999999999,-57.0,8.0,72.0,135.0
s0275,2.6583995819091797,16.671106338500977,-8.0,0.0,6.0,11.0,16.0,338.2411193847656,221.4070587158203,108.0,175.0,282.0,453.0,656.0,499.1616516113281,303.7669372558594,187.0,259.0,411.0,680.0,978.0,491.98345947265625,298.4166564941406,185.0,256.0,407.0,671.0,955.0,53.00764465332031,18.58324432373047,33.80000000000018,46.0,56.0,64.0,72.0,5.599853038787842,137.4520263671875,-1.0,18.0,30.0,41.0,49.0,36.91725540161133,19.774866104125977,12.0,28.0,40.0,50.0,58.0,424.0617370605469,262.9831848144531,195.0,230.0,329.0,529.0,835.0,30.915130615234375,15.77601432800293,12.0,23.0,32.0,41.0,49.0,30.275888442993164,15.771173477172852,12.0,23.0,32.0,40.0,48.0,46.214176177978516,14.114984512329102,31.0,39.0,47.0,55.0,62.0,45.173702239990234,14.514771461486816,28.0,37.0,46.0,54.0,62.0,42.79364013671875,20.233675003051758,24.0,36.0,45.0,54.0,62.0,20.792192459106445,49.92098617553711,-13.0,16.0,30.0,40.0,49.0,38.589698791503906,22.30977439880371,24.0,36.0,43.0,48.0,53.0,9.437843322753906,13.409712791442871,-6.0,2.0,10.0,18.0,25.0
s0277,,,,,,,,,,,,,,,,,,,,,,,,,,,,,,,,,,,,,,,,,,,,,,,,,,,,,,,,,,,,,,,,,,,,,,,,,,,,,,,,,,,,,83.85677337646484,61.55595397949219,54.0,73.0,88.0,102.0,117.0,34.95711898803711,46.172279357910156,-16.0,10.0,36.0,61.0,87.0,75.60880279541016,22.28604507446289,49.0,63.0,76.0,89.0,101.0,,,,,,,
s0278,,,,,,,,,,,,,,,,,,,,,,,,,,,,,,,,,,,,,,,,,,,,,,,,,,,,,,,,,,,,,,,,,,,,,,,,,,,,,,,,,,,,,,,,,,,,39.388763427734375,35.62995529174805,-7.0,13.0,41.0,64.0,82.0,,,,,,,,,,,,,,
s0279,,,,,,,,,,,,,,,,,,,,,,,,,,,,,,,,,,,,,,,,,,,,,,,,,,,,,,,,,,,,,,,,,,,,,,,,,,,,,,,,,,,,,84.07546997070312,91.88590240478516,67.0,84.0,94.0,102.0,109.0,20.47677993774414,72.10979461669922,-28.600000000000023,12.0,37.0,56.0,68.0,82.32227325439453,21.874509811401367,53.0,73.0,86.0,96.0,106.0,,,,,,,
s0281,,,,,,,,,,,,,,,,,,,,,,,,,,,,,,,,,,,,,,,,,,,,,,,,,,,,,,,,,,,,,,,,,,,,,,,,,,,,,,,,,,,,,63.34750747680664,85.83171081542969,47.0,63.0,73.0,80.0,88.0,19.38298797607422,107.42949676513672,-25.0,14.0,40.0,60.0,78.0,,,,,,,,,,,,,,
s0282,,,,,,,,,,,,,,,,,,,,,,,,,,,,,,,,,,,,,,,,,,,,,,,,,,,,,,,,,,,,,,,,,,,,,,,,,,,,,,,,,,,,,,,,,,,,23.36046600341797,88.54363250732422,-52.89999999999999,22.0,47.0,66.0,82.0,,,,,,,,,,,,,,
s0283,,,,,,,,,,,,,,,390.1177673339844,208.86328125,148.0,221.0,347.0,535.25,694.7000000000003,376.64984130859375,191.19505310058594,153.0,222.0,340.0,507.0,656.0999999999999,50.73149490356445,20.33819580078125,28.0,42.0,53.0,63.0,73.0,22.962690353393555,100.61274719238281,-6.0,27.0,45.0,59.0,71.0,42.2891731262207,21.26038360595703,16.0,30.0,43.0,57.0,68.0,369.5173645019531,258.3074645996094,140.0,190.0,292.0,450.0,742.0,64.95234680175781,52.079078674316406,34.0,49.0,62.0,75.0,89.0,61.07041931152344,25.115129470825195,32.0,48.0,62.0,75.0,88.0,61.982059478759766,18.537328720092773,40.0,51.0,63.0,74.0,84.0,56.406253814697266,18.96294403076172,32.0,44.0,57.0,69.0,80.0,61.23513412475586,23.87355613708496,37.0,48.0,61.0,73.0,84.0,,,,,,,,,,,,,,,12.109862327575684,18.027732849121094,-10.0,0.0,12.0,24.0,35.0
s0285,,,,,,,,,,,,,,,,,,,,,,,,,,,,,70.81898498535156,77.10611724853516,-27.0,19.0,71.0,122.0,169.0,29.63228988647461,86.2431869506836,-80.0,-26.0,31.0,87.0,138.0,54.650001525878906,92.08808898925781,-61.0,-7.0,51.0,118.0,176.0,,,,,,,,68.61690521240234,87.19261932373047,-38.5,6.0,66.5,125.0,179.5,49.12294006347656,91.21137237548828,-69.0,-15.5,51.0,112.0,168.39999999999998,50.90842819213867,75.21910858154297,-44.0,1.0,51.0,101.0,147.0,49.96793746948242,70.31610870361328,-40.0,5.0,51.0,96.0,139.0,160.89761352539062,81.1390151977539,59.0,111.0,164.0,214.0,257.0,-8.390454292297363,172.18527221679688,-109.0,-37.0,22.0,74.0,123.0,135.06826782226562,94.50579833984375,14.0,72.0,136.0,198.0,253.0,,,,,,,
s0286,,,,,,,,393.1720886230469,297.9808349609375,82.0,176.0,323.0,565.0,797.9000000000001,289.4461975097656,292.2564697265625,7.0,80.0,197.0,434.0,734.6000000000004,286.7808532714844,253.81478881835938,28.0,103.0,215.0,423.0,661.0,72.32978057861328,71.15605163574219,-18.0,26.0,73.0,120.0,162.0,-107.43277740478516,312.3577575683594,-884.0,-68.0,-3.0,47.0,91.0,60.72078323364258,65.6802749633789,-23.0,17.0,61.0,105.0,144.0,345.81500244140625,317.7643737792969,63.40000000000009,141.0,251.0,437.0,800.0,86.62238311767578,73.51441192626953,-7.0,38.0,88.0,136.0,180.0,84.96162414550781,69.43815612792969,-3.0,40.0,86.0,131.0,172.0,75.16089630126953,65.68731689453125,-8.0,32.0,75.0,118.0,159.0,97.66670227050781,61.89582443237305,18.0,57.0,98.0,139.0,176.0,112.65618896484375,76.14803314208984,30.0,69.0,111.0,152.0,191.0,95.54119873046875,262.885986328125,-36.599999999999966,11.5,58.0,113.0,190.0,91.65201568603516,61.74368667602539,12.0,51.0,92.0,133.0,171.0,108.9501953125,98.68949890136719,-6.0,40.0,100.0,173.0,243.0
s0287,14.368146896362305,27.356525421142578,-13.0,8.0,18.0,28.0,38.0,178.30563354492188,184.65374755859375,4.0,50.0,136.0,247.0,406.0,306.1025390625,254.83213806152344,49.0,116.0,235.0,439.0,668.0,311.8231506347656,261.3194274902344,48.0,114.0,242.0,448.0,687.0,106.71409606933594,35.08689498901367,64.0,94.0,113.0,129.0,141.0,-57.35645294189453,276.1607666015625,-336.0,-2.0,40.0,60.0,73.0,80.8925552368164,35.404354095458984,32.0,65.0,89.0,104.0,116.0,295.8749694824219,227.05799865722656,97.0,138.0,223.0,365.0,619.0,125.6557388305664,51.69901657104492,48.0,84.0,140.0,167.0,183.0,117.84720611572266,59.37580871582031,33.0,68.0,132.0,168.0,185.0,75.13310241699219,19.947782516479492,54.0,67.0,78.0,87.0,95.0,71.29612731933594,34.70856475830078,34.0,46.0,66.0,93.0,116.0,267.0299377441406,56.5644645690918,186.0,265.0,282.0,295.0,309.0,5.148184299468994,115.61835479736328,-35.0,4.0,30.0,49.0,64.0,220.85247802734375,97.57202911376953,82.0,143.0,249.0,292.0,317.0,,,,,,,
s0288,,,,,,,,,,,,,,,,,,,,,,,,,,,,,,,,,,,,,,,,,,,,,,,,,,,,,,,,,,,,,,,,,,,,,,,,,,,,,,,,,,,,,29.513805389404297,30.65980339050293,1.0,14.0,27.0,41.0,55.600000000000136,-34.90510940551758,210.1076202392578,-140.99999999999994,-21.0,18.0,47.0,72.0,,,,,,,,,,,,,,
s0289,,,,,,,,,,,,,,,,,,,,,,,,,,,,,,,,,,,,,,,,,,,,,,,,,,,,,,,,,,,,,,,,,,,,,,,,,,,,,,,,,,,,,180.79188537597656,46.46800994873047,119.0,161.0,188.0,209.0,228.0,18.341678619384766,123.03777313232422,-15.0,17.0,40.0,61.0,81.0,195.22207641601562,39.7144889831543,146.0,179.0,201.0,221.0,237.0,,,,,,,
s0290,,,,,,,,,,,,,,,,,,,,,,,,,,,,,36.228736877441406,28.280109405517578,1.0,20.0,38.0,55.0,70.0,-292.0372619628906,445.3734436035156,-993.0,-934.0,-9.0,31.0,57.0,33.38984298706055,32.902191162109375,-8.0,14.0,36.0,56.0,73.0,,,,,,,,23.063617706298828,26.37120246887207,-10.0,6.0,24.0,41.0,56.0,20.728151321411133,26.57721710205078,-12.0,4.0,21.0,38.0,54.0,36.08964538574219,26.821208953857422,2.0,19.0,36.0,54.0,70.0,34.80524444580078,35.98027801513672,-5.0,17.0,37.0,57.0,75.0,34.97344207763672,32.31877899169922,-2.0,16.0,36.0,55.0,74.0,14.479215621948242,46.08232498168945,-37.0,-7.0,18.0,44.0,66.0,35.54045867919922,29.68129539489746,3.0,20.0,37.0,53.0,68.0,,,,,,,
s0291,-1.2376917600631714,24.945024490356445,-20.0,-10.0,-2.0,6.0,23.0,209.4713134765625,162.01760864257812,30.0,98.0,179.0,290.0,423.0,394.818359375,248.36318969726562,134.0,206.0,331.0,538.0,775.0,396.0130310058594,246.76913452148438,131.0,207.0,337.0,539.0,769.0,69.81463623046875,23.996809005737305,40.0,67.0,76.0,83.0,88.0,-52.5079231262207,236.4644012451172,-120.0,-10.0,7.0,44.0,60.0,57.004493713378906,24.667585372924805,23.0,47.0,62.0,73.0,82.0,334.8407287597656,193.5005645751953,134.0,188.0,285.0,438.75,608.0,96.53587341308594,30.43020248413086,55.0,77.0,106.0,119.0,128.0,89.87615203857422,33.55000305175781,43.0,68.0,100.0,116.0,125.0,46.00035095214844,18.403480529785156,30.0,38.0,46.0,54.0,64.0,92.31407928466797,28.174043655395508,62.0,80.0,94.0,105.0,121.0,101.171630859375,50.49395751953125,52.0,87.0,104.0,115.0,126.0,-28.678516387939453,145.6421661376953,-133.0,-20.0,15.0,35.0,50.0,81.92928314208984,138.24551391601562,58.0,79.0,97.0,116.0,130.0,,,,,,,
s0292,,,,,,,,,,,,,,,,,,,,,,,,,,,,,,,,,,,,,,,,,,,,,,,,,,,,,,,,,,,,,,,,,,,,,,,,,,,,,,,,,,,,,217.2372283935547,52.3889045715332,139.0,203.0,229.0,249.0,268.0,34.63724136352539,38.90361022949219,-7.0,14.0,36.5,59.0,77.0,,,,,,,,,,,,,,
s0293,26.37144660949707,33.40925216674805,-11.0,9.0,29.0,48.0,64.0,167.28370666503906,199.1102294921875,-39.0,15.0,123.0,270.0,437.0,336.993896484375,311.25543212890625,38.0,105.0,231.0,495.0,818.0,323.6339416503906,311.90618896484375,25.0,96.0,219.0,473.0,808.0,110.18643951416016,30.508325576782227,75.0,96.0,113.0,129.0,144.0,-139.48854064941406,436.5005798339844,-980.0,-162.0,90.0,133.0,158.0,57.25840377807617,40.849761962890625,1.0,30.0,62.0,87.0,106.0,282.6832275390625,230.44236755371094,58.0,111.0,228.0,382.0,594.0,139.41929626464844,71.35152435302734,21.0,89.0,161.0,197.0,217.0,141.02383422851562,69.59550476074219,29.0,90.0,162.0,197.0,217.0,106.70901489257812,27.682125091552734,75.0,92.0,108.0,124.0,138.0,121.83004760742188,35.806209564208984,78.0,100.0,123.0,146.0,166.0,145.2274932861328,97.43177032470703,76.0,115.0,140.0,160.0,181.0,28.726898193359375,102.29623413085938,-26.0,16.0,47.0,74.0,98.0,117.27958679199219,41.47923278808594,68.0,98.0,124.0,145.0,160.0,32.037391662597656,27.36161994934082,0.0,13.0,31.0,49.0,67.5
s0294,,,,,,,,,,,,,,,,,,,,,,,,,,,,,87.08575439453125,76.97733306884766,-10.0,35.0,87.0,138.0,185.0,42.72566604614258,83.04622650146484,-63.0,-12.0,42.0,98.0,149.0,,,,,,,,,,,,,,,,,,,,,,,,,,,,,84.26895904541016,73.9940414428711,-9.0,34.0,84.0,133.0,179.0,105.00650024414062,73.4163589477539,11.0,58.0,107.0,154.0,196.0,111.63683319091797,76.51826477050781,14.0,62.0,112.0,162.0,207.0,49.62490463256836,91.78526306152344,-45.0,4.0,55.0,103.0,149.0,105.8901596069336,67.58294677734375,19.0,61.0,107.0,152.0,191.0,,,,,,,
s0295,,,,,,,,,,,,,,,,,,,,,,,,,,,,,,,,,,,,,,,,,,,,,,,,,,,,,,,,,,,,,,,,,,,,,,,,,,,,,,,,,,,,,,,,,,,,10.242982864379883,111.94510650634766,-48.0,0.0,32.0,57.0,75.0,,,,,,,,,,,,,,
s0296,,,,,,,,,,,,,,,,,,,,,,,,,,,,,,,,,,,,,,,,,,,,,,,,,,,,,,,,,,,,,,,,,,,,,,,,,,,,,,,,,,,,,,,,,,,,-74.30508422851562,215.816162109375,-294.0,-69.0,-9.0,30.0,63.0,,,,,,,,,,,,,,
s0298,0.4165283441543579,26.397165298461914,-20.0,-8.0,1.0,11.0,24.0,240.32144165039062,236.05271911621094,2.0,71.0,188.0,336.0,552.0,343.0495300292969,262.7721862792969,75.0,155.0,275.0,469.0,729.0,339.1087341308594,274.5969543457031,47.0,140.0,272.0,474.0,742.0,33.46235275268555,20.625289916992188,10.0,26.0,37.0,46.0,54.0,-130.72396850585938,309.0531005859375,-776.0,-48.0,4.0,26.0,40.0,-2.8079254627227783,29.784223556518555,-43.0,-22.0,0.0,18.0,34.0,400.65386962890625,371.0368347167969,59.0,179.0,320.0,520.0,790.0,19.575641632080078,21.05181884765625,-7.0,8.0,21.0,33.0,43.0,14.27199935913086,22.334192276000977,-15.0,1.0,16.0,29.0,40.0,46.50233459472656,18.70306396484375,26.0,38.0,48.0,58.0,67.0,24.17106819152832,29.490236282348633,-12.0,9.0,26.0,41.0,54.0,37.292789459228516,70.16500091552734,-11.0,15.0,35.0,56.0,86.0,,,,,,,,,,,,,,,,,,,,,
s0299,,,,,,,,,,,,,,,,,,,,,,,,,,,,,98.52360534667969,27.008445739746094,65.0,92.0,104.0,114.0,124.0,-51.51704788208008,230.0574493408203,-207.6999999999989,-20.0,12.0,51.0,75.0,74.85816955566406,37.09309387207031,25.0,59.0,80.0,95.0,110.0,,,,,,,,,,,,,,,135.80650329589844,48.268524169921875,69.4,104.0,139.0,163.0,188.60000000000002,67.2172622680664,22.425012588500977,45.0,57.0,68.0,78.0,88.0,67.64838409423828,34.31306076049805,30.0,48.0,67.0,88.0,107.0,210.52517700195312,48.51270294189453,150.0,199.0,220.0,234.0,244.0,-5.0539093017578125,94.718505859375,-46.0,-9.0,16.0,32.0,45.0,154.31103515625,61.36924743652344,72.0,107.0,170.0,200.0,219.0,14.036470413208008,25.933578491210938,-10.0,-1.0,9.0,21.0,40.0
s0300,-5.116309642791748,48.110137939453125,-67.0,-34.0,-3.0,26.0,54.0,99.80760955810547,171.6622314453125,-83.0,-24.0,68.0,188.0,322.0,237.4082489013672,257.90631103515625,-9.0,58.0,162.0,348.0,602.0,230.29055786132812,246.85366821289062,-7.0,58.0,160.0,339.0,577.0,84.69255065917969,47.801300048828125,24.0,54.0,86.0,116.0,144.0,-52.380218505859375,238.4333038330078,-200.0,-44.0,11.0,58.0,98.0,43.7138557434082,67.19275665283203,-41.79999999999973,0.0,46.0,88.0,127.0,217.4881134033203,200.54832458496094,14.0,83.0,178.0,303.0,464.0,111.20233154296875,66.13462829589844,25.0,69.0,114.0,156.0,192.0,101.49098205566406,69.0549087524414,9.0,58.0,105.0,148.0,186.0,90.61820983886719,54.5809211730957,22.0,55.0,91.0,126.0,159.0,86.74665832519531,62.777156829833984,6.0,46.0,87.0,129.0,166.0,103.51459503173828,86.53661346435547,14.0,57.0,101.0,144.0,184.0,6.08454704284668,90.97978210449219,-67.0,-27.0,15.0,51.0,86.0,94.41947174072266,51.47914123535156,28.0,61.0,95.0,129.0,159.0,12.079404830932617,56.13084030151367,-58.0,-25.0,10.0,49.0,83.0
s0301,42.75926971435547,134.25271606445312,-105.0,-23.0,46.0,122.0,198.0,281.2633056640625,247.72518920898438,35.0,106.0,220.0,388.0,615.0,436.3807678222656,310.2134094238281,103.0,194.0,353.0,639.0,909.0,449.1051025390625,388.4481201171875,93.0,188.0,361.0,666.0,960.0,,,,,,,,,,,,,,,,,,,,,,608.005126953125,272.9629821777344,308.0,396.0,548.0,781.25,1015.0,,,,,,,,,,,,,,,,,,,,,,33.658790588378906,27.152347564697266,3.6000000000000227,21.0,34.0,46.0,56.0,52.71657943725586,79.9728012084961,8.0,25.5,39.0,53.0,95.0,,,,,,,,,,,,,,,,,,,,,
s0303,,,,,,,,,,,,,,,,,,,,,,,,,,,,,61.13705825805664,20.763151168823242,36.0,51.0,64.0,74.0,84.0,15.00467300415039,158.67758178710938,14.0,28.0,41.0,55.0,68.0,62.41458511352539,22.57314109802246,37.0,51.0,64.0,76.0,86.0,279.04998779296875,185.56947326660156,85.0,146.0,243.0,372.0,506.0,51.054351806640625,51.46529006958008,16.0,36.0,58.0,77.0,92.0,51.78813171386719,50.733314514160156,17.0,36.0,59.0,78.0,92.0,56.43694305419922,35.85102462768555,40.0,51.0,61.0,69.0,77.0,45.866241455078125,35.370086669921875,21.200000000000045,35.0,48.0,61.0,74.0,189.18606567382812,47.624473571777344,118.0,177.0,203.0,217.0,229.0,-4.27614688873291,127.29718017578125,-81.0,0.0,29.0,48.0,65.0,126.2316665649414,82.66236877441406,44.0,72.0,113.0,190.0,246.0,,,,,,,
s0304,0.532065749168396,31.268632888793945,-37.0,-16.0,2.0,20.0,36.0,160.77584838867188,165.11032104492188,-34.0,38.0,142.0,254.0,383.0,321.4278564453125,212.32049560546875,95.0,168.0,273.0,440.0,621.0,319.09002685546875,212.9658660888672,94.0,163.0,268.0,438.0,622.0,37.26882553100586,22.589990615844727,10.0,29.0,41.0,51.0,60.0,-19.4835205078125,166.26902770996094,-28.0,-1.0,14.0,29.0,42.0,21.102920532226562,27.64151382446289,-15.0,7.0,24.0,39.0,51.0,323.41778564453125,175.31875610351562,138.0,191.0,288.0,419.0,566.0,18.336578369140625,24.446096420288086,-13.0,4.0,20.0,35.0,48.0,18.697769165039062,25.30998992919922,-9.0,6.0,20.0,33.0,44.0,49.91817092895508,19.886619567871094,28.0,41.0,52.0,62.0,71.0,31.987390518188477,24.460615158081055,0.0,18.0,34.0,48.0,61.0,38.15506362915039,48.92599105834961,2.0,19.0,35.0,50.0,66.0,16.48115348815918,15.520288467407227,-3.0,4.0,17.0,27.0,37.0,,,,,,,,,,,,,,
s0305,,,,,,,,,,,,,,,,,,,,,,,,,,,,,69.79959106445312,87.60572814941406,-40.0,12.0,69.0,127.0,181.0,3.9245235919952393,140.11553955078125,-103.0,-43.0,17.0,75.0,128.0,11.580979347229004,102.6259765625,-121.0,-55.0,12.0,79.0,141.0,,,,,,,,14.662623405456543,109.4575424194336,-125.0,-56.0,15.0,89.0,150.0,29.342819213867188,92.97034454345703,-89.0,-32.0,30.0,91.0,148.60000000000036,44.43024444580078,81.88178253173828,-58.0,-8.0,44.0,97.0,147.0,33.50098419189453,92.5198745727539,-82.0,-25.0,33.0,94.0,149.0,219.07540893554688,112.25965881347656,67.0,153.0,229.0,293.0,349.0,-37.32717514038086,171.647216796875,-147.0,-70.0,-8.0,46.0,99.0,158.59982299804688,112.6431884765625,16.0,79.0,156.0,236.0,306.0,1.1350260972976685,79.37432098388672,-99.0,-52.0,0.0,53.0,102.0
s0306,11.623361587524414,40.86840057373047,-16.0,0.0,13.0,24.0,34.0,123.97972106933594,132.25962829589844,-25.0,32.0,106.0,194.0,288.0,228.48524475097656,188.20840454101562,36.0,95.0,184.0,319.0,493.0,236.68702697753906,193.1148681640625,38.0,101.0,190.0,330.0,513.0,33.42353057861328,16.47100257873535,15.0,25.0,35.0,44.0,52.0,-40.639984130859375,230.37039184570312,-137.0,8.0,33.0,45.0,55.0,-4.914538860321045,26.679759979248047,-41.0,-24.0,-4.0,14.0,30.0,222.0098419189453,150.2158660888672,90.0,120.0,180.0,283.0,411.0,11.829776763916016,25.360755920410156,-12.0,0.0,13.0,23.0,33.0,16.850061416625977,31.787275314331055,-8.0,5.0,17.0,28.0,38.0,45.00058364868164,16.144956588745117,26.0,37.0,46.0,55.0,63.0,39.251895904541016,16.255887985229492,19.0,30.0,40.0,50.0,59.0,41.900089263916016,50.489376068115234,14.0,29.0,41.0,51.0,60.0,,,,,,,,,,,,,,,2.4106831550598145,16.827054977416992,-18.0,-6.0,3.0,12.0,21.0
s0307,-7.438395977020264,28.715965270996094,-40.0,-23.0,-6.0,10.0,26.0,154.07241821289062,177.45425415039062,-21.0,25.0,112.0,232.0,395.0,345.1511535644531,279.1528625488281,69.0,140.0,264.0,479.0,755.0,352.5437316894531,280.6141052246094,73.0,149.0,272.0,490.0,764.0,95.06343078613281,31.997234344482422,61.0,85.0,101.0,114.0,126.0,58.536502838134766,233.29583740234375,-5.0,58.0,126.0,158.0,176.0,54.059974670410156,38.643375396728516,1.0,33.0,59.0,81.0,97.0,293.5774841308594,224.34249877929688,103.0,150.0,225.0,357.0,582.0,139.90689086914062,45.93853759765625,78.0,122.0,148.0,169.0,188.0,139.94580078125,47.15129852294922,72.0,122.0,150.0,171.0,188.0,93.63016510009766,25.400779724121094,66.0,81.0,95.0,109.0,122.0,118.60787963867188,33.211368560791016,77.0,100.0,121.0,141.0,158.0,121.9550552368164,57.20396423339844,55.0,103.0,130.0,148.0,163.0,32.919803619384766,91.34895324707031,-20.0,14.0,44.0,76.0,100.0,96.44886016845703,51.34272766113281,23.0,66.0,105.0,135.0,155.0,57.39423751831055,37.21406936645508,15.0,35.0,57.0,79.0,98.0
s0308,9.91294002532959,31.858272552490234,-26.0,7.0,15.0,25.0,38.0,191.71849060058594,147.93417358398438,37.0,86.0,162.0,262.0,382.0,318.029541015625,218.89633178710938,91.0,152.0,263.0,436.0,638.0,319.629638671875,221.34739685058594,99.0,158.0,258.0,429.0,644.0,63.51699447631836,24.272764205932617,34.0,62.0,71.0,76.0,81.0,9.66026782989502,95.88490295410156,-10.0,-1.0,12.0,43.0,63.0,33.96147155761719,27.637924194335938,-4.0,20.0,39.0,52.0,63.0,296.9379577636719,188.73963928222656,122.0,153.0,239.0,379.0,569.0,122.49612426757812,41.26165771484375,71.0,113.0,130.0,141.0,154.0,122.03793334960938,38.205814361572266,67.0,114.0,131.0,142.0,155.0,85.07178497314453,15.26782512664795,71.0,79.0,86.0,93.0,100.0,92.78782653808594,19.791879653930664,66.0,86.0,97.0,105.0,112.0,108.5228271484375,49.5263786315918,70.0,96.0,109.0,118.0,127.0,44.83342361450195,37.20651626586914,0.0,26.0,52.0,68.0,80.0,86.53791809082031,29.050695419311523,53.0,72.0,92.0,106.0,116.0,13.60025405883789,15.168564796447754,-2.0,6.0,14.0,23.0,30.0
s0310,,,,,,,,,,,,,,,,,,,,,,,,,,,,,63.56370162963867,20.315567016601562,38.0,52.0,65.0,77.0,87.0,31.437137603759766,48.74782180786133,4.0,23.0,38.0,51.0,62.0,,,,,,,,,,,,,,,,,,,,,,,,,,,,,62.85140609741211,13.85598087310791,46.0,55.0,64.0,72.0,79.0,55.11825180053711,17.154409408569336,35.0,45.0,55.0,65.0,75.0,154.5224609375,38.434967041015625,105.0,145.0,165.0,177.0,187.0,-9.161338806152344,151.30462646484375,-117.0,15.0,38.0,52.0,65.0,154.7821807861328,63.87326431274414,69.0,112.0,168.0,193.0,213.0,,,,,,,
s0311,-4.1101531982421875,38.91340255737305,-20.0,-13.0,-5.0,2.0,12.0,184.5364227294922,192.86097717285156,-40.0,29.0,162.5,295.0,440.0,335.3968811035156,264.99139404296875,62.0,141.0,266.0,469.0,727.0,337.24652099609375,261.02593994140625,63.0,148.0,272.0,474.0,725.0,84.51268768310547,18.824527740478516,66.0,81.0,88.0,95.0,100.0,-29.410919189453125,249.22512817382812,-166.0,18.0,52.0,70.0,81.0,71.21284484863281,20.22498321533203,47.0,64.0,74.0,83.0,91.0,304.2220153808594,184.32969665527344,134.0,169.0,249.0,382.0,559.0,123.74166870117188,27.996910095214844,82.0,116.0,131.0,141.0,149.0,118.67204284667969,30.296661376953125,72.0,110.0,128.0,138.0,145.0,86.60037231445312,14.908175468444824,72.0,80.0,87.0,95.0,102.0,80.23113250732422,28.232440948486328,51.0,60.0,75.0,102.0,119.0,100.07341766357422,31.771387100219727,63.0,90.0,106.0,116.0,124.0,11.816267967224121,78.58777618408203,-38.0,2.0,30.0,47.0,61.0,88.76075744628906,99.62823486328125,64.0,81.0,102.0,116.0,127.0,,,,,,,
s0312,,,,,,,,,,,,,,,,,,,,,,,,,,,,,,,,,,,,,,,,,,,,,,,,,,,,,,,,,,,,,,,,,,,,,,,,,,,,,,,,,,,,,,,,,,,,-0.9277652502059937,128.53256225585938,-134.89999999999998,-59.0,12.0,74.0,134.0,,,,,,,,,,,,,,
s0313,,,,,,,,191.1034393310547,244.13262939453125,-28.0,30.0,127.0,278.0,484.0,320.9986572265625,335.7108154296875,30.0,90.0,200.0,429.0,859.0,289.85504150390625,308.2018737792969,21.0,80.0,183.0,392.0,750.0,47.6763801574707,37.266334533691406,-1.0,28.0,51.0,74.0,92.60000000000002,7.295454502105713,47.273040771484375,-60.0,-19.25,14.0,39.0,62.5,-0.19972899556159973,42.988059997558594,-58.0,-27.0,3.0,30.0,52.0,342.47930908203125,444.78656005859375,4.0,84.0,223.0,453.0,787.0,23.43996238708496,34.781982421875,-20.0,1.0,24.0,47.0,67.0,29.60437774658203,34.20975875854492,-13.0,8.0,31.0,53.0,72.0,44.93587875366211,35.35066223144531,0.0,22.0,45.0,69.0,90.0,33.69845962524414,37.728759765625,-15.0,9.0,35.0,59.0,81.0,42.72895431518555,82.65193176269531,-15.0,11.0,37.0,63.0,87.0,,,,,,,,,,,,,,,,,,,,,
s0314,34.31238555908203,134.85728454589844,-49.0,-9.0,32.0,75.0,118.0,109.76087188720703,179.8382568359375,-73.0,-13.0,73.0,192.0,335.0,225.39642333984375,287.8829650878906,-37.0,36.0,145.0,321.0,612.0,224.8165283203125,292.8970031738281,-40.0,33.0,142.0,319.0,622.0,39.915740966796875,72.86724090576172,-35.0,0.0,38.0,76.0,113.0,-409.7621154785156,479.4599914550781,-1001.0,-963.5,-72.0,17.0,65.0,41.478580474853516,58.19168472290039,-31.0,3.0,41.0,79.0,115.0,217.5584716796875,254.06219482421875,-27.0,53.0,162.0,307.0,521.0,29.955781936645508,57.588890075683594,-41.0,-7.0,29.0,67.0,102.0,27.696409225463867,60.711307525634766,-48.0,-10.0,28.0,67.0,103.20000000000073,48.190277099609375,56.70195007324219,-23.0,11.0,48.0,85.0,120.0,33.30887985229492,53.45969772338867,-32.0,-1.0,32.0,67.0,99.0,55.18947982788086,135.0543975830078,-37.0,0.0,40.0,83.0,129.0,29.346332550048828,53.54875183105469,-37.0,-4.0,28.0,62.0,99.0,31.067602157592773,45.67512130737305,-26.0,1.0,31.0,61.0,89.0,12.976551055908203,58.186546325683594,-59.0,-25.0,13.0,51.0,86.0
s0315,,,,,,,,,,,,,,,346.9278564453125,265.95745849609375,67.0,148.0,279.0,498.0,752.2000000000003,,,,,,,,36.188148498535156,65.78731536865234,-47.0,-7.0,36.0,79.0,120.0,-139.81768798828125,333.230224609375,-894.0,-106.0,-15.0,46.0,98.0,31.319433212280273,86.81495666503906,-79.0,-25.0,31.0,89.0,141.0,294.38018798828125,250.94989013671875,41.0,130.0,242.0,390.0,620.0,21.425222396850586,77.45633697509766,-76.0,-29.0,21.0,72.0,120.0,20.741470336914062,75.70256805419922,-75.0,-29.0,21.0,71.0,117.0,43.757633209228516,71.55086517333984,-46.0,-2.0,44.0,90.0,134.0,31.85865592956543,80.6591567993164,-69.0,-19.0,31.0,83.0,133.0,32.01334762573242,65.84104919433594,-38.0,0.0,33.0,64.0,98.0,-31.622175216674805,150.7768096923828,-127.0,-54.0,-2.0,41.0,78.0,29.852359771728516,49.406246185302734,-31.0,0.0,30.0,62.0,91.0,0.32246676087379456,74.9411849975586,-94.0,-49.0,0.0,49.0,95.0
s0316,,,,,,,,265.9915466308594,140.94064331054688,117.0,165.0,236.0,340.0,447.0,333.9781799316406,185.2701416015625,153.0,196.0,284.0,431.0,597.0,322.73675537109375,185.43710327148438,141.0,186.0,268.0,424.0,584.0,,,,,,,,,,,,,,,,,,,,,,367.9215087890625,177.6363983154297,206.0,251.0,318.0,429.0,597.9000000000005,,,,,,,,,,,,,,,,,,,,,,34.935340881347656,17.277145385742188,12.600000000000009,22.0,35.0,46.0,57.0,,,,,,,,,,,,,,,,,,,,,,,,,,,,
s0319,11.279726028442383,42.06121826171875,-13.0,0.0,10.0,22.0,35.0,147.34405517578125,162.0565643310547,-29.0,27.0,122.0,223.0,351.0,292.6586608886719,213.23121643066406,76.0,141.0,240.0,396.0,587.0,290.0978698730469,218.89923095703125,70.0,134.0,233.0,392.0,599.0,77.07044982910156,20.02138900756836,56.0,70.0,80.0,89.0,97.0,-37.27876663208008,254.35903930664062,-194.0,15.0,44.0,64.0,78.0,65.97899627685547,26.782142639160156,29.0,54.0,71.0,84.0,94.0,314.8030090332031,196.6582794189453,118.0,169.0,271.0,402.0,575.0,109.77857971191406,26.168594360351562,74.0,101.0,116.0,126.0,135.0,108.58870697021484,28.01297950744629,68.0,99.0,116.0,127.0,135.0,83.69160461425781,16.969804763793945,66.0,76.0,85.0,94.0,102.0,86.11618041992188,25.159914016723633,57.0,69.0,84.0,102.0,120.0,125.37347412109375,41.531410217285156,89.0,114.0,128.0,137.0,146.0,38.43083190917969,36.072601318359375,0.0,24.0,42.0,58.0,72.0,102.43453216552734,96.59512329101562,69.0,96.0,117.0,132.0,143.0,8.706677436828613,15.562841415405273,-8.0,-1.0,6.0,17.0,30.0
s0320,5.237483024597168,33.13799285888672,-38.0,-7.0,10.0,26.0,40.0,128.17111206054688,203.27357482910156,-69.0,-20.0,78.0,220.0,387.0,238.81057739257812,269.4076232910156,-12.0,38.0,148.0,369.0,637.0,250.87550354003906,279.47747802734375,-9.0,45.0,156.0,385.0,665.0,78.92003631591797,29.59855079650879,42.0,62.0,81.0,99.0,114.0,-57.17695617675781,256.81451416015625,-223.0,-12.0,26.0,51.0,72.0,52.31167221069336,44.123836517333984,-8.0,27.0,59.0,83.0,103.0,275.474609375,256.2264709472656,47.20000000000027,91.0,198.0,376.0,620.0,118.47410583496094,58.16632843017578,38.0,70.0,127.0,166.0,189.0,113.07238006591797,61.63006591796875,29.0,63.0,121.0,164.0,188.0,62.12618637084961,23.807098388671875,34.0,49.0,64.0,77.0,89.0,54.10906219482422,38.088600158691406,9.0,29.0,52.0,77.0,102.0,212.50856018066406,231.6316375732422,12.0,40.0,180.0,320.0,378.0,11.425151824951172,67.58546447753906,-36.0,-5.0,20.0,41.0,59.0,137.7021942138672,83.67803192138672,48.0,79.0,124.0,179.0,260.0,21.886226654052734,38.3527946472168,-8.0,5.0,19.0,34.0,48.0
s0321,-15.367987632751465,82.13590240478516,-119.0,-69.0,-15.0,38.0,88.0,273.6700134277344,248.45846557617188,24.0,109.0,217.0,376.0,610.0,433.1604309082031,325.2955627441406,100.0,201.0,338.0,608.0,957.0,430.25201416015625,320.6031799316406,95.0,197.0,341.0,617.0,937.0,66.45387268066406,77.804443359375,-31.0,15.0,66.0,118.0,165.0,-399.37396240234375,454.4628601074219,-980.0,-934.0,-129.0,4.0,73.0,41.67509460449219,90.53777313232422,-70.0,-17.0,41.0,101.0,157.0,420.5821228027344,306.8945007324219,107.0,211.0,339.0,561.0,904.0,102.72545623779297,95.94474029541016,-20.0,40.0,104.0,167.0,223.0,103.71661376953125,91.53413391113281,-12.0,44.0,104.0,165.0,219.0,31.447420120239258,83.57759094238281,-74.0,-23.0,31.0,86.0,137.0,81.2418441772461,91.0165023803711,-32.0,22.0,82.0,139.0,195.0,86.6598892211914,88.44752502441406,-24.0,28.0,86.0,143.0,197.0,-62.55437469482422,244.0005340576172,-353.0,-67.0,4.0,65.0,115.0,84.55072784423828,73.91793823242188,-6.0,38.0,86.0,133.0,176.0,,,,,,,
s0322,,,,,,,,,,,,,,,,,,,,,,,,,,,,,79.41743469238281,54.22494888305664,10.0,44.0,80.0,115.0,148.0,-108.71206665039062,323.2931213378906,-909.0,-53.0,2.0,49.0,90.0,,,,,,,,,,,,,,,,,,,,,,,,,,,,,68.91415405273438,55.18325424194336,0.0,33.0,69.0,105.0,139.0,72.63182067871094,63.08345031738281,-5.0,31.0,71.0,114.0,154.0,153.05796813964844,61.161983489990234,70.0,122.0,161.0,192.0,220.0,12.136940002441406,61.09358215332031,-64.0,-21.0,16.0,51.0,82.0,118.46903228759766,67.18852996826172,39.0,77.0,118.0,159.0,199.0,24.389806747436523,53.32282257080078,-42.0,-11.0,23.0,59.0,94.0
s0324,-12.056614875793457,139.88571166992188,-71.0,-34.0,2.0,36.0,68.0,231.02749633789062,257.5005187988281,-24.0,60.0,170.0,335.0,584.0,325.3846130371094,332.6585693359375,13.0,101.0,226.0,456.0,818.0,316.1986999511719,315.9691467285156,16.0,104.0,226.0,442.0,774.0,37.30351257324219,48.145626068115234,-23.0,5.0,38.0,69.0,98.0,-4.1354756355285645,151.8641357421875,-56.29999999999927,-16.0,19.0,53.0,85.0,35.490596771240234,49.78490447998047,-28.0,2.0,36.0,68.0,98.0,374.155517578125,343.8371276855469,64.0,157.0,274.0,487.5,888.0,32.096046447753906,47.332069396972656,-28.0,0.0,32.0,64.0,92.0,36.192848205566406,50.35560607910156,-26.0,3.0,35.0,68.0,101.0,51.76323699951172,50.4827995300293,-12.0,19.0,52.0,85.0,116.0,30.228515625,48.38421630859375,-30.0,-1.0,30.0,61.0,91.0,31.429317474365234,56.21426010131836,-32.0,0.0,32.0,65.0,97.0,25.99592399597168,46.22906494140625,-33.0,-4.0,27.0,56.0,83.0,32.997283935546875,41.07140350341797,-19.0,6.0,33.0,60.0,85.0,8.63326644897461,48.12810134887695,-52.0,-23.0,7.0,40.0,71.0
s0325,1.2828221321105957,72.23068237304688,-88.0,-44.0,1.0,47.0,89.0,137.4980926513672,187.76315307617188,-67.0,9.0,108.0,229.0,378.0,264.71160888671875,280.7039794921875,-2.0,76.0,186.0,372.0,676.0,283.90185546875,299.7684631347656,-3.0,80.0,199.0,405.0,730.0,103.27362823486328,72.25743865966797,11.0,56.0,104.0,151.0,194.0,-176.21971130371094,386.19091796875,-958.0,-108.0,-13.0,47.0,101.0,71.98029327392578,75.96871948242188,-23.0,23.0,73.0,122.0,167.0,257.1262512207031,253.7330322265625,8.0,91.0,200.0,353.0,588.0,131.31887817382812,74.43563842773438,36.0,85.0,134.0,180.0,223.0,127.9242935180664,76.57561492919922,30.0,79.25,130.0,179.0,223.0,97.57445526123047,67.84416961669922,12.0,54.0,97.0,142.0,183.0,95.89093017578125,80.92134094238281,-8.0,43.0,98.0,150.0,197.0,116.9583740234375,80.6535873413086,17.0,66.0,118.0,170.0,216.0,-48.75474166870117,252.6675567626953,-202.1,-56.0,12.0,70.0,127.09999999999991,116.3043212890625,63.96628952026367,36.0,75.0,117.0,159.0,196.0,11.258150100708008,60.716888427734375,-64.0,-29.0,10.0,51.0,89.0
s0326,,,,,,,,,,,,,,,,,,,,,,,,,,,,,,,,,,,,,,,,,,,,,,,,,,,,,,,,,,,,,,,,,,,,,,,,,,,,,,,,,,,,,66.7690658569336,98.19091033935547,46.0,67.0,78.0,87.0,95.0,33.74387741088867,43.8476676940918,-19.0,8.0,35.0,63.0,90.0,71.89059448242188,24.255783081054688,44.0,63.0,75.0,86.0,94.0,,,,,,,
s0327,4.353774070739746,25.118192672729492,-33.0,-14.0,11.0,23.0,31.0,147.98733520507812,130.0974578857422,11.0,58.0,122.0,209.0,314.0,217.82525634765625,165.67076110839844,64.0,105.0,173.0,280.0,441.0,225.59109497070312,177.82044982910156,65.0,107.0,175.0,289.0,463.0,80.96174621582031,20.018978118896484,58.0,72.0,84.0,94.0,102.0,76.59325408935547,44.923301696777344,28.0,54.0,83.0,106.0,122.0,91.86713409423828,28.684568405151367,53.0,77.0,97.0,111.0,122.0,262.562255859375,138.4437255859375,135.0,166.0,225.0,322.0,448.0,22.674406051635742,19.564897537231445,-3.0,9.0,25.0,37.0,46.0,21.880325317382812,16.836984634399414,-1.0,12.0,24.0,34.0,41.0,48.9386100769043,14.907283782958984,31.0,41.0,50.0,58.0,65.0,45.740875244140625,21.850433349609375,24.0,33.0,43.0,53.0,73.0,294.0851745605469,69.53190612792969,196.0,276.0,311.0,328.0,344.0,45.48066711425781,33.08808517456055,11.0,30.0,47.0,64.0,80.0,132.23394775390625,54.722442626953125,78.0,99.0,119.0,152.0,224.0,11.887837409973145,15.777997970581055,-5.0,3.0,11.0,20.0,31.0
s0328,7.842528343200684,31.461700439453125,-15.0,-3.0,7.0,19.0,35.0,250.43519592285156,204.45883178710938,41.0,114.0,203.0,335.0,521.0,386.20135498046875,292.9146423339844,96.0,174.0,302.0,532.0,814.0,391.7939758300781,296.78399658203125,98.0,173.0,304.0,545.0,833.0,86.17262268066406,26.733802795410156,55.0,77.0,92.0,103.0,112.0,20.028200149536133,112.76632690429688,-20.0,5.0,27.0,54.0,74.0,40.17679977416992,34.228824615478516,-7.0,19.0,45.0,65.0,80.0,372.3437194824219,253.89297485351562,151.0,192.0,286.0,465.0,739.0,120.2845458984375,32.78570556640625,76.0,105.0,128.0,143.0,154.0,116.07807159423828,34.68327713012695,68.0,99.0,125.0,140.0,151.0,100.34625244140625,20.726808547973633,78.0,92.0,102.0,112.0,121.0,110.00794982910156,29.255769729614258,74.0,91.0,111.0,131.0,147.0,127.28303527832031,64.82238006591797,68.0,109.0,132.0,146.0,157.0,39.05128860473633,30.679887771606445,2.0,23.0,43.0,59.0,73.0,92.23599243164062,34.730228424072266,46.0,72.0,95.0,116.0,135.0,11.909957885742188,14.171414375305176,-4.0,3.0,11.0,20.0,29.0
s0329,186.8953857421875,231.6150360107422,9.0,34.0,60.0,345.0,583.0,268.34344482421875,174.9078826904297,77.0,145.0,236.0,354.0,502.0,411.4654235839844,218.2509307861328,172.0,243.0,365.0,547.0,727.0,409.7381286621094,224.0203857421875,167.0,238.0,362.0,546.0,738.0,65.689208984375,15.713107109069824,51.0,60.0,68.0,75.0,81.0,-40.279293060302734,194.73655700683594,-70.0,-21.0,2.0,32.0,52.0,45.74156188964844,25.348970413208008,9.0,33.0,51.0,63.0,72.0,381.1940612792969,209.9940185546875,192.0,227.0,312.0,466.0,692.0,95.26890563964844,33.52435302734375,68.0,87.0,98.0,107.0,115.0,90.39761352539062,32.095603942871094,58.0,83.0,95.0,103.0,110.0,63.265106201171875,14.40804672241211,49.0,57.0,64.0,71.0,78.0,68.28246307373047,17.287790298461914,48.0,60.0,70.0,79.0,88.0,73.30400848388672,26.306678771972656,37.0,63.0,80.0,90.0,99.0,11.921479225158691,60.83082580566406,-42.0,0.0,26.0,44.0,57.0,77.52606201171875,43.55457305908203,55.0,70.0,83.0,93.0,100.0,23.59990882873535,16.94893455505371,2.0,14.0,24.0,35.0,44.0
s0330,,,,,,,,,,,,,,,,,,,,,,,,,,,,,37.42250442504883,21.189252853393555,12.0,26.0,39.0,51.0,62.0,-82.6400375366211,282.5367431640625,-486.09999999999945,-13.0,17.0,36.0,51.0,12.698884963989258,32.985111236572266,-32.0,-7.0,16.0,36.0,52.0,,,,,,,,17.24311637878418,23.973154067993164,-13.0,4.0,19.0,33.0,45.0,19.152204513549805,22.32147216796875,-9.0,6.0,21.0,34.0,46.0,21.63133430480957,21.778608322143555,-5.0,8.0,22.0,36.0,49.0,27.23687744140625,22.996074676513672,-1.0,13.0,28.0,43.0,56.0,31.194076538085938,25.861494064331055,0.0,17.0,33.0,47.0,61.0,16.11050796508789,23.584348678588867,-10.0,2.0,17.0,32.0,43.0,,,,,,,,-5.156965732574463,20.258773803710938,-31.0,-18.0,-4.0,8.0,20.0
s0331,,,,,,,,,,,,,,,,,,,,,,,,,,,,,134.6161346435547,57.24644088745117,62.0,97.0,135.0,172.0,207.0,-23.117504119873047,278.6961669921875,-272.5999999999999,-22.0,53.0,116.0,171.0,96.50939178466797,77.14159393310547,0.0,46.0,98.0,147.0,193.0,,,,,,,,170.2281036376953,73.08451843261719,77.0,124.0,172.0,219.0,261.0,164.5572967529297,73.94636535644531,72.0,118.0,167.0,214.0,255.0,103.7291030883789,62.30363464355469,26.0,63.0,103.0,144.0,182.0,126.30892944335938,72.51219940185547,34.0,78.0,127.0,176.0,217.0,179.24148559570312,69.75679016113281,89.0,137.0,183.0,226.0,264.0,-314.388916015625,506.1378173828125,-999.0,-950.0,-7.0,110.0,180.0,140.19473266601562,75.41854095458984,53.0,97.0,143.0,187.0,227.0,,,,,,,
s0332,12.822918891906738,39.45425033569336,-35.0,-10.0,14.0,38.0,60.0,273.198974609375,266.25439453125,24.0,77.0,192.0,389.0,655.0,461.1349182128906,363.80377197265625,83.0,167.0,345.0,706.0,1037.0,510.0446472167969,608.4296264648438,87.0,156.0,304.0,645.0,1035.0,67.85431671142578,32.171878814697266,28.0,50.0,71.0,89.0,105.0,33.49329376220703,114.72773742675781,-2.0,23.0,48.0,72.0,93.0,69.24566650390625,34.5233268737793,26.0,50.0,72.0,92.0,109.0,427.0264587402344,306.1393127441406,115.0,173.0,340.0,616.0,883.2000000000007,129.87290954589844,61.01564025878906,40.0,88.0,144.0,176.0,198.0,95.61001586914062,56.925418853759766,20.0,58.0,102.0,138.0,164.0,60.8453483581543,26.51565170288086,28.0,44.0,61.0,78.0,93.0,67.83747863769531,40.96101379394531,19.0,40.0,65.0,93.0,121.0,268.73175048828125,127.14349365234375,151.0,239.0,269.0,291.0,312.0,9.517951011657715,120.37576293945312,-44.09999999999991,3.0,34.0,58.0,77.0,166.2635040283203,92.00863647460938,70.0,99.0,145.0,230.0,305.0,17.56934928894043,24.839839935302734,-12.0,1.0,17.0,33.0,48.0
s0333,,,,,,,,,,,,,,,,,,,,,,,,,,,,,,,,,,,,,,,,,,,,,,,,,,,,,,,,,,,,,,,,,,,,,,,,,,,,,,,,,,,,,237.8477020263672,62.58003616333008,161.0,224.0,248.0,266.5,285.0,-0.09342963993549347,43.2209358215332,-54.0,-20.0,7.0,27.0,44.0,,,,,,,,,,,,,,
s0334,22.34210205078125,30.919830322265625,-14.0,12.0,28.0,41.0,53.0,170.06179809570312,180.19149780273438,-12.0,46.0,133.0,245.0,395.0,305.2354431152344,249.69769287109375,66.0,124.0,226.0,421.0,675.0,312.8711242675781,257.2123107910156,67.0,126.0,230.0,435.0,696.0,85.71012115478516,22.929683685302734,61.0,76.0,89.0,100.0,110.0,-83.45922088623047,316.0478515625,-740.2999999999993,-9.0,48.0,75.0,94.0,66.64984130859375,27.889848709106445,31.0,52.0,70.0,84.0,97.0,315.6353759765625,229.05484008789062,118.0,158.0,238.0,392.0,651.0,119.08136749267578,39.825313568115234,62.0,89.0,129.0,150.0,163.0,110.55076599121094,45.05106735229492,48.0,78.0,123.0,146.0,160.0,105.84969329833984,22.060752868652344,81.0,95.0,108.0,120.0,131.0,83.87691497802734,35.57429885864258,40.0,57.0,81.0,112.0,132.0,113.33665466308594,32.1898078918457,68.0,100.0,120.0,135.0,146.0,6.67930269241333,70.97513580322266,-36.0,-1.0,21.0,38.5,53.0,102.11279296875,38.15943908691406,51.0,83.0,109.0,129.0,143.0,8.68979263305664,18.659025192260742,-11.0,-1.0,9.0,19.0,31.0
s0335,,,,,,,,,,,,,,,,,,,,,,,,,,,,,38.8720588684082,41.60555648803711,-13.0,11.0,39.0,67.0,92.0,34.4703254699707,48.426300048828125,-28.0,2.0,35.0,66.0,98.0,,,,,,,,,,,,,,,,,,,,,,,,,,,,,44.48030471801758,46.24273681640625,-13.0,13.0,43.0,75.0,104.0,20.06855583190918,33.208473205566406,-20.0,0.0,21.0,42.0,60.0,40.16270065307617,35.40391540527344,-4.0,17.0,40.0,63.0,85.0,28.95929527282715,37.20085906982422,-18.0,4.0,28.0,55.0,76.0,30.255210876464844,48.56672668457031,-14.0,9.0,33.0,56.0,77.0,,,,,,,
s0336,,,,,,,,,,,,,,,,,,,,,,,,,,,,,30.499317169189453,35.20872116088867,-13.0,7.0,30.0,53.0,75.0,18.978792190551758,49.170108795166016,-40.0,-10.0,20.0,50.0,79.0,,,,,,,,,,,,,,,,,,,,,,,,,,,,,7.835956573486328,36.79328536987305,-38.0,-16.0,7.0,32.0,54.0,13.654874801635742,38.13704299926758,-34.0,-9.0,14.0,37.0,60.0,30.819564819335938,35.9033203125,-9.0,12.0,33.0,53.0,70.0,-3.102159261703491,136.85018920898438,-45.0,-7.0,21.0,46.0,69.0,25.732593536376953,32.15388107299805,-14.0,6.0,27.0,47.0,65.0,,,,,,,
s0338,,,,,,,,,,,,,,,,,,,,,,,,,,,,,63.31651306152344,33.72282028198242,21.0,44.0,65.0,85.0,103.0,4.575988292694092,160.57640075683594,-22.0,8.0,35.0,59.0,79.0,,,,,,,,,,,,,,,,,,,,,,,,,,,,,48.942626953125,23.45195960998535,21.0,35.0,49.0,63.0,77.0,80.63388061523438,33.29875183105469,43.0,63.0,83.0,102.0,118.0,425.87091064453125,106.1603775024414,243.0,425.0,462.0,487.0,508.0,15.102581024169922,146.7544708251953,-11.0,24.0,46.0,64.0,80.0,201.46417236328125,166.7801055908203,64.0,91.0,126.0,301.0,497.0,,,,,,,
s0339,16.02730369567871,55.674320220947266,-55.0,-18.0,17.0,53.0,84.0,216.52801513671875,216.4569091796875,15.0,68.0,153.0,303.0,510.0,379.8765563964844,332.0476379394531,63.0,128.0,255.0,573.0,925.0,377.3226318359375,335.2829895019531,59.0,123.0,249.0,567.0,931.0,146.3418426513672,48.38898849487305,88.0,122.0,151.0,178.0,202.0,13.700092315673828,150.53179931640625,-25.0,5.0,34.0,65.0,97.0,59.0858268737793,62.591617584228516,-22.0,16.0,60.0,102.0,139.0,375.1373291015625,289.21142578125,93.0,155.0,284.0,518.0,823.0,202.80291748046875,66.11061096191406,116.0,168.0,211.0,248.0,278.0,199.1324462890625,68.0400390625,106.0,163.0,210.0,246.0,275.0,135.24801635742188,45.6920280456543,80.0,108.0,135.0,163.0,190.0,162.67225646972656,71.42463684082031,66.0,112.0,165.0,222.0,251.0,216.35292053222656,124.93177032470703,109.0,171.0,209.0,243.0,281.0,-89.45262145996094,280.3699951171875,-612.1999999999999,-55.0,12.0,56.0,88.0,194.24603271484375,63.37606430053711,109.0,157.0,208.0,240.0,263.0,92.71953582763672,53.0779914855957,29.0,57.0,89.0,123.0,156.0
s0341,36.0365104675293,56.638790130615234,-4.0,13.0,31.0,50.0,70.30000000000291,195.82766723632812,194.97352600097656,-5.0,58.0,158.0,281.0,442.0,321.0743408203125,264.0061950683594,67.0,134.0,236.0,444.0,720.0,327.41693115234375,267.4944763183594,70.0,137.0,243.0,456.0,735.0,103.24076843261719,24.037776947021484,76.0,93.0,106.0,118.0,129.0,-76.10855865478516,375.8290710449219,-958.0,56.0,94.0,111.0,124.0,99.00064849853516,27.76816749572754,65.0,83.0,100.0,117.0,132.0,290.5912170410156,196.74024963378906,100.0,146.0,244.0,371.0,552.0,143.22866821289062,39.64109420776367,87.0,121.0,151.0,172.0,186.0,142.39334106445312,41.94139099121094,83.0,119.0,152.0,172.0,187.0,108.62920379638672,25.769451141357422,78.0,96.0,111.0,124.0,137.0,106.62885284423828,41.70537185668945,60.0,77.0,100.0,130.0,168.0,134.406005859375,34.71126174926758,84.0,117.0,142.0,159.0,171.0,49.19468688964844,29.613840103149414,16.0,34.0,51.0,68.0,83.0,128.50875854492188,40.358909606933594,81.0,100.0,131.0,162.0,177.0,35.469486236572266,18.811532974243164,12.0,23.0,35.0,47.0,60.0
s0342,3.9918670654296875,38.521728515625,-32.0,-14.0,3.0,21.0,39.0,179.08023071289062,181.19442749023438,-5.0,47.0,140.0,262.0,417.0,338.2742004394531,252.6317138671875,92.0,151.0,259.0,470.0,720.0,334.9549255371094,253.7908935546875,91.0,147.0,251.0,464.0,724.0,116.4886474609375,25.578346252441406,86.0,103.0,119.0,133.0,146.0,-161.81944274902344,396.4913024902344,-966.0,-171.0,46.0,77.0,99.0,100.27629852294922,28.0705509185791,66.0,84.0,101.0,118.0,135.0,322.4254455566406,236.3485565185547,121.0,159.0,248.0,395.0,647.0,118.03758239746094,43.97517776489258,56.0,87.0,126.0,151.0,169.0,116.82124328613281,44.19369888305664,55.0,84.0,125.0,151.0,168.0,81.4639663696289,21.182104110717773,56.0,69.0,82.0,95.0,107.0,94.72276306152344,37.11208724975586,46.0,67.0,96.0,121.0,142.0,125.88592529296875,33.72810363769531,82.0,110.0,132.0,148.0,162.0,-34.52631759643555,170.33731079101562,-92.5,-29.0,10.0,39.0,60.0,105.25084686279297,34.948089599609375,66.0,93.0,111.0,127.0,140.0,25.25945281982422,21.582565307617188,-1.0,11.0,25.0,39.0,53.0
s0343,,,,,,,,,,,,,,,344.06097412109375,201.9600067138672,117.0,199.0,288.0,476.0,649.5999999999999,298.49127197265625,179.79237365722656,107.0,175.0,247.0,394.0,567.0,176.74322509765625,47.63357925415039,122.0,153.0,181.0,206.0,230.0,-82.46131134033203,375.64837646484375,-927.0,-4.0,66.0,125.0,166.0,92.5442886352539,61.266136169433594,11.0,56.0,97.0,133.0,165.0,264.5155334472656,209.4434356689453,67.0,116.0,211.0,344.0,543.0,233.09210205078125,132.05726623535156,39.0,109.0,276.0,345.0,380.0,248.1025390625,118.72466278076172,70.0,138.0,288.0,345.0,378.0,93.43965911865234,40.38325119018555,46.0,69.0,93.0,118.0,142.0,128.8647918701172,83.23263549804688,25.0,56.0,129.0,197.0,238.0,370.04046630859375,112.77640533447266,208.0,342.0,390.0,425.0,457.0,-223.24111938476562,413.5869140625,-936.0,-642.75,16.0,76.0,119.30000000000018,186.07669067382812,99.75057983398438,99.0,128.0,170.0,217.0,309.0,21.33210563659668,36.83489990234375,-25.0,-2.0,20.0,45.0,68.0
s0344,7.363093852996826,30.819957733154297,-20.0,0.0,10.0,22.0,36.0,187.1265411376953,185.9861297607422,12.0,49.0,138.0,267.0,436.0,290.9529113769531,252.6892547607422,49.0,110.0,209.0,408.0,669.0,276.1111755371094,251.43907165527344,33.0,94.0,198.0,391.0,645.0,78.57596588134766,23.462678909301758,57.0,71.0,82.0,92.0,101.0,-6.022418975830078,205.19464111328125,-5.0,23.0,42.0,57.0,69.0,52.657474517822266,32.064697265625,10.0,37.0,58.0,74.0,87.0,255.6762237548828,214.64418029785156,58.0,107.0,198.0,327.5,542.0,88.8175048828125,28.877639770507812,55.0,77.0,94.0,107.0,118.0,85.71732330322266,29.929603576660156,51.0,75.0,92.0,104.0,115.0,81.22378540039062,20.584613800048828,61.0,72.0,83.0,93.0,102.0,75.9887466430664,25.90717887878418,45.0,59.0,75.0,94.0,111.0,101.44649505615234,53.452632904052734,67.0,90.0,103.0,114.0,123.0,15.039703369140625,137.88023376464844,-7.0,25.0,43.0,57.0,69.0,86.36866760253906,31.329904556274414,47.0,74.0,93.0,107.0,117.0,17.75625991821289,26.706329345703125,-11.0,0.0,14.0,35.0,55.0
s0345,13.704859733581543,41.191810607910156,-32.0,-4.0,18.0,39.0,56.0,171.0759735107422,178.99038696289062,-8.0,47.0,132.0,248.0,402.0,326.21356201171875,228.75025939941406,89.0,156.5,268.0,446.0,660.0,315.08514404296875,225.47666931152344,83.0,150.0,257.0,435.0,642.0,53.13051986694336,41.51250076293945,0.0,26.0,54.0,80.0,105.0,-82.54965209960938,261.3226318359375,-336.0,-53.0,-1.0,37.0,71.0,-8.894433975219727,51.543914794921875,-74.0,-43.0,-9.0,25.0,56.0,246.49221801757812,195.01173400878906,61.0,105.0,197.0,328.0,500.0,10.217958450317383,34.8912239074707,-34.0,-12.0,11.0,33.0,54.0,17.32630157470703,39.084129333496094,-32.0,-8.0,18.0,43.0,66.0,49.610782623291016,45.24760437011719,-6.0,20.0,49.0,79.0,107.0,18.460193634033203,40.44789505004883,-33.0,-8.0,18.0,45.0,70.0,25.084259033203125,35.27116394042969,-19.0,4.0,27.0,48.0,67.0,-1.6444542407989502,56.46546173095703,-57.0,-23.0,5.0,30.0,53.0,39.15872573852539,45.52667999267578,-17.0,11.0,39.0,68.0,96.0,,,,,,,
s0346,,,,,,,,,,,,,,,,,,,,,,,,,,,,,,,,,,,,,,,,,,,,,,,,,,,,,,,,,,,,,,,,,,,,,,,,,,,,,,,,,,,,,164.967041015625,41.28852844238281,112.0,153.0,173.0,189.0,203.0,22.357833862304688,41.978973388671875,-9.0,8.0,25.0,42.0,57.0,,,,,,,,,,,,,,
s0347,,,,,,,,,,,,,,,,,,,,,,,,,,,,,22.154556274414062,32.43082809448242,-20.0,13.0,31.0,42.0,51.0,24.274133682250977,22.684680938720703,-4.0,14.0,28.0,39.0,49.0,,,,,,,,,,,,,,,,,,,,,,,,,,,,,26.677785873413086,16.681550979614258,6.0,17.0,28.0,37.0,46.0,37.3792724609375,25.18492317199707,16.399999999999977,30.0,41.0,50.0,59.0,39.204017639160156,19.772043228149414,18.0,30.0,41.0,51.0,59.0,21.308979034423828,31.767993927001953,-10.0,10.0,26.0,39.0,52.0,35.34823226928711,37.92579650878906,17.0,31.0,41.0,49.0,57.0,,,,,,,
s0349,,,,,,,,,,,,,,,,,,,,,,,,,,,,,65.17919921875,49.52939224243164,3.0,33.0,65.0,97.0,128.0,-9.65030574798584,156.51573181152344,-60.0,-21.0,13.0,49.0,84.0,40.55878448486328,83.1478500366211,-51.0,-7.0,38.0,83.0,124.0,,,,,,,,108.18115234375,68.59901428222656,16.0,61.0,113.0,158.0,192.0,89.72845458984375,71.91923522949219,-4.0,42.0,93.0,139.0,179.0,49.54414367675781,40.97118377685547,0.0,24.0,50.0,75.0,100.0,55.30189514160156,53.59312438964844,-11.0,20.0,55.0,90.0,123.0,271.2782287597656,82.68692016601562,159.0,245.0,287.0,317.0,342.0,-36.27806091308594,223.65159606933594,-99.0,-18.0,23.0,55.0,81.0,124.75749969482422,69.4251937866211,44.0,78.0,116.0,168.0,225.0,19.688581466674805,42.96574401855469,-34.0,-8.0,19.0,47.0,73.30000000000007
s0350,-2.1385152339935303,29.72847557067871,-38.0,-18.0,0.0,16.0,31.0,211.3094482421875,244.71975708007812,-18.0,38.0,144.0,306.0,547.0,388.8658142089844,341.4427795410156,45.0,122.0,283.0,577.0,930.0,366.7961730957031,328.337646484375,40.0,112.0,263.0,544.0,886.0,105.86933135986328,27.096349716186523,78.0,94.0,109.0,122.0,134.0,-102.58914947509766,318.5825500488281,-769.0,-36.0,28.0,61.0,87.0,69.22440338134766,39.814029693603516,17.0,49.0,75.0,95.0,112.0,341.798095703125,327.8871154785156,44.0,98.0,234.0,473.0,861.0,145.03977966308594,46.97745132446289,77.0,117.0,156.0,179.0,195.0,147.17401123046875,50.02334976196289,76.0,118.0,159.0,184.0,200.0,99.68524932861328,25.905841827392578,71.0,86.0,100.0,115.0,129.0,100.8697738647461,35.24467468261719,59.0,77.0,99.0,123.0,147.0,191.21865844726562,64.06832885742188,116.0,175.0,200.0,217.0,231.0,45.87538528442383,103.56478881835938,5.0,36.0,62.0,87.0,108.0,151.8647003173828,46.4626579284668,87.0,126.0,160.0,184.0,204.0,,,,,,,
s0353,2.3172104358673096,71.78458404541016,-88.0,-43.0,3.0,48.0,91.0,327.52105712890625,318.9567565917969,-3.0,106.0,252.0,478.0,798.0,370.796142578125,286.8708190917969,76.0,161.0,294.0,526.0,809.0,393.77935791015625,297.3110046386719,84.0,174.0,311.0,570.0,856.0,,,,,,,,46.09746551513672,101.17008209228516,-85.0,-22.0,48.0,115.0,173.0,72.162109375,99.96263122558594,-55.0,6.0,73.0,138.0,201.0,398.5763854980469,326.9216613769531,82.0,174.0,302.0,539.0,902.0,,,,,,,,,,,,,,,92.28982543945312,104.98208618164062,-39.0,23.0,93.0,161.0,226.0,99.07164764404297,101.1083755493164,-28.0,34.0,101.0,164.0,225.0,109.1523666381836,91.9560317993164,-5.0,52.0,110.0,167.0,222.0,-4.732760429382324,168.29364013671875,-126.0,-34.0,26.0,80.0,130.20000000000027,113.27117919921875,67.4140396118164,27.0,69.0,114.0,158.0,198.0,,,,,,,
s0354,,,,,,,,,,,,,,,,,,,,,,,,,,,,,92.21163177490234,51.741146087646484,26.0,58.0,93.0,127.0,157.0,38.318641662597656,104.36781311035156,-35.0,6.0,48.0,88.0,124.0,98.22177124023438,68.3349838256836,12.0,54.0,98.0,143.0,183.0,,,,,,,,132.6663360595703,79.30807495117188,27.0,78.0,136.0,190.0,232.0,128.49697875976562,74.67801666259766,30.0,76.0,131.0,182.0,223.0,59.55830383300781,53.00042724609375,-6.0,25.0,59.0,94.0,126.0,57.834293365478516,62.582794189453125,-18.0,17.0,56.0,97.0,137.0,322.7296142578125,85.99468994140625,207.0,288.0,338.0,378.0,412.0,38.47274398803711,84.5885238647461,-32.0,4.0,44.0,82.0,118.0,248.0713348388672,121.30561065673828,79.0,154.0,261.0,336.0,400.0,,,,,,,
s0355,8.644088745117188,31.662866592407227,-26.0,-7.0,9.0,27.0,44.0,95.90484619140625,159.30154418945312,-65.0,-22.0,62.0,172.0,290.0,204.0608367919922,215.8076629638672,9.0,60.0,135.0,281.0,506.0,199.70977783203125,213.44776916503906,8.0,58.0,131.0,275.0,495.0,95.35480499267578,22.764474868774414,71.0,86.0,98.0,109.0,119.0,43.779850006103516,100.2486343383789,16.0,40.0,59.0,77.0,91.0,75.44721984863281,25.857175827026367,44.0,62.0,78.0,92.0,104.0,219.24322509765625,189.13063049316406,69.0,103.0,159.0,274.0,433.0,115.19129943847656,32.56298828125,73.0,99.0,121.0,138.0,150.0,114.66602325439453,32.91626739501953,72.0,99.0,120.0,137.0,150.0,85.81884765625,20.197256088256836,62.0,75.0,87.0,99.0,109.0,93.07100677490234,24.935972213745117,61.0,78.0,95.0,110.0,123.0,97.58872985839844,41.91950225830078,58.0,82.0,99.0,114.0,127.0,38.325469970703125,26.935558319091797,3.0,24.0,41.0,56.0,70.0,98.96038055419922,34.710205078125,64.0,89.0,106.0,119.0,128.0,11.81188678741455,20.832809448242188,-10.0,0.0,11.0,23.0,36.0
s0356,,,,,,,,,,,,,,,,,,,,,,,,,,,,,65.10488891601562,25.108549118041992,34.0,50.0,65.0,80.0,95.0,67.51731872558594,33.684932708740234,32.0,48.0,66.0,84.0,100.0,,,,,,,,,,,,,,,,,,,,,,,,,,,,,65.75601196289062,22.001590728759766,38.0,53.0,67.0,80.0,92.0,86.82254791259766,29.036638259887695,52.0,69.0,88.0,107.0,120.0,716.1641845703125,162.0909881591797,456.0,716.0,767.0,807.0,837.0,35.89719009399414,127.42585754394531,-1.8999999999999773,31.0,60.0,83.0,104.0,291.8689880371094,280.92559814453125,87.0,111.0,140.0,565.0,778.0,,,,,,,
s0357,,,,,,,,,,,,,,,,,,,,,,,,,,,,,80.53805541992188,28.160045623779297,56.0,72.0,84.0,96.0,106.0,59.277400970458984,95.29937744140625,38.0,57.0,73.0,87.0,99.0,61.10332107543945,30.93377113342285,21.0,46.0,66.0,82.0,95.0,,,,,,,,101.14920043945312,38.77895736694336,50.0,90.0,112.0,125.0,136.0,106.72376251220703,33.11490249633789,69.0,96.0,113.0,127.0,138.0,91.08454895019531,20.808839797973633,70.0,81.0,92.0,103.0,113.0,104.24369812011719,21.145689010620117,78.0,92.0,105.0,118.0,129.0,112.65274047851562,34.9581184387207,80.0,102.0,116.0,128.0,137.0,24.934968948364258,135.95205688476562,-1.0,35.0,55.0,71.0,84.0,101.81991577148438,27.6826114654541,71.0,91.0,106.0,119.0,130.0,,,,,,,
s0358,1.8539315462112427,19.540870666503906,-19.0,-8.0,3.0,14.0,23.0,98.71941375732422,151.97561645507812,-40.0,-7.0,55.0,160.0,297.0,228.6047821044922,269.1761474609375,0.0,42.0,124.0,328.0,642.0,194.0045166015625,240.14407348632812,-7.0,31.0,106.0,274.0,550.0,44.8167724609375,23.504295349121094,18.0,34.0,47.0,59.0,70.0,22.389976501464844,66.85260009765625,-8.0,16.0,32.0,46.0,58.0,11.574891090393066,26.060029983520508,-23.0,-4.0,13.0,29.0,43.0,228.40280151367188,224.27920532226562,34.0,71.0,156.0,311.0,525.3000000000011,24.606250762939453,22.63897132873535,-2.0,14.0,27.0,39.0,50.0,23.554487228393555,23.62920570373535,-6.0,12.0,26.0,39.0,50.0,59.53718566894531,20.900529861450195,36.0,49.0,61.0,73.0,83.0,37.791290283203125,21.3046875,12.0,26.0,39.0,51.0,63.0,48.45732116699219,73.43931579589844,18.0,31.0,42.0,52.0,64.0,-69.76466369628906,255.73095703125,-343.0,-10.0,21.0,37.0,50.0,34.5462646484375,29.069705963134766,7.0,25.0,39.0,50.0,60.0,9.642486572265625,19.69902229309082,-11.0,0.0,10.0,21.0,32.0
s0359,,,,,,,,,,,,,,,,,,,,,,,,,,,,,,,,,,,,,,,,,,,,,,,,,,,,,,,,,,,,,,,,,,,,,,,,,,,,,,,,,,,,,68.22322082519531,93.91791534423828,28.0,38.0,48.0,63.0,102.0,-153.4586944580078,310.95196533203125,-708.9999999999999,-248.0,-9.0,47.0,82.0,,,,,,,,,,,,,,
s0360,,,,,,,,147.07521057128906,252.84579467773438,-57.0,-3.0,73.0,205.0,444.0,277.0842590332031,344.14483642578125,-3.0,68.0,163.0,358.0,764.0,240.86460876464844,313.17791748046875,-10.0,54.0,138.0,306.0,678.0,,,,,,,,,,,,,,,,,,,,,,,,,,,,,,,,,,,,,,,,,,,,,,,,,,,,,,,,,,,,,,,,,,,,,,,,,,,,,,,,,,,,
s0361,3.762202262878418,18.181678771972656,-7.0,1.0,7.0,13.0,17.0,133.26649475097656,146.48077392578125,-19.0,23.0,104.0,206.0,322.20000000000437,256.1138000488281,197.615234375,49.0,112.0,211.0,351.0,530.0,261.9966735839844,199.2409210205078,57.0,120.0,213.0,355.0,543.0,,,,,,,,,,,,,,,,,,,,,,238.1057891845703,177.5525665283203,72.0,110.0,186.0,318.0,484.0,,,,,,,,,,,,,,,58.75749969482422,29.01091194152832,33.0,49.0,58.0,66.0,77.0,37.77329635620117,21.12887954711914,12.0,30.0,39.0,47.0,54.0,349.66375732421875,122.76289367675781,171.2,286.0,383.0,404.0,445.0,,,,,,,,7.6808390617370605,8.332454681396484,-1.0,3.0,8.0,13.0,17.0,,,,,,,
s0362,21.55677604675293,27.918455123901367,-15.0,9.0,27.0,38.0,47.0,264.1724853515625,219.71755981445312,-12.0,104.0,234.0,401.0,569.0,271.1014404296875,235.2447052001953,7.0,95.0,223.0,402.0,603.0,331.7603454589844,263.6406555175781,24.0,130.0,281.0,495.0,721.0,76.3907470703125,22.903852462768555,43.0,71.0,83.0,91.0,97.0,-207.83229064941406,402.6222839355469,-987.0,-297.0,15.0,36.0,54.0,34.35752868652344,33.94719696044922,-11.0,10.0,36.0,60.0,78.0,319.0277099609375,164.18728637695312,154.0,199.0,277.0,403.0,545.0,118.00949096679688,28.796024322509766,76.0,112.0,127.0,136.0,142.0,110.20284271240234,31.262126922607422,61.0,101.0,121.0,131.0,137.0,89.79718017578125,20.13978385925293,71.0,84.0,92.0,100.0,107.0,99.37279510498047,21.970643997192383,74.0,87.0,100.0,114.0,126.0,124.616455078125,51.53634262084961,85.0,116.0,128.0,135.0,142.0,8.687139511108398,126.15013885498047,-40.0,11.0,37.0,54.0,68.0,100.00886535644531,30.36754035949707,62.0,85.0,108.0,122.0,129.0,20.88005256652832,21.94758415222168,2.0,8.0,16.0,28.0,50.0
s0363,,,,,,,,,,,,,,,,,,,,,,,,,,,,,45.797325134277344,19.47324562072754,23.0,35.0,47.0,58.0,68.0,0.778969943523407,138.1365203857422,-15.0,5.0,25.0,43.0,57.0,21.979690551757812,31.966962814331055,-18.0,2.0,24.0,42.0,59.0,,,,,,,,,,,,,,,28.50023078918457,23.165178298950195,0.0,15.0,29.0,43.0,57.0,54.098384857177734,23.367835998535156,29.0,41.0,54.0,66.0,79.0,200.7626495361328,142.58042907714844,34.0,65.0,187.0,329.25,394.0,127.41214752197266,62.629764556884766,65.0,92.0,123.0,161.0,192.0,13.474114418029785,105.42320251464844,-21.0,11.0,33.0,52.0,69.0,277.1139831542969,155.37049865722656,55.0,157.0,267.0,427.0,470.0,,,,,,,
s0364,,,,,,,,,,,,,,,,,,,,,,,,,,,,,45.06858825683594,49.24713134765625,-16.0,13.0,45.0,77.0,107.0,20.99647331237793,64.55154418945312,-40.0,-9.0,22.0,55.0,86.0,37.0949821472168,52.1121940612793,-29.0,3.0,37.0,73.0,104.0,,,,,,,,,,,,,,,28.915475845336914,54.253211975097656,-38.0,-5.0,28.0,65.0,98.0,56.76271057128906,47.723472595214844,-3.0,26.0,57.0,88.0,117.0,46.5746955871582,43.8670768737793,-7.0,18.0,46.0,75.0,102.0,40.287227630615234,49.126380920410156,-10.0,16.0,42.0,68.0,93.0,-34.18870162963867,233.883544921875,-132.0,-8.0,29.0,63.0,94.0,41.38259506225586,39.982242584228516,-9.0,15.0,42.0,67.0,92.0,,,,,,,
s0365,,,,,,,,,,,,,,,,,,,,,,,,,,,,,135.4523162841797,40.186500549316406,87.0,113.0,137.0,161.0,182.0,-10.657855033874512,284.98211669921875,-426.0,30.0,82.0,123.0,156.0,110.21328735351562,53.40180206298828,43.0,78.0,113.0,145.0,173.0,,,,,,,,182.19866943359375,56.248870849609375,103.0,149.0,189.0,222.0,248.0,165.45968627929688,64.58075714111328,75.0,122.0,175.0,212.0,241.0,130.615234375,41.67769241333008,81.0,105.0,130.0,155.0,181.0,158.21009826660156,57.48381805419922,79.0,120.75,165.0,196.0,225.0,161.10838317871094,44.310813903808594,108.0,138.0,165.0,189.0,211.0,26.75958824157715,145.99560546875,-23.0,22.0,54.0,83.0,110.0,157.62501525878906,53.53189468383789,90.0,123.0,162.0,195.0,222.0,19.85957908630371,32.319419860839844,-20.0,-1.0,19.0,40.0,61.0
s0366,-1.4248921871185303,88.19867706298828,-42.0,-18.0,-4.0,8.0,20.0,201.78323364257812,190.7693634033203,10.0,63.0,153.0,290.0,461.0,356.3540344238281,257.1707763671875,95.0,167.0,285.0,485.0,743.0,334.09722900390625,247.68014526367188,87.0,150.0,261.0,457.0,708.0,27.67572021484375,19.341150283813477,6.0,19.0,29.0,40.0,49.0,-83.97555541992188,262.56988525390625,-365.0,-19.0,3.0,21.0,36.0,22.5677433013916,21.14823341369629,-3.0,11.0,25.0,37.0,47.0,271.4678649902344,194.2078857421875,93.0,130.0,214.0,352.0,534.0,93.7052001953125,255.86134338378906,-29.0,1.0,19.0,36.0,353.0,14.541464805603027,16.759746551513672,-4.0,6.0,16.0,25.0,33.0,19.987464904785156,17.166881561279297,0.0,10.0,21.0,31.0,41.0,32.219757080078125,16.890085220336914,11.0,22.0,33.0,43.0,52.0,25.292377471923828,22.229543685913086,0.0,15.0,28.0,40.0,49.0,22.87548065185547,19.405038833618164,1.0,14.0,25.0,35.0,43.0,,,,,,,,-4.2258100509643555,13.869306564331055,-22.0,-13.0,-4.0,5.0,13.0
s0367,,,,,,,,,,,,,,,,,,,,,,,,,,,,,111.34349822998047,92.82504272460938,-3.0,51.0,110.0,171.0,229.0,-18.462970733642578,192.28704833984375,-127.0,-47.0,14.0,73.0,127.0,86.7784652709961,88.85403442382812,-27.0,31.0,87.0,143.0,197.0,,,,,,,,144.84881591796875,109.1108627319336,2.0,73.0,145.0,219.0,284.0,149.70797729492188,99.79307556152344,14.100000000000009,87.0,153.5,218.25,272.9,61.178550720214844,75.12675476074219,-32.0,13.0,61.0,109.0,154.0,87.66835021972656,78.44831848144531,-7.0,38.0,87.0,135.0,185.0,288.1629638671875,89.46360778808594,170.0,251.0,302.0,343.0,382.0,-4.822964668273926,179.34085083007812,-94.0,-24.0,28.0,75.0,118.0,253.1457061767578,136.7174835205078,67.0,155.0,269.0,345.0,407.0,,,,,,,
s0368,,,,,,,,,,,,,,,,,,,,,,,,,,,,,,,,,,,,,,,,,,,,,,,,,,,,,,,,,,,,,,,,,,,,,,,48.610652923583984,31.16014289855957,11.0,30.0,49.0,68.0,86.0,71.4559097290039,37.985042572021484,26.600000000000023,54.0,77.0,95.0,111.0,575.2283325195312,131.07147216796875,386.0,557.0,609.0,655.0,684.0,-24.191173553466797,191.79739379882812,-185.39999999999998,-17.0,30.0,65.0,93.20000000000027,245.6192626953125,221.96121215820312,68.0,100.0,142.0,348.0,648.0,,,,,,,
s0369,2.1448144912719727,40.94561767578125,-64.0,-15.0,12.0,30.0,45.0,268.8338623046875,244.04623413085938,38.0,94.0,194.0,372.0,640.0,367.3284912109375,280.55352783203125,95.0,154.0,269.0,525.0,816.0,369.9013366699219,286.82281494140625,89.0,152.0,270.0,534.0,827.0,86.9044189453125,23.78121566772461,61.0,76.0,89.0,102.0,113.0,-81.04872131347656,307.2451171875,-651.0,-4.0,28.0,53.0,73.0,19.249074935913086,40.7815055847168,-35.0,-7.0,21.0,47.0,69.0,342.0384521484375,234.72183227539062,106.0,157.0,284.0,458.0,671.0,95.4366455078125,32.00782012939453,55.0,82.0,101.0,116.0,129.0,85.26128387451172,41.04816436767578,18.0,69.0,96.0,113.0,127.0,84.71458435058594,23.490699768066406,57.0,72.0,86.0,100.0,112.0,84.05494689941406,28.116043090820312,49.0,68.0,86.0,102.0,118.0,104.41216278076172,37.390995025634766,65.0,90.0,109.0,123.0,135.0,-32.424339294433594,228.8321990966797,-148.70000000000005,1.0,36.0,59.0,78.0,85.83829498291016,30.642005920410156,48.0,72.0,90.0,106.0,118.0,18.216995239257812,20.279773712158203,-6.0,5.0,18.0,32.0,43.0
s0370,6.249919414520264,28.94293975830078,-34.0,1.0,13.0,23.0,32.0,192.44422912597656,162.4917755126953,20.0,78.0,163.0,262.0,405.0,317.1807861328125,233.6547088623047,82.0,144.0,252.0,432.0,665.0,322.5882263183594,240.46401977539062,80.0,146.0,254.0,444.0,681.0,81.5673828125,28.035612106323242,42.0,76.0,89.0,99.0,106.0,-11.692229270935059,185.36593627929688,-30.0,1.0,30.0,60.0,77.0,40.01498031616211,33.741432189941406,-9.0,19.0,47.0,65.0,78.0,273.99310302734375,199.0647430419922,107.80000000000018,139.0,206.0,334.0,558.0,143.22117614746094,35.9051399230957,88.0,130.0,155.0,167.0,176.0,137.56973266601562,38.22575378417969,77.0,122.0,150.0,164.0,173.0,71.63467407226562,24.87969207763672,47.0,61.0,72.0,84.0,98.0,82.26016998291016,27.02709197998047,49.0,68.0,82.0,98.0,117.0,112.42113494873047,32.943912506103516,66.0,101.0,121.0,134.0,144.0,25.995708465576172,38.91598892211914,-23.0,6.0,31.0,52.0,68.0,107.03142547607422,33.838043212890625,66.0,94.0,114.0,129.0,140.0,12.723359107971191,15.64818000793457,-4.0,5.0,14.0,22.0,30.0
s0371,,,,,,,,,,,,,,,510.1799011230469,250.6100616455078,223.0,301.0,466.0,687.0,873.0,510.6508483886719,233.97763061523438,220.0,321.0,482.0,696.0,837.0,139.13829040527344,39.94004440307617,89.0,120.0,145.0,165.0,182.0,-59.873600006103516,309.65447998046875,-672.0,9.0,59.0,86.0,106.0,95.94535827636719,37.77967071533203,47.0,75.75,100.0,121.0,139.0,493.04095458984375,278.9481201171875,246.0,295.0,396.0,599.0,931.1000000000004,154.72166442871094,70.27456665039062,51.0,96.0,171.0,211.0,235.0,150.4256591796875,68.74931335449219,49.0,93.0,167.0,206.0,229.0,63.55601119995117,26.45732307434082,32.0,48.0,64.0,80.0,95.0,95.25386047363281,59.16171646118164,26.0,51.0,86.0,135.25,179.0,284.1580810546875,71.48188018798828,169.0,267.0,308.0,330.0,346.0,-15.01577377319336,163.4431915283203,-98.0,1.0,30.0,52.0,69.0,154.1448516845703,73.21862030029297,79.0,110.0,139.0,180.0,279.0,36.26103591918945,33.34857940673828,-6.0,14.0,37.0,59.0,80.0
s0372,,,,,,,,,,,,,,,293.0982971191406,120.65213775634766,137.0,195.0,287.0,374.0,458.0,311.54132080078125,134.68655395507812,144.0,203.0,302.0,398.5,495.0,57.25143051147461,16.4174747467041,39.0,50.0,59.0,67.0,75.0,-118.91114044189453,296.3724365234375,-742.6999999999998,-27.0,2.0,24.0,36.0,42.07868957519531,19.790250778198242,18.0,33.0,45.0,55.0,63.0,309.40374755859375,203.8994598388672,142.0,180.0,241.0,361.0,583.0,73.60515594482422,26.705562591552734,37.0,57.0,80.0,93.0,102.0,70.15239715576172,27.32860565185547,32.0,53.0,76.0,90.0,99.0,41.34022521972656,14.301198959350586,26.0,34.0,42.0,50.0,57.0,45.851619720458984,29.891748428344727,19.0,30.0,41.0,54.0,78.0,243.33534240722656,57.365596771240234,151.0,230.0,262.0,277.0,291.0,9.10991096496582,87.36567687988281,-36.0,4.0,28.0,46.0,60.0,212.50425720214844,86.64086151123047,74.0,150.0,243.0,282.0,299.0,,,,,,,
s0373,,,,,,,,,,,,,,,,,,,,,,,,,,,,,61.22258377075195,55.12274932861328,-8.0,26.0,62.0,97.0,130.0,-210.4027862548828,411.6231689453125,-949.0,-512.0,16.0,68.0,106.0,,,,,,,,,,,,,,,,,,,,,,,,,,,,,75.81156921386719,53.16938018798828,8.0,42.0,76.0,110.0,142.0,88.56201934814453,51.666709899902344,23.0,55.0,89.0,122.0,153.0,118.65509033203125,132.7511749267578,28.0,65.0,102.0,137.0,178.0,40.85435104370117,78.91651916503906,-25.0,14.0,48.0,79.0,109.0,85.80730438232422,54.7916259765625,16.0,51.0,87.0,121.0,153.0,,,,,,,
s0374,,,,,,,,,,,,,,,,,,,,,,,,,,,,,135.28030395507812,44.38167190551758,83.0,111.0,138.0,163.0,185.0,-37.737083435058594,228.2298583984375,-143.0,-8.0,25.0,53.0,78.0,59.463985443115234,39.223609924316406,8.0,34.0,61.0,86.0,107.0,,,,,,,,123.5723648071289,59.392086029052734,43.0,83.0,127.0,166.0,199.0,110.92456817626953,56.595245361328125,33.0,70.0,114.0,153.0,182.0,91.65678405761719,34.75089645385742,48.0,70.0,93.0,114.0,133.0,84.31439208984375,59.279930114746094,18.0,43.0,75.0,117.0,163.0,830.917724609375,191.33041381835938,531.0,786.0,882.0,949.0,992.0,49.69507598876953,125.03450775146484,-20.0,13.0,53.0,89.0,118.0,454.34527587890625,284.7502746582031,130.0,234.0,394.0,604.0,958.0,,,,,,,
s0375,7.308891773223877,24.031139373779297,-15.0,-2.0,9.0,21.0,32.0,180.42160034179688,201.48748779296875,-36.0,20.0,143.0,287.0,453.0,267.8724670410156,245.8707275390625,18.0,77.0,196.0,408.0,629.0,264.3254089355469,245.6613006591797,17.0,75.0,192.0,400.0,625.0,81.70156860351562,19.71699333190918,59.0,72.0,83.0,94.0,104.0,29.25492286682129,124.85913848876953,4.0,28.0,47.0,63.0,77.0,58.00555419921875,25.372756958007812,28.0,45.0,60.0,74.0,87.0,230.49273681640625,221.52264404296875,46.0,79.0,155.0,296.0,548.0,75.84934997558594,27.43918228149414,43.0,64.0,80.0,93.0,105.0,75.99290466308594,27.239229202270508,41.0,65.0,80.0,93.0,105.0,70.55847930908203,22.85836410522461,42.0,56.0,72.0,86.0,98.0,77.04472351074219,26.874061584472656,43.0,61.0,79.0,96.0,109.0,81.0196304321289,31.308238983154297,38.0,69.0,88.0,101.0,111.0,32.806941986083984,56.22658920288086,-7.0,22.0,41.0,56.0,69.0,80.4366226196289,30.0452938079834,44.0,71.0,87.0,99.0,109.0,12.541335105895996,19.794103622436523,-11.0,0.0,12.0,25.0,37.0
s0376,,,,,,,,,,,,,,,,,,,,,,,,,,,,,28.358848571777344,25.50124740600586,-3.0,12.0,29.0,45.0,60.0,-251.08168029785156,426.86712646484375,-973.0,-798.0,4.0,30.0,49.0,-1.7670056819915771,32.319644927978516,-45.0,-22.0,0.0,21.0,37.0,,,,,,,,,,,,,,,,,,,,,,47.452606201171875,29.25548553466797,10.0,29.0,49.0,67.0,83.0,30.583417892456055,29.560073852539062,-6.0,12.0,31.0,50.0,67.0,38.05525207519531,39.70984649658203,4.0,21.0,38.0,54.0,68.0,9.339588165283203,70.72433471679688,-32.0,-3.0,19.0,39.0,57.0,33.68021011352539,28.662431716918945,-1.0,17.0,35.0,52.0,68.0,,,,,,,
s0377,,,,,,,,,,,,,,,,,,,,,,,,,,,,,134.22882080078125,79.45720672607422,32.0,85.0,136.0,187.0,231.0,-10.813477516174316,172.20867919921875,-153.0,-55.0,15.0,80.0,142.0,,,,,,,,,,,,,,,,,,,,,,,,,,,,,73.1963882446289,76.27256774902344,-20.0,24.0,72.0,120.0,168.0,181.32191467285156,236.43528747558594,42.0,88.0,139.0,202.0,299.6999999999998,483.3016052246094,323.1407470703125,141.0,338.0,483.0,584.0,676.0,62.355098724365234,97.90009307861328,-56.0,3.0,63.0,118.0,179.0,330.1310729980469,292.07391357421875,58.0,126.0,268.0,481.0,672.0,,,,,,,
s0378,,,,,,,,,,,,,,,,,,,,,,,,,,,,,99.62776947021484,147.6388702392578,-86.0,3.0,99.0,195.0,286.0,24.634201049804688,219.52902221679688,-190.0,-69.0,45.0,154.0,254.0,51.40720748901367,156.72750854492188,-145.0,-52.75,53.0,156.75,239.10000000000002,,,,,,,,,,,,,,,,,,,,,,119.30770111083984,157.91781616210938,-80.0,16.0,119.0,222.0,319.0,138.42324829101562,156.74868774414062,-60.0,32.0,138.0,243.0,337.0,152.61251831054688,156.69053649902344,-16.0,62.0,148.0,232.5,313.0,34.357845306396484,189.83169555664062,-150.0,-46.0,48.0,144.0,233.0,141.04078674316406,126.63323211669922,-19.0,58.0,141.0,224.0,301.0,,,,,,,
s0379,,,,,,,,,,,,,,,,,,,,,,,,,,,,,,,,,,,,,,,,,,,,,,,,,,,,,,,,,,,,,,,,,,,,,,,,,,,,,,,,,,,,,146.43296813964844,84.14097595214844,40.0,92.0,144.0,201.25,252.0,30.670913696289062,151.93618774414062,-87.79999999999998,-17.0,48.0,114.0,176.0,,,,,,,,,,,,,,
s0380,,,,,,,,,,,,,,,,,,,,,,,,,,,,,104.47697448730469,30.107057571411133,65.0,92.0,111.0,124.0,135.0,-15.897123336791992,189.90411376953125,-36.0,6.0,30.0,47.0,62.0,66.91613006591797,35.794822692871094,16.0,48.0,76.0,93.0,104.0,,,,,,,,,,,,,,,,,,,,,,45.31777572631836,16.05369758605957,28.0,37.0,46.0,54.0,63.0,80.31373596191406,25.149953842163086,51.0,66.0,80.0,96.0,111.0,284.49163818359375,63.212406158447266,200.0,260.0,302.0,326.0,345.0,-37.765987396240234,208.52012634277344,-245.89999999999986,-15.0,32.0,57.0,75.0,179.61593627929688,68.9843978881836,91.0,129.0,176.0,244.0,267.0,5.853606700897217,18.485607147216797,-18.0,-2.0,8.0,17.0,26.0
s0381,-0.4257792532444,87.67352294921875,-108.0,-55.0,0.0,54.0,106.0,173.76356506347656,244.72447204589844,-86.0,9.0,129.0,291.0,492.0,321.39385986328125,393.9306335449219,-60.0,50.0,205.0,494.0,933.0,323.3950500488281,392.6571044921875,-60.0,51.0,210.0,499.0,933.0,,,,,,,,,,,,,,,,,,,,,,,,,,,,,,,,,,,,,,,,,,,,,,,,,,44.955810546875,103.13541412353516,-83.0,-25.0,43.0,111.0,173.0,49.21180725097656,164.22817993164062,-93.0,-29.0,37.0,104.25,165.0,,,,,,,,,,,,,,,,,,,,,
s0382,,,,,,,,,,,,,,,,,,,,,,,,,,,,,,,,,,,,,,,,,,,,,,,,,,,,,,,,,,,,,,,,,,,,,,,92.99420928955078,25.044572830200195,59.0,78.0,96.0,110.0,122.0,147.28900146484375,16.958415985107422,127.2,137.0,148.0,158.5,168.0,140.34104919433594,37.26835250854492,94.0,126.0,146.0,159.0,170.0,-31.50145149230957,368.55694580078125,-709.0,-16.0,59.0,100.0,199.0,123.78763580322266,42.8167724609375,65.0,98.0,130.0,156.0,173.0,,,,,,,
s0383,16.411638259887695,14.509154319763184,0.0,6.0,14.0,27.0,36.0,176.40306091308594,136.59002685546875,12.0,79.0,163.0,254.0,352.0,317.2276306152344,223.60777282714844,88.0,160.0,266.0,421.0,627.0,309.95513916015625,228.713134765625,79.0,150.0,254.0,412.0,628.0,110.6659927368164,29.20152473449707,71.0,109.0,120.0,126.0,132.0,-77.7830581665039,313.96588134765625,-696.0,-20.0,48.0,91.0,106.0,68.60963439941406,36.54961395263672,18.0,48.0,73.0,91.0,109.0,262.7239074707031,167.61952209472656,87.0,136.0,226.0,350.0,490.0,173.79592895507812,41.82283401489258,115.0,159.0,188.0,202.0,210.0,152.030029296875,40.8969612121582,88.0,133.0,166.0,182.0,190.0,109.2481689453125,24.300973892211914,88.0,101.0,111.0,121.0,132.0,123.14228820800781,32.999656677246094,91.0,107.0,118.0,131.0,180.0,234.3759765625,60.6827278137207,142.0,214.0,250.0,271.0,289.0,26.579875946044922,132.93414306640625,-53.19999999999982,23.0,56.0,88.0,106.0,185.73178100585938,62.047969818115234,103.0,150.0,194.0,231.0,259.0,38.565185546875,27.295373916625977,10.0,17.0,32.0,56.0,79.0
s0385,-30.22109031677246,122.7514419555664,-186.0,-112.0,-31.0,49.5,126.0,210.178466796875,263.6160888671875,-68.0,34.0,161.0,328.0,563.0,418.0011901855469,597.1351318359375,-21.0,89.0,244.0,544.0,968.0,425.5262756347656,639.7348022460938,-33.0,79.0,232.0,521.0,1042.0,,,,,,,,,,,,,,,,,,,,,,,,,,,,,,,,,,,,,,,,,,,,,,,,,,42.17637252807617,135.08326721191406,-124.0,-47.0,38.0,132.0,211.9000000000001,137.1988525390625,312.1565246582031,-120.0,-28.0,73.0,191.0,420.9000000000001,,,,,,,,,,,,,,,,,,,,,
s0386,,,,,,,,,,,,,,,,,,,,,,,,,,,,,36.17100524902344,28.2718563079834,2.0,20.0,38.0,55.0,69.0,26.00846290588379,31.473072052001953,-7.0,10.0,28.0,45.0,60.0,,,,,,,,,,,,,,,,,,,,,,15.405413627624512,22.88479995727539,-13.0,3.0,17.0,31.0,42.0,55.59915542602539,27.12165069580078,21.0,38.0,56.0,74.0,89.0,44.98386764526367,30.021240234375,7.0,26.0,46.0,65.0,82.0,41.88642501831055,53.87784194946289,8.0,24.0,39.0,55.0,72.0,-71.06763458251953,245.2955322265625,-387.19999999999993,-26.0,17.0,42.0,65.0,35.46249008178711,25.745969772338867,3.0,20.0,36.0,52.0,66.0,,,,,,,
s0389,,,,,,,,,,,,,,,,,,,,,,,,,,,,,25.348915100097656,35.20725631713867,-18.0,3.0,26.0,48.0,69.0,3.332859992980957,41.68299865722656,-40.0,-19.0,3.0,27.0,49.0,,,,,,,,,,,,,,,,,,,,,,,,,,,,,43.18874740600586,33.83643341064453,1.0,21.0,43.0,65.0,86.0,27.325408935546875,39.374053955078125,-21.0,0.0,26.0,54.0,77.0,47.6309928894043,45.61094284057617,7.0,27.0,47.0,66.0,84.0,-36.938785552978516,183.5861358642578,-168.0,-20.0,16.0,43.0,66.0,35.30974197387695,35.2381477355957,-7.0,14.0,36.0,57.0,77.0,,,,,,,
s0390,10.566061019897461,29.19330406188965,-22.0,-3.0,13.0,29.0,43.0,190.3984832763672,203.60861206054688,-19.0,34.0,143.0,297.0,474.0,327.032470703125,285.3597717285156,54.0,114.5,233.0,472.0,759.0,332.52667236328125,284.060546875,58.0,118.0,242.0,477.0,758.0,101.98865509033203,26.37468910217285,74.0,93.0,106.0,118.0,128.0,49.55744171142578,163.3461456298828,-20.0,23.0,73.0,137.0,161.0,49.165924072265625,44.00873565673828,-13.0,21.0,56.0,81.0,100.0,313.2673645019531,238.63922119140625,88.0,130.0,245.0,421.0,665.0,146.8317413330078,48.488250732421875,75.0,119.0,161.0,182.0,196.0,126.44735717773438,68.74969482421875,25.0,87.0,148.0,178.0,194.0,102.64697265625,26.584606170654297,75.0,91.0,105.0,117.0,129.0,120.65113067626953,41.601932525634766,70.0,93.0,121.0,153.0,174.0,153.4113006591797,107.25059509277344,86.0,121.0,142.0,160.0,182.0,54.063663482666016,25.514652252197266,24.0,37.0,53.0,69.0,87.40000000000009,118.96110534667969,41.21019744873047,69.0,99.0,129.0,147.0,159.0,30.039382934570312,36.68981170654297,-6.0,8.0,23.0,45.0,75.0
s0391,,,,,,,,,,,,,,,,,,,,,,,,,,,,,135.2712860107422,67.82266998291016,48.0,89.0,136.0,179.0,221.0,67.65278625488281,68.22144317626953,-16.0,24.0,68.0,112.0,153.0,,,,,,,,,,,,,,,,,,,,,,,,,,,,,69.76123809814453,65.66802978515625,0.0,31.0,66.0,102.0,139.0,120.06898498535156,161.85482788085938,9.0,42.0,79.0,127.0,257.0,461.59954833984375,105.72130584716797,345.0,438.0,482.0,522.0,557.0,41.001434326171875,191.4529571533203,-21.0,34.0,76.0,119.0,157.0,250.53482055664062,156.03868103027344,78.0,132.0,214.0,358.0,500.0,,,,,,,
s0392,,,,,,,,,,,,,,,,,,,,,,,,,,,,,95.51242065429688,42.736839294433594,43.0,68.0,95.0,123.0,149.0,-208.54359436035156,412.24224853515625,-972.0,-406.25,14.0,55.0,84.0,97.34613800048828,42.25978469848633,45.0,72.0,98.0,124.0,148.0,608.5372314453125,369.95843505859375,232.0,327.0,499.0,815.0,1200.0,122.4207763671875,59.479644775390625,42.0,81.0,128.0,165.0,194.0,123.45587921142578,60.289405822753906,41.0,81.0,130.0,167.0,195.0,55.107994079589844,33.27035903930664,14.0,34.0,55.0,76.0,96.0,82.59292602539062,48.42082977294922,25.0,49.0,79.0,113.0,144.0,302.1876220703125,72.48974609375,197.0,283.0,320.0,347.0,370.0,47.748207092285156,43.8133430480957,0.0,24.0,48.0,73.0,98.0,256.9857482910156,141.49859619140625,67.0,124.0,285.0,352.0,421.0,6.947054386138916,28.168060302734375,-27.0,-10.0,6.0,25.0,42.0
s0393,,,,,,,,,,,,,,,,,,,,,,,,,,,,,78.8636245727539,67.04330444335938,-6.0,35.0,80.0,123.0,163.0,-376.37115478515625,498.5213317871094,-1002.0,-969.0,-33.0,49.0,99.0,36.81587219238281,77.3150405883789,-64.0,-13.0,40.0,89.0,131.0,,,,,,,,,,,,,,,111.80958557128906,75.6309814453125,15.0,61.0,116.0,162.0,204.0,59.601539611816406,55.5273551940918,-9.0,23.0,59.0,95.0,129.0,66.09141540527344,96.64325714111328,-18.0,19.0,59.0,98.0,138.0,335.8804626464844,94.52742767333984,218.0,307.0,354.0,392.0,425.0,15.009026527404785,153.36094665527344,-43.0,-2.75,35.0,73.0,108.0,301.1341857910156,217.9949951171875,48.0,109.0,292.0,470.0,600.0,118.65875244140625,105.50288391113281,8.100000000000136,76.0,130.0,181.0,224.0
s0394,,,,,,,,,,,,,,,,,,,,,,,,,,,,,83.02412414550781,28.842132568359375,48.0,67.0,85.0,102.0,116.0,1.2220531702041626,198.05047607421875,-9.0,27.0,48.0,65.0,79.0,79.62798309326172,28.69068717956543,44.0,64.0,82.0,98.0,113.0,282.05084228515625,224.1375732421875,93.0,133.0,212.0,351.0,567.0,114.18618774414062,43.78025436401367,50.0,85.0,123.0,147.0,164.0,114.61219787597656,43.4414176940918,51.0,85.0,123.0,147.0,164.0,73.00811767578125,24.573917388916016,43.0,59.0,74.0,88.0,102.0,61.3377571105957,31.13364601135254,24.0,40.0,60.0,81.0,101.0,273.2234191894531,59.328643798828125,188.0,259.0,289.0,310.0,326.0,5.1404266357421875,92.04676055908203,-52.0,-5.0,24.0,47.0,66.0,245.55886840820312,108.29377746582031,80.0,174.0,274.0,315.0,349.0,30.124954223632812,21.673248291015625,5.0,18.0,31.0,44.0,55.0
s0395,,,,,,,,,,,,,,,,,,,,,,,,,,,,,,,,,,,,,,,,,,,,,,,,,,,,,,,,,,,,,,,,,,,,,,,,,,,,,,,,,,,,,60.585105895996094,58.98882293701172,-14.0,21.0,61.0,100.0,135.0,37.78780746459961,63.45439529418945,-43.0,-2.0,40.0,80.0,117.90000000000009,,,,,,,,,,,,,,
s0396,,,,,,,,,,,,,,,,,,,,,,,,,,,,,,,,,,,,,,,,,,,,,,,,,,,,,,,,,,,,,,,,,,,,,,,,,,,,,,,,,,,,,,,,,,,,-44.8526496887207,200.1122283935547,-321.0,-63.75,25.5,68.0,98.0,,,,,,,,,,,,,,
s0398,,,,,,,,,,,,,,,,,,,,,,,,,,,,,60.43524169921875,143.3935089111328,-120.0,-34.0,59.0,155.0,242.0,-84.9958267211914,326.147705078125,-740.0,-130.0,-2.0,104.0,197.0,-2.8212928771972656,167.14569091796875,-211.0,-129.0,-6.0,108.0,222.4000000000001,,,,,,,,105.78986358642578,156.96841430664062,-83.0,7.0,102.0,213.0,313.0,,,,,,,,43.65586853027344,142.60816955566406,-136.0,-49.0,43.0,136.0,225.0,67.02770233154297,119.15769958496094,-78.0,-5.0,67.0,139.0,211.0,335.27197265625,147.29409790039062,142.0,258.0,351.0,426.0,493.0,29.122377395629883,130.78099060058594,-105.0,-33.0,37.0,106.0,171.0,201.52626037597656,156.60882568359375,4.0,90.0,195.0,309.0,408.0,-8.864396095275879,157.81924438476562,-210.0,-115.0,-8.0,96.0,188.19999999999982
s0399,19.187501907348633,81.20164489746094,-77.0,-30.0,20.0,70.0,117.0,190.64779663085938,276.05645751953125,-79.0,10.0,127.0,296.0,563.0,314.1199951171875,386.8985595703125,-50.0,55.0,193.0,464.0,935.0,331.23468017578125,404.24493408203125,-48.0,60.0,202.0,492.0,996.0,,,,,,,,,,,,,,,,,,,,,,,,,,,,,38.10805130004883,80.70748138427734,-64.0,-13.0,37.0,91.0,140.10000000000036,,,,,,,,,,,,,,,,,,,,,,,,,,,,,,,,,,,,,,,,,,,,,,,,,
s0400,,,,,,,,,,,,,,,,,,,,,,,,,,,,,,,,,,,,,,,,,,,,,,,,,,,,,,,,,,,,,,,,,,,,,,,,,,,,,,,,,,,,,106.65499877929688,22.9862117767334,77.0,95.0,111.0,122.0,131.0,-185.32582092285156,334.8693542480469,-773.0,-411.75,-16.0,65.0,98.0,119.3306884765625,13.377671241760254,101.0,110.0,120.0,129.0,136.0,,,,,,,
s0401,21.324071884155273,23.538188934326172,-4.0,6.0,20.0,36.0,49.0,191.57745361328125,184.1291961669922,-3.0,59.0,155.0,277.0,430.0,346.43255615234375,254.3187255859375,101.0,163.0,267.0,471.0,729.0,355.7515869140625,259.0315856933594,101.0,167.0,277.0,488.0,747.0,130.1070098876953,41.11262893676758,86.0,100.0,117.0,171.0,188.0,16.15703010559082,180.325439453125,-13.0,44.0,63.0,78.0,91.0,89.45742797851562,21.651325225830078,63.0,78.0,91.0,103.0,115.0,303.4795227050781,204.00070190429688,126.0,162.0,237.0,367.0,595.0,135.00721740722656,37.705020904541016,81.0,115.0,145.0,162.0,174.0,134.99066162109375,37.55063247680664,80.0,116.0,145.0,162.0,174.0,103.75146484375,19.90886116027832,82.0,94.0,105.0,115.0,125.0,105.60208892822266,28.57550048828125,74.0,88.0,103.0,120.0,141.0,120.09901428222656,43.10215377807617,82.0,107.0,123.0,137.0,147.0,32.10950469970703,36.715023040771484,4.800000000000011,23.0,39.0,51.0,62.0,109.60429382324219,44.64881896972656,58.0,95.0,116.0,140.0,154.0,,,,,,,
s0402,13.702224731445312,38.192291259765625,-26.0,-2.0,16.0,34.0,52.0,182.8118438720703,230.819580078125,-44.0,16.0,130.0,285.0,467.0,313.5752868652344,303.6082763671875,22.0,95.0,214.0,461.0,758.0,316.2627258300781,303.77935791015625,24.0,95.0,218.0,465.0,756.0,125.37750244140625,32.398258209228516,90.0,112.0,129.0,145.0,159.0,20.718425750732422,191.94952392578125,-32.0,30.0,65.0,93.0,116.0,49.72714614868164,43.44816207885742,-7.0,23.0,54.0,80.0,101.0,331.3460693359375,304.38134765625,68.0,124.0,243.0,423.0,718.0,154.27066040039062,47.51034164428711,93.0,131.0,163.0,187.0,205.0,138.6215057373047,51.62480926513672,61.0,113.0,148.0,176.0,195.0,123.77227783203125,30.24049949645996,89.0,107.0,125.0,141.0,158.0,117.72642517089844,45.53358840942383,68.0,95.0,120.0,145.0,170.0,177.44583129882812,53.40279769897461,122.0,164.0,185.0,200.0,213.0,-59.065757751464844,273.4234924316406,-484.0,-17.0,50.0,78.0,99.0,146.03182983398438,47.06885528564453,86.0,121.0,155.0,179.0,196.0,,,,,,,
s0403,6.423845291137695,22.631250381469727,-19.0,-6.0,6.0,19.0,31.0,188.95326232910156,220.76675415039062,-10.0,39.0,131.0,265.0,455.0,378.3282470703125,290.39996337890625,97.0,162.0,288.0,524.0,812.0,384.30645751953125,305.0630798339844,94.0,160.0,287.0,530.0,846.0,158.584228515625,46.881675720214844,98.0,134.0,164.0,191.0,212.0,-348.0881652832031,512.1829833984375,-991.0,-977.0,8.5,110.0,161.0,140.3192596435547,47.35392761230469,72.0,115.0,151.0,173.0,188.0,388.5506896972656,265.79144287109375,146.0,199.5,302.0,494.0,784.0,214.02305603027344,99.54195404052734,66.0,130.0,238.0,299.0,325.0,207.88369750976562,98.43753051757812,66.0,121.0,227.0,294.0,324.0,78.97986602783203,23.32845115661621,53.0,67.0,80.0,93.0,105.0,76.07144165039062,38.561912536621094,31.0,50.0,72.0,99.0,123.0,322.97479248046875,116.54803466796875,215.0,264.0,312.0,366.0,434.0,41.35716247558594,62.83073425292969,19.0,36.0,50.0,63.0,75.0,151.18087768554688,39.66685104370117,108.0,136.0,156.0,174.0,188.0,17.011493682861328,23.014270782470703,-8.0,2.0,15.0,28.0,45.0
s0405,,,,,,,,,,,,,,,,,,,,,,,,,,,,,153.84222412109375,112.98558807373047,12.0,79.0,153.0,226.0,296.0,67.2262191772461,199.43568420410156,-55.0,22.0,95.0,165.0,228.0,,,,,,,,,,,,,,,,,,,,,,225.68714904785156,122.55662536621094,65.0,146.75,229.5,307.25,378.4000000000001,104.82365417480469,87.53089904785156,-3.0,49.0,104.0,160.0,215.0,191.28187561035156,107.47071075439453,57.0,118.0,187.0,262.0,331.0,355.5296936035156,122.13848114013672,203.0,298.0,368.0,427.0,481.0,22.24372673034668,217.77772521972656,-87.0,5.0,66.0,122.0,177.0,339.7107849121094,147.10948181152344,133.0,245.0,356.0,444.0,515.0,,,,,,,
s0406,14.439244270324707,50.46894454956055,-36.0,-9.0,13.0,34.0,54.0,194.92611694335938,207.07508850097656,-21.0,34.0,148.0,303.0,489.0,276.96600341796875,247.23631286621094,26.0,91.0,206.0,409.0,649.0,276.60540771484375,243.6658477783203,31.0,93.0,206.0,405.0,642.0,84.6176528930664,23.976364135742188,56.0,74.0,88.0,100.0,111.0,-112.55585479736328,375.1168212890625,-972.0,0.0,64.0,84.0,99.0,53.39032745361328,31.97608184814453,12.0,36.0,57.0,75.0,91.0,408.0595703125,255.43695068359375,104.0,203.0,370.0,568.0,773.0,114.22488403320312,36.42203903198242,64.0,93.0,121.0,140.0,154.0,112.7264633178711,38.798946380615234,58.0,89.0,120.0,141.0,156.0,91.64293670654297,23.234689712524414,65.0,80.0,93.0,106.0,118.0,101.72041320800781,29.38570785522461,65.0,84.0,103.0,122.0,138.0,115.07801818847656,57.44331359863281,63.0,95.0,116.0,134.0,151.0,-18.372028350830078,108.37427520751953,-104.0,-37.0,10.0,37.0,58.0,107.02520751953125,38.593238830566406,56.0,85.0,113.0,136.0,150.0,12.099096298217773,20.587465286254883,-12.0,0.0,13.0,25.0,37.0
s0407,,,,,,,,,,,,,,,,,,,,,,,,,,,,,113.66513061523438,136.09913635253906,-57.0,24.0,113.0,203.0,287.0,-59.89859390258789,337.7716064453125,-737.5,-107.0,32.0,142.0,239.0,111.8420639038086,146.21255493164062,-73.29999999999995,18.0,112.0,208.0,296.0,,,,,,,,182.46116638183594,154.43177795410156,-13.0,81.0,183.0,285.0,377.0,174.0709686279297,148.01747131347656,-15.0,79.0,176.0,275.0,359.0,127.2029800415039,140.21136474609375,-49.0,35.0,127.0,219.0,305.0,183.07281494140625,137.71835327148438,2.0,96.0,190.0,274.0,350.0,183.76657104492188,109.69737243652344,44.0,115.0,187.0,255.0,317.0,-89.9464340209961,359.03790283203125,-850.0,-99.0,33.5,124.0,198.0,175.43919372558594,114.77265167236328,29.0,101.0,177.0,251.0,319.0,,,,,,,
s0408,28.73064613342285,44.2479133605957,-12.0,10.0,30.0,48.0,64.0,234.6011505126953,224.47467041015625,-31.0,53.0,196.0,395.0,554.0,431.7035827636719,303.9000549316406,50.0,173.0,397.0,680.0,856.0,441.1524353027344,307.70867919921875,57.0,180.0,408.0,691.0,866.0,108.14400482177734,27.423870086669922,78.0,96.0,111.0,125.0,137.0,-86.181884765625,312.94525146484375,-745.0,-29.0,35.0,70.0,92.0,71.65274810791016,40.67710494995117,16.0,51.0,77.0,99.0,116.0,540.2147216796875,186.9121856689453,307.0,412.0,533.0,652.0,770.0,146.95704650878906,39.52377700805664,96.0,130.0,154.0,173.0,188.0,137.35557556152344,41.92610549926758,81.0,119.0,146.0,165.0,181.0,106.99000549316406,25.85310173034668,78.0,93.0,108.0,122.0,136.0,120.11662292480469,41.58306121826172,66.0,90.0,122.0,152.0,173.0,218.04046630859375,72.87947082519531,138.0,193.0,229.0,252.0,267.0,-80.79715728759766,293.9981689453125,-594.0,-21.0,35.0,64.0,89.0,139.348388671875,43.525543212890625,85.0,116.0,144.0,168.0,189.0,37.606563568115234,29.741708755493164,2.0,16.0,35.0,58.0,78.0
s0411,,,,,,,,,,,,,,,,,,,,,,,,,,,,,,,,,,,,,,,,,,,,,,,,,,,,,,,,,,,,,,,,,,,,,,,,,,,,,,,,,,,,,290.06695556640625,174.02862548828125,80.0,187.0,294.0,392.0,486.0,-1.934725046157837,222.5951385498047,-212.0,-71.0,27.0,123.0,213.0,467.3917236328125,169.43121337890625,248.0,363.0,472.0,577.0,678.0,,,,,,,
s0412,,,,,,,,,,,,,,,,,,,,,,,,,,,,,127.96727752685547,28.051916122436523,98.0,123.0,134.0,143.0,151.0,19.9198055267334,69.20880889892578,-8.0,8.0,23.0,42.0,71.0,101.1220474243164,27.392494201660156,68.0,88.0,104.0,118.0,131.0,285.70751953125,194.28504943847656,134.0,161.0,217.0,336.0,529.2000000000007,172.17950439453125,52.13642501831055,91.0,142.0,191.0,210.0,223.0,160.6703643798828,50.69553756713867,82.0,128.0,178.0,198.0,211.0,97.73026275634766,19.046016693115234,76.0,87.0,98.0,109.0,119.0,115.47010803222656,28.061866760253906,81.0,96.0,116.0,135.0,150.0,193.55532836914062,41.86410903930664,131.0,184.0,206.0,220.0,231.0,37.828208923339844,102.39572143554688,4.0,33.0,54.0,73.0,89.0,148.33750915527344,37.260982513427734,98.0,128.0,155.0,172.0,191.0,-0.013979031704366207,16.28428840637207,-19.0,-11.0,-1.0,8.0,19.0
s0413,,,,,,,,,,,,,,,,,,,,,,,,,,,,,29.006122589111328,35.80026626586914,-16.0,6.0,30.0,52.0,73.0,-11.29322624206543,73.51100158691406,-79.0,-31.0,1.0,28.0,52.0,,,,,,,,,,,,,,,,,,,,,,14.22230052947998,41.429443359375,-38.0,-12.0,14.0,40.0,66.0,49.75206756591797,34.6337776184082,7.0,28.0,50.0,72.0,93.0,37.90834426879883,34.874755859375,-4.0,16.0,38.0,60.0,81.0,39.609169006347656,34.82252883911133,0.0,22.0,42.0,60.0,77.0,-2.7144956588745117,135.684326171875,-51.0,-6.0,24.0,50.0,73.0,37.10310363769531,30.293434143066406,0.0,18.0,38.0,57.0,74.0,12.66696834564209,31.76164436340332,-27.0,-7.0,12.0,33.0,54.0
s0414,,,,,,,,,,,,,,,,,,,,,,,,,,,,,118.43477630615234,75.250732421875,22.0,69.0,120.0,169.0,213.0,-1.8748914003372192,176.78469848632812,-89.0,-26.0,26.0,76.0,121.0,,,,,,,,,,,,,,,122.14236450195312,81.52986907958984,16.0,66.0,127.0,180.0,223.0,,,,,,,,78.22347259521484,64.83396911621094,-2.0,36.0,77.0,120.0,160.0,157.19517517089844,119.70996856689453,9.0,64.0,144.0,253.0,322.0,363.475830078125,113.70271301269531,223.0,315.0,376.0,426.0,471.0,43.93721389770508,82.48640441894531,-52.0,-3.0,47.0,97.0,139.0,265.6196594238281,153.19418334960938,57.0,130.0,292.0,390.0,451.0,,,,,,,
s0416,19.399629592895508,56.240928649902344,-12.0,4.0,21.0,39.0,56.0,232.7749786376953,189.41061401367188,29.0,95.0,192.0,332.0,490.0,409.13018798828125,270.1312561035156,146.0,212.0,322.0,546.0,829.0,415.9134521484375,272.69525146484375,146.0,214.0,330.0,560.0,841.0,45.69298553466797,16.828208923339844,25.0,35.0,46.0,57.0,67.0,-184.9983367919922,445.0043640136719,-983.0,-485.0,72.0,95.0,110.0,41.171913146972656,18.668724060058594,17.0,29.0,41.0,54.0,65.0,367.2580871582031,209.6464080810547,180.0,224.0,298.0,449.0,664.0,33.28244400024414,17.842693328857422,10.0,21.0,33.0,45.0,56.0,31.346086502075195,18.756986618041992,9.0,20.0,32.0,43.0,54.0,50.64588165283203,17.47812271118164,29.0,39.0,51.0,62.0,72.0,37.76384735107422,19.65612030029297,13.0,25.0,37.0,50.0,63.0,37.44987869262695,20.882686614990234,12.0,24.0,38.0,51.0,63.0,13.709019660949707,68.19806671142578,-25.0,10.0,28.0,43.0,55.0,37.27326202392578,29.617401123046875,21.0,30.0,40.0,49.0,57.0,13.349356651306152,17.269775390625,-8.0,1.0,13.0,25.0,36.0
s0418,-5.263486385345459,71.46333312988281,-19.0,-7.0,3.0,14.0,23.0,200.5115203857422,180.37095642089844,-5.0,72.0,174.0,288.0,431.0,291.9529724121094,243.39503479003906,55.0,112.0,214.0,417.0,665.0,293.4786071777344,245.26861572265625,42.0,110.0,223.0,422.0,664.0,,,,,,,,,,,,,,,,,,,,,,,,,,,,,,,,,,,,,,,,,,,,,,,,,,,,,,,,,,,,,,,,,,,,,,,,,,,,,,,,,,,,
s0419,19.71330451965332,29.99137306213379,-13.0,8.0,24.0,37.0,49.0,206.46482849121094,190.63795471191406,22.0,69.0,154.0,293.0,468.0,394.9759826660156,304.2995300292969,86.0,160.0,298.0,567.0,876.0,422.3257751464844,309.8481140136719,105.0,179.0,329.0,609.0,907.0,,,,,,,,,,,,,,,,,,,,,,,,,,,,,,,,,,,,,,,,,,,,,,,,,,,,,,,,,,,,,,,,,,,,,,,,,,,,,,,,,,,,
s0420,,,,,,,,,,,,,,,,,,,,,,,,,,,,,177.1807403564453,60.1966438293457,103.0,139.0,177.0,215.0,251.0,15.498834609985352,272.3462829589844,-70.0,31.0,87.0,135.0,176.0,152.7227325439453,81.09712219238281,51.10000000000002,97.25,154.0,203.75,248.9000000000001,,,,,,,,,,,,,,,117.1963119506836,79.06156158447266,15.0,69.0,119.0,168.0,214.0,77.71437072753906,53.58000183105469,12.0,43.0,77.0,111.0,145.0,125.13632202148438,82.30362701416016,28.0,66.0,113.0,181.0,245.0,392.6414794921875,158.3603515625,169.0,288.0,420.0,508.0,560.0,57.659786224365234,103.57418060302734,-21.0,18.0,59.0,99.0,139.0,353.9844055175781,191.14202880859375,94.0,176.0,391.0,510.0,581.0,,,,,,,
s0421,,,,,,,,,,,,,,,,,,,,,,,,,,,,,21.56527328491211,22.203020095825195,-6.0,6.0,21.0,36.0,50.0,21.964542388916016,60.87183380126953,-18.0,5.0,26.0,47.0,64.0,,,,,,,,,,,,,,,,,,,,,,,,,,,,,47.32784652709961,21.807941436767578,19.0,33.0,48.0,62.0,74.0,27.446186065673828,25.996002197265625,-6.0,10.0,28.0,45.0,60.0,27.2359561920166,31.923250198364258,-8.0,12.0,30.0,44.0,56.0,92.9532699584961,231.8181610107422,-33.59999999999991,-3.0,29.0,70.0,267.0,32.458709716796875,22.76740837097168,6.0,20.0,34.0,47.0,59.0,,,,,,,
s0422,,,,,,,,,,,,,,,,,,,,,,,,,,,,,137.03543090820312,22.492685317993164,113.0,126.0,139.0,151.0,161.0,-189.6490478515625,457.1675109863281,-977.0,-669.0,65.0,126.0,156.0,89.73046112060547,35.37007141113281,48.0,72.0,91.0,110.0,127.0,,,,,,,,166.9970245361328,36.194610595703125,121.0,151.0,174.0,191.0,205.0,164.0854949951172,38.18207550048828,115.0,148.0,171.0,189.0,203.0,121.3212661743164,23.955842971801758,95.0,109.0,122.0,135.0,147.0,169.03811645507812,33.46158981323242,128.0,150.0,171.0,192.0,209.0,180.1932830810547,54.88080978393555,104.0,168.0,194.0,208.0,219.0,52.97749710083008,34.23240661621094,12.0,36.0,57.0,75.0,90.0,162.5666046142578,49.13240432739258,101.0,128.0,172.0,199.0,218.0,22.57083511352539,22.141759872436523,-2.0,8.0,21.0,35.0,49.0
s0423,28.171363830566406,31.699460983276367,-7.0,10.0,29.0,47.0,63.0,134.3196258544922,183.97633361816406,-51.0,2.0,92.0,221.0,370.0,267.43701171875,257.4291687011719,37.0,89.0,180.0,371.0,630.0,248.11289978027344,246.01011657714844,25.0,78.0,168.0,347.0,588.0,93.3778305053711,25.268362045288086,64.0,81.0,96.0,110.0,122.0,8.245944023132324,188.82205200195312,-21.0,25.0,53.0,76.0,96.0,57.57528305053711,35.402923583984375,13.0,35.0,58.0,80.0,100.0,244.1980438232422,225.42335510253906,49.0,90.0,179.0,317.0,534.0,135.01100158691406,30.28622055053711,97.0,122.0,140.0,155.0,167.0,125.51554870605469,35.318565368652344,80.0,110.0,132.0,149.0,163.0,93.13008880615234,24.59915542602539,63.0,78.0,94.0,109.0,122.0,92.0775146484375,30.9960994720459,55.0,71.0,90.0,111.0,134.0,157.65281677246094,82.80061340332031,105.0,133.0,155.0,176.0,195.0,3.6625256538391113,101.63021087646484,-65.0,-15.0,22.0,52.0,75.0,138.29937744140625,52.21456527709961,68.0,105.0,145.0,177.0,199.0,20.890098571777344,25.95612907409668,-8.0,3.0,17.0,36.0,56.0
s0424,,,,,,,,,,,,,,,,,,,,,,,,,,,,,81.66571044921875,37.380428314208984,34.0,58.0,83.0,107.0,128.0,13.850905418395996,33.805030822753906,-24.0,-8.0,11.0,33.0,57.0,,,,,,,,,,,,,,,,,,,,,,,,,,,,,49.04942321777344,31.76007652282715,9.0,30.0,50.0,70.0,88.0,54.54607391357422,34.03043746948242,14.0,33.0,53.0,74.0,97.0,257.4249572753906,85.24356079101562,154.0,233.0,269.0,294.0,313.0,32.44093322753906,62.455543518066406,-11.0,14.0,37.0,61.0,83.0,186.6404571533203,108.36630249023438,56.0,90.0,188.0,277.0,327.0,,,,,,,
s0425,,,,,,,,,,,,,,,,,,,,,,,,,,,,,53.608787536621094,40.977294921875,2.0,28.0,55.0,80.0,104.0,17.443450927734375,97.740966796875,-47.0,-7.0,28.0,59.0,89.0,32.828819274902344,50.74040603637695,-33.0,1.0,34.0,67.0,96.0,,,,,,,,,,,,,,,58.341087341308594,41.58654022216797,5.0,32.0,60.0,86.0,110.0,69.72547912597656,39.21803283691406,20.0,44.0,70.0,95.0,119.0,70.25225067138672,41.459896087646484,17.0,44.0,72.0,97.0,122.0,71.45547485351562,57.77045440673828,14.0,41.0,69.0,97.0,124.0,-105.20691680908203,310.8241271972656,-709.5999999999999,-57.0,23.0,63.0,97.0,67.67011260986328,42.21360397338867,15.0,42.0,69.0,95.0,118.0,,,,,,,
s0426,0.6653240919113159,34.08644104003906,-32.0,-12.0,3.0,20.0,36.0,245.48846435546875,229.1615447998047,8.0,80.0,192.0,357.0,558.5999999999985,380.9501953125,311.7915954589844,80.0,146.0,275.0,546.0,872.0,391.60394287109375,307.3724670410156,92.0,159.0,290.0,556.0,871.0,,,,,,,,,,,,,,,,,,,,,,,,,,,,,,,,,,,,,,,,,,,,,,,,,,,,,,,,,49.11503219604492,22.513540267944336,20.0,35.0,51.0,63.25,77.0,,,,,,,,,,,,,,,,,,,,,
s0428,4.977831840515137,32.83930587768555,-35.0,-14.0,6.0,26.0,44.0,293.142822265625,186.0780792236328,118.0,165.0,244.0,362.0,543.0,422.2109375,253.31417846679688,168.0,230.0,353.0,557.0,789.0,429.84783935546875,262.2214660644531,169.0,232.0,357.0,569.0,809.0,83.38172912597656,27.133867263793945,56.0,70.0,85.0,99.0,112.0,46.9483528137207,68.33656311035156,8.0,33.0,55.0,73.0,88.0,46.56686782836914,36.97588348388672,-2.0,25.0,50.0,72.0,91.0,362.34967041015625,222.2893524169922,182.0,216.0,282.0,420.0,697.0,100.50653076171875,32.58433532714844,61.0,85.0,104.0,122.0,136.0,100.79536437988281,32.219722747802734,61.0,82.0,103.0,122.0,139.0,45.114566802978516,23.98479652404785,17.0,31.0,45.0,60.0,73.0,106.6859130859375,29.83285140991211,69.0,90.0,109.0,127.0,142.0,110.51620483398438,39.01079177856445,57.0,93.0,118.0,136.0,152.0,34.645198822021484,41.327877044677734,-3.0,18.0,39.0,57.0,72.0,108.19806671142578,31.597204208374023,67.0,89.0,112.0,130.0,145.0,17.01651382446289,25.16061019897461,-15.0,0.0,17.0,34.0,49.0
s0429,13.070757865905762,29.56157875061035,-24.0,1.0,17.0,32.0,45.0,157.90122985839844,189.2964324951172,-39.0,18.0,115.0,254.0,415.0,398.639892578125,303.5361633300781,74.0,156.0,319.0,590.0,874.0,405.73272705078125,304.9071044921875,79.0,159.0,328.0,598.0,885.0,89.51608276367188,19.569759368896484,67.0,79.0,91.0,102.0,112.0,-128.5525360107422,389.9385681152344,-1001.0,13.5,56.0,75.0,89.0,68.53868103027344,22.577856063842773,41.0,56.0,70.0,83.0,96.0,320.35491943359375,249.7335662841797,99.0,138.0,236.0,413.0,711.0,86.95024108886719,24.43012237548828,57.0,75.0,90.0,103.0,114.0,87.25010681152344,23.503870010375977,58.0,75.0,90.0,103.0,114.0,86.21632385253906,18.428810119628906,64.0,75.0,87.0,98.0,108.0,91.3083267211914,23.259336471557617,63.0,77.0,91.0,106.0,120.0,92.11820983886719,35.01362609863281,63.0,81.0,95.0,107.0,117.0,44.26008224487305,39.97021484375,12.0,33.0,49.0,64.0,79.0,83.17860412597656,33.157772064208984,52.0,73.0,88.0,101.0,112.0,20.541160583496094,18.391841888427734,-1.0,8.0,20.0,32.0,44.0
s0430,,,,,,,,,,,,,,,,,,,,,,,,,,,,,58.71910858154297,20.106040954589844,34.0,53.0,63.0,71.0,78.0,17.439760208129883,94.86605072021484,-9.0,17.0,35.0,48.0,57.0,31.35840606689453,25.149112701416016,-5.0,18.0,37.0,49.0,58.0,,,,,,,,66.4684066772461,22.629003524780273,33.100000000000136,56.0,71.0,82.0,91.0,66.58477020263672,23.200246810913086,34.0,58.0,72.0,82.0,90.0,69.25904083251953,15.847557067871094,53.0,63.0,71.0,79.0,85.0,69.05721282958984,16.596399307250977,49.0,61.0,71.0,80.0,88.0,93.21165466308594,91.31942749023438,52.0,72.0,82.0,89.0,98.0,17.361003875732422,72.9845962524414,-15.0,14.0,33.0,44.0,53.0,63.525672912597656,25.310531616210938,28.0,55.0,70.0,80.0,87.0,11.628148078918457,14.008757591247559,-5.0,3.0,12.0,21.0,29.0
s0431,,,,,,,,,,,,,,,,,,,,,,,,,,,,,107.12653350830078,27.940099716186523,72.0,90.0,110.0,127.0,140.0,61.43844985961914,28.1531982421875,28.0,47.0,64.0,80.0,93.0,79.75202941894531,36.18846893310547,33.0,61.0,86.0,104.0,119.0,251.87635803222656,215.13446044921875,32.0,85.0,197.0,369.0,550.0,153.2508544921875,52.57918930053711,89.0,117.0,160.0,188.0,208.0,151.8900604248047,59.02627944946289,87.0,115.0,159.0,187.0,205.0,78.83154296875,23.63326644897461,53.0,66.0,79.0,92.0,105.0,59.75054168701172,21.905317306518555,34.0,47.0,60.0,73.0,85.0,381.10546875,76.79603576660156,275.0,373.0,403.0,422.0,438.0,36.337738037109375,58.94215774536133,6.0,30.0,46.0,58.0,69.0,194.18016052246094,121.33907318115234,74.0,97.0,147.0,323.0,388.0,52.90700149536133,19.94246482849121,30.0,42.0,53.0,65.0,76.0
s0433,,,,,,,,,,,,,,,,,,,,,,,,,,,,,109.43402862548828,22.63875961303711,83.0,98.0,111.0,124.0,135.0,-19.58024787902832,307.1290588378906,-586.0,44.0,88.0,122.0,142.0,83.49748992919922,31.15233612060547,46.0,67.0,86.0,103.0,119.0,,,,,,,,156.93072509765625,33.5734748840332,114.40000000000003,142.0,161.0,178.0,193.0,155.59718322753906,34.149864196777344,111.0,141.0,161.0,178.0,191.0,120.40452575683594,24.590036392211914,92.0,107.0,121.0,135.0,148.0,140.4977264404297,31.296951293945312,102.0,120.0,141.0,163.0,180.0,144.13658142089844,33.45728302001953,104.0,132.0,150.0,165.0,177.0,-21.448623657226562,186.2285919189453,-200.0,-9.0,38.0,65.0,88.0,136.06500244140625,38.29039764404297,85.0,113.0,144.0,163.0,178.0,24.764760971069336,22.86661148071289,-3.0,9.0,24.0,39.0,55.0
s0435,,,,,,,,,,,,,,,,,,,,,,,,,,,,,,,,,,,,,,,,,,,,,,,,,,,,,,,,,,,,,,,,,,,,,,,,,,,,,,366.8816223144531,57.11689376831055,299.0,331.0,369.0,403.75,438.0,487.33258056640625,127.10502624511719,387.0,468.0,501.0,530.0,559.0,43.21909713745117,77.3533706665039,-5.0,23.0,52.0,77.0,102.0,405.7481384277344,170.85594177246094,126.0,322.0,468.0,522.0,560.0,,,,,,,
s0436,21.523250579833984,21.204753875732422,-1.0,16.0,24.0,35.0,42.0,130.96270751953125,128.439208984375,-17.0,37.0,117.0,194.0,293.70000000000437,271.7903137207031,202.41665649414062,76.0,130.0,212.0,363.0,565.0,277.49676513671875,210.89450073242188,76.0,130.0,213.0,369.0,592.0,82.18655395507812,13.192377090454102,71.0,79.0,85.0,89.0,93.0,-9.737588882446289,171.2151336669922,-125.0,12.0,47.0,61.0,69.0,74.20026397705078,13.247696876525879,59.0,68.0,75.0,82.0,88.0,235.40652465820312,165.01913452148438,91.0,124.0,186.0,293.0,440.0,101.85081481933594,20.64374351501465,76.0,97.0,107.0,114.0,120.0,94.35128021240234,20.21957015991211,67.0,88.0,100.0,107.0,113.0,91.14551544189453,11.300010681152344,81.0,87.0,92.0,97.0,102.0,94.74465942382812,19.52346420288086,78.0,88.0,95.0,104.0,116.0,102.28246307373047,22.78044891357422,73.0,95.0,108.0,116.0,122.0,13.835537910461426,62.646644592285156,-53.0,6.0,31.0,48.0,60.0,93.45556640625,30.168733596801758,67.0,85.0,100.0,110.0,116.0,27.261999130249023,15.733153343200684,11.0,17.0,25.0,35.5,49.0
s0437,,,,,,,,,,,,,,,,,,,,,,,,,,,,,111.02200317382812,45.287147521972656,70.0,96.0,116.0,134.0,150.0,-280.1031188964844,471.6220703125,-979.0,-930.0,33.0,96.0,120.0,,,,,,,,,,,,,,,,,,,,,,,,,,,,,66.22083282470703,29.26616859436035,32.0,50.0,67.0,84.0,100.0,79.88790130615234,58.249176025390625,33.0,57.0,81.0,106.0,132.0,204.4180450439453,63.687286376953125,108.0,181.0,220.0,246.0,266.0,19.934009552001953,85.23793029785156,-51.0,-9.0,32.0,67.0,94.0,196.52040100097656,87.21348571777344,79.0,133.0,204.0,260.0,306.0,,,,,,,
s0438,,,,,,,,,,,,,,,,,,,,,,,,,,,,,59.817848205566406,23.759557723999023,30.0,45.0,60.0,75.0,89.0,0.8107462525367737,59.23215866088867,-34.0,-15.0,4.0,25.0,46.0,56.47439956665039,28.77098274230957,22.0,38.0,56.0,75.0,91.0,,,,,,,,55.935081481933594,30.799348831176758,17.0,36.0,57.0,76.0,94.0,,,,,,,,61.43222427368164,24.3908634185791,31.0,46.0,62.0,77.0,91.0,51.38893508911133,49.60353088378906,9.0,26.0,46.0,66.0,88.0,178.71798706054688,59.778987884521484,101.0,149.0,184.0,216.0,245.0,-13.2915678024292,159.57305908203125,-106.0,-6.0,27.0,55.0,79.0,280.2192687988281,184.08082580566406,71.0,155.0,266.0,354.0,518.0,15.697674751281738,24.866270065307617,-16.0,-1.0,15.0,32.0,48.0
s0439,,,,,,,,,,,,,,,,,,,,,,,,,,,,,92.74275970458984,24.788684844970703,63.0,86.0,98.0,108.0,116.0,-87.51213836669922,313.9888916015625,-799.5999999999995,-3.0,40.0,62.0,75.0,57.45790100097656,33.170623779296875,8.0,41.0,65.0,80.0,91.0,,,,,,,,,,,,,,,137.0349578857422,45.051963806152344,66.0,104.0,150.0,173.0,185.0,51.1348876953125,15.124862670898438,35.0,44.0,52.0,60.0,67.0,96.53759765625,33.262874603271484,53.0,76.0,98.0,119.0,137.0,270.9673767089844,60.323036193847656,170.0,252.0,296.0,312.0,321.0,34.27619171142578,35.26386642456055,-8.0,18.0,39.0,56.0,71.0,144.03053283691406,65.90373229980469,69.0,97.0,140.0,183.0,246.0,17.736303329467773,14.061180114746094,3.0,10.0,18.0,26.0,34.0
s0440,8.631388664245605,26.583572387695312,-18.0,-8.0,3.0,23.0,48.0,151.6829071044922,212.78823852539062,-56.0,-4.0,98.0,249.0,425.0,283.9039306640625,284.10736083984375,24.0,82.0,187.0,402.0,706.0,296.40185546875,297.3797912597656,22.0,85.0,195.0,421.0,745.0,114.65717315673828,27.156761169433594,88.0,106.0,119.0,130.0,140.0,-69.03457641601562,307.9072570800781,-586.0,-6.0,45.0,72.0,88.0,67.4466323852539,32.23215103149414,25.0,51.0,72.0,88.0,102.0,288.6658020019531,264.0085144042969,53.0,99.0,206.0,386.0,670.0,136.30374145507812,32.6043586730957,97.0,127.0,144.0,156.0,166.0,134.18531799316406,33.41347885131836,93.0,125.0,142.0,154.0,165.0,90.96286010742188,20.716899871826172,70.0,81.0,92.0,103.0,113.0,114.4029312133789,25.57470703125,84.0,101.0,116.0,131.0,144.0,173.96112060546875,41.878929138183594,115.0,158.0,184.0,201.0,213.0,-63.348880767822266,274.08721923828125,-481.0,-18.0,48.0,73.0,91.0,131.6590576171875,38.696956634521484,84.0,114.0,136.0,158.0,175.0,33.217342376708984,23.751680374145508,7.0,19.0,31.0,47.0,64.0
s0441,35.50342559814453,62.112247467041016,-33.0,1.0,38.0,72.0,104.0,244.81504821777344,201.93539428710938,36.0,102.0,202.0,339.0,512.0,349.3753356933594,263.2900085449219,86.0,158.0,274.0,478.0,746.0,355.6649169921875,265.6973876953125,90.0,162.0,279.0,486.0,753.0,112.99302673339844,37.30208969116211,66.0,89.0,113.0,137.0,159.0,6.603480339050293,160.47035217285156,-31.0,0.0,30.0,64.0,94.0,83.76362609863281,59.31376647949219,16.0,49.0,84.0,116.0,145.0,323.3470764160156,232.77325439453125,101.0,156.0,256.0,423.0,648.0,155.26092529296875,50.123191833496094,90.0,126.0,160.0,189.0,214.0,149.57205200195312,54.85158157348633,77.0,116.0,155.0,188.0,215.0,122.67829895019531,37.59177780151367,76.0,99.0,123.0,147.0,169.0,114.0194091796875,55.11866760253906,44.0,74.0,112.0,156.0,188.0,137.02166748046875,98.10823059082031,49.0,94.0,131.0,164.0,197.0,16.21612548828125,38.4424934387207,-33.0,-7.0,18.0,42.0,62.0,132.6841278076172,50.709224700927734,68.0,99.0,134.0,170.0,197.0,53.95267105102539,94.90193176269531,-9.0,9.0,33.0,63.0,102.0
s0442,7.066888332366943,49.79188537597656,-26.0,-6.0,7.0,21.0,37.0,177.98452758789062,219.49057006835938,-25.0,27.0,121.0,254.0,456.0,235.7314910888672,246.10243225097656,5.0,59.0,157.0,338.0,601.0,209.67832946777344,233.1586456298828,-7.0,43.0,136.0,304.0,550.0,,,,,,,,,,,,,,,,,,,,,,374.67681884765625,190.0600128173828,159.0,224.5,341.0,492.0,653.0,,,,,,,,,,,,,,,,,,,,,,31.953832626342773,27.88451385498047,-4.0,15.0,33.0,50.0,67.0,53.30280685424805,83.59598541259766,1.0,20.0,38.5,60.0,90.0,,,,,,,,,,,,,,,,,,,,,
s0443,11.585037231445312,69.10698699951172,-76.0,-33.0,12.0,57.0,99.0,291.60211181640625,277.1240539550781,-14.0,107.5,235.0,422.0,684.0,345.2496032714844,316.44439697265625,38.0,128.0,252.0,484.0,826.0,359.4411926269531,317.4246520996094,42.0,140.0,271.0,506.0,839.7000000000044,,,,,,,,,,,,,,,,,,,,,,,,,,,,,,,,,,,,,,,,,,,,,,,,,,,,,,,,,,,,,,,,,,,,,,,,,,,,,,,,,,,,
s0444,,,,,,,,,,,,,,,,,,,,,,,,,,,,,79.34761047363281,69.52954864501953,-8.0,34.0,80.0,125.0,167.0,11.143830299377441,94.74057006835938,-82.0,-30.0,19.0,66.0,108.0,,,,,,,,,,,,,,,,,,,,,,,,,,,,,57.99557876586914,64.12744140625,-22.0,16.0,58.0,99.0,139.0,47.75312423706055,61.201961517333984,-29.0,9.0,47.0,86.0,126.0,333.5977478027344,111.91584014892578,187.0,297.0,351.0,395.0,435.0,29.398466110229492,105.61761474609375,-38.0,0.0,38.0,76.0,111.0,273.5397033691406,130.57472229003906,91.0,177.0,285.0,376.0,432.0,,,,,,,
s0445,,,,,,,,,,,,,,,,,,,,,,,,,,,,,28.100088119506836,26.87665557861328,-1.0,18.0,32.0,45.0,56.0,-74.83531951904297,271.571044921875,-304.0,-12.0,19.0,36.0,48.0,25.006942749023438,30.197675704956055,-12.0,13.0,30.0,44.0,56.0,360.7698669433594,312.9382019042969,82.0,130.0,250.0,494.0,841.0,24.58091926574707,20.605907440185547,0.0,13.0,26.0,38.0,48.0,20.974220275878906,23.856101989746094,-8.0,10.0,24.0,36.0,47.0,40.537376403808594,18.55470085144043,20.0,31.0,42.0,52.0,62.0,38.00167465209961,21.346038818359375,13.0,26.0,39.0,52.0,63.0,46.32568359375,118.46893310546875,1.0,19.0,34.0,49.0,64.0,-2.69892954826355,44.612213134765625,-45.0,-14.0,5.0,21.0,33.0,33.02214431762695,23.167612075805664,6.100000000000364,23.0,36.0,47.0,57.0,5.581347465515137,16.43102264404297,-14.0,-4.0,6.0,16.0,25.0
s0446,23.22218132019043,29.572507858276367,-12.0,9.0,27.0,43.0,56.0,237.39935302734375,236.59661865234375,-39.0,48.0,200.0,379.0,567.0,386.7920837402344,305.36090087890625,74.0,159.0,297.0,562.0,847.0,386.8460388183594,303.75201416015625,74.0,159.0,299.0,563.0,843.0,119.04986572265625,20.70998191833496,96.0,109.0,121.0,132.0,142.0,-47.289154052734375,306.8005065917969,-560.0,13.0,63.0,91.0,110.0,95.07516479492188,26.517412185668945,63.0,82.0,98.0,111.0,124.0,344.4490051269531,214.22987365722656,156.0,193.0,277.0,427.0,644.0,152.62713623046875,36.141204833984375,107.0,137.0,158.0,175.0,191.0,154.4326934814453,47.2829475402832,106.0,137.0,158.0,175.0,191.0,110.80841827392578,35.957088470458984,82.0,98.0,112.0,124.0,136.0,113.41436767578125,31.530006408691406,77.0,92.0,110.0,135.0,157.0,133.86578369140625,30.02555274963379,96.0,125.0,140.0,152.0,162.0,53.16304397583008,59.611473083496094,19.0,46.0,64.0,78.0,91.0,128.1114501953125,30.16142463684082,92.0,114.0,134.0,148.0,158.0,,,,,,,
s0447,17.120601654052734,15.025116920471191,3.0,9.0,16.0,25.0,35.0,132.55438232421875,147.52047729492188,-11.0,30.0,103.0,186.0,311.0,270.680419921875,223.0065460205078,59.0,116.0,203.0,365.0,584.0,267.1844787597656,223.17391967773438,57.0,114.0,198.0,361.0,578.0,82.75646209716797,16.90903091430664,66.0,80.0,87.0,92.0,96.0,-72.84500885009766,273.5763244628906,-394.0,2.0,15.0,34.0,52.0,66.39824676513672,15.539063453674316,46.0,58.0,68.0,77.0,84.0,282.3275451660156,227.9105987548828,78.0,119.0,212.0,366.0,604.0,99.7085189819336,18.329919815063477,76.0,94.0,104.0,111.0,117.0,82.07119750976562,22.46441078186035,51.0,73.0,88.0,97.0,104.0,91.61593627929688,12.616715431213379,80.0,87.0,93.0,98.0,103.0,101.33840942382812,16.023147583007812,86.0,94.0,101.0,108.0,120.0,106.23226928710938,24.907562255859375,75.0,102.0,113.0,120.0,125.0,19.186857223510742,76.44092559814453,-23.0,13.0,38.0,53.0,61.0,90.4520492553711,31.03056526184082,49.0,77.0,99.0,112.0,119.0,,,,,,,
s0450,15.363616943359375,40.37324523925781,-27.0,1.0,19.0,34.0,48.0,192.4287872314453,189.4943084716797,-23.0,56.0,164.0,291.75,437.0,304.68878173828125,256.8672790527344,56.0,120.0,225.0,431.0,693.0,304.25787353515625,252.51351928710938,55.0,124.0,229.0,427.0,685.0,51.60928726196289,26.112838745117188,20.0,36.0,53.0,69.0,83.0,-15.267289161682129,162.7067413330078,-38.0,-4.0,18.0,37.0,54.0,33.48439407348633,29.645267486572266,-4.0,16.0,36.0,53.0,69.0,287.78680419921875,184.62091064453125,116.0,157.0,237.0,365.0,527.0,30.695173263549805,25.21398162841797,-1.0,14.0,31.0,48.0,62.0,30.41959571838379,24.887287139892578,-1.0,14.0,31.0,47.0,62.0,60.55195999145508,26.079814910888672,28.0,45.0,62.0,78.0,92.0,40.347938537597656,25.69388771057129,7.0,24.0,41.0,57.0,73.0,44.19927215576172,50.35123825073242,6.0,23.0,41.0,59.0,76.0,,,,,,,,62.17429733276367,28.372861862182617,31.0,47.0,64.0,80.0,94.0,17.52557373046875,23.010244369506836,-11.0,2.0,17.0,33.0,47.0
s0452,,,,,,,,,,,,,,,,,,,,,,,,,,,,,98.30216979980469,56.772300720214844,26.0,62.0,98.0,136.0,170.0,-15.954935073852539,231.29727172851562,-108.0,-7.0,43.0,85.0,123.0,68.13150024414062,70.48348236083984,-22.0,25.0,71.0,115.0,153.0,,,,,,,,122.31409454345703,80.27790069580078,16.0,67.0,126.0,180.0,223.0,,,,,,,,59.8886604309082,55.7177848815918,-10.0,23.0,60.0,96.0,130.0,99.83171081542969,79.85222625732422,10.0,49.0,92.0,140.0,192.0,327.3086242675781,96.08358764648438,196.0,301.0,347.0,381.0,411.0,15.782307624816895,138.80873107910156,-42.0,1.0,38.0,70.0,101.0,279.20294189453125,179.7415771484375,58.0,109.0,305.0,423.0,495.0,10.50717830657959,56.953407287597656,-61.0,-26.0,10.0,48.0,83.0
s0453,,,,,,,,,,,,,,,,,,,,,,,,,,,,,,,,,,,,,,,,,,,,,,,,,,,,,,,,,,,,,,,,,,,,,,,,,,,,,,,,,,,,,,,,,,,,57.125144958496094,81.15542602539062,-43.0,5.0,57.0,109.0,157.5999999999999,,,,,,,,,,,,,,
s0454,2.9258780479431152,36.87593078613281,-48.0,-14.75,8.0,27.0,43.0,119.92695617675781,186.9812774658203,-70.0,-18.0,78.0,208.0,365.0,236.247314453125,272.3376770019531,-7.0,40.0,136.0,357.0,653.0,251.56370544433594,278.8941345214844,-3.0,45.0,148.0,386.0,681.0,,,,,,,,-206.23011779785156,254.93565368652344,-603.0999999999999,-402.0,-99.0,14.0,45.0,,,,,,,,,,,,,,,,,,,,,,,,,,,,,,,,,,,,27.530927658081055,21.816646575927734,0.0,15.0,29.0,42.0,54.0,115.28972625732422,198.5719757080078,7.0,25.0,45.0,90.0,335.0,,,,,,,,,,,,,,,,,,,,,
s0455,,,,,,,,,,,,,,,,,,,,,,,,,,,,,104.04302978515625,89.88289642333984,-8.0,45.0,103.0,162.0,218.0,-218.3282928466797,479.7151184082031,-991.0,-872.0,22.0,132.0,212.0,86.94229125976562,120.03569030761719,-70.59999999999997,9.0,87.0,166.0,235.5999999999999,,,,,,,,108.42841339111328,114.40896606445312,-36.0,33.0,109.0,185.0,253.0,107.1337661743164,118.34058380126953,-45.0,30.0,108.0,187.0,257.0,76.38723754882812,95.8038101196289,-43.0,14.0,76.0,138.0,197.0,91.91622924804688,120.92543029785156,-62.0,11.0,93.0,171.0,244.0,206.30148315429688,108.68314361572266,72.0,144.0,212.0,272.0,324.0,38.853458404541016,109.1995620727539,-72.19999999999993,-15.0,43.0,102.0,153.0,204.68800354003906,125.12493133544922,51.0,123.0,205.0,283.0,352.0,,,,,,,
s0456,12.947650909423828,29.496713638305664,-20.0,-3.0,13.0,30.0,47.0,167.2180938720703,165.2838897705078,3.0,49.0,131.0,240.0,377.0,328.9869689941406,276.0528259277344,71.0,129.0,240.0,449.0,736.0,304.8599853515625,263.16815185546875,62.0,117.0,222.0,414.0,681.0,123.21101379394531,24.706640243530273,98.0,113.0,126.0,138.0,149.0,-67.39366912841797,335.6840515136719,-923.0,23.0,63.0,88.0,107.0,78.90803527832031,42.959754943847656,23.0,52.0,82.0,107.0,129.0,310.1656494140625,262.52423095703125,42.0,118.0,248.0,433.0,669.0,144.36065673828125,44.971466064453125,79.0,120.0,155.0,177.0,192.0,141.93263244628906,48.50991439819336,69.0,113.0,153.0,178.0,195.0,110.2023696899414,23.132648468017578,85.0,98.0,110.0,123.0,136.0,132.68844604492188,34.83900451660156,93.0,111.0,130.0,152.0,181.0,225.80287170410156,63.71106719970703,143.0,211.0,236.0,254.0,270.0,59.43318557739258,37.30632781982422,24.0,42.0,61.0,79.0,96.0,187.29237365722656,55.59567642211914,111.0,152.0,191.0,230.0,256.0,32.461692810058594,32.454185485839844,-5.0,9.0,27.0,55.0,79.0
s0457,,,,,,,,,,,,,,,,,,,,,,,,,,,,,101.23747253417969,34.213993072509766,60.0,90.0,107.0,119.0,129.0,-16.979515075683594,166.66265869140625,-17.0,-6.0,5.0,39.0,62.0,,,,,,,,,,,,,,,,,,,,,,,,,,,,,46.80076217651367,14.262016296386719,32.0,40.0,47.0,55.0,62.0,96.32608795166016,29.41730499267578,61.0,81.0,100.0,113.0,126.0,211.3921661376953,64.63401794433594,123.0,168.0,219.0,266.0,288.0,29.60756492614746,30.9826602935791,-7.0,15.0,35.0,49.0,60.0,103.46855926513672,31.940513610839844,68.0,91.0,105.0,122.0,141.0,,,,,,,
s0458,-23.12808609008789,93.55276489257812,-127.0,-77.0,-22.0,32.0,82.0,128.2965850830078,168.19931030273438,-37.0,9.0,92.0,200.0,341.0,317.2711486816406,438.24200439453125,31.0,95.0,202.0,390.0,668.0,260.7379150390625,251.6413116455078,25.0,84.0,182.0,370.0,628.0,97.92697143554688,26.07373809814453,67.0,85.0,100.0,115.0,127.0,-49.64565658569336,351.34027099609375,-936.0,41.0,92.0,118.0,136.0,67.51873016357422,35.585792541503906,22.0,47.0,70.0,91.0,110.0,333.8966369628906,238.72105407714844,75.0,140.0,274.0,492.0,678.0,98.05718231201172,46.7143440246582,33.0,69.0,106.0,133.0,152.0,103.55606079101562,44.393653869628906,43.0,74.0,111.0,137.0,155.0,98.48011016845703,26.550323486328125,66.0,83.0,100.0,116.0,130.0,95.24516296386719,38.05091857910156,47.0,70.0,95.0,122.0,145.0,124.18798065185547,102.31134796142578,60.0,89.0,112.0,133.0,156.0,35.650142669677734,54.11297607421875,-5.0,19.0,42.0,61.0,80.0,100.5431900024414,38.09087371826172,54.0,79.0,104.0,126.0,144.0,17.69398307800293,25.021400451660156,-12.0,0.0,15.5,32.0,51.0
s0459,,,,,,,,,,,,,,,,,,,,,,,,,,,,,95.15287780761719,29.320079803466797,59.0,75.0,95.0,116.0,133.0,64.21526336669922,33.34469223022461,37.0,53.0,68.0,81.0,92.0,71.95841217041016,20.579240798950195,46.0,58.0,73.0,85.0,98.0,,,,,,,,106.04621124267578,43.25176239013672,44.0,72.0,113.0,139.0,158.0,97.87491607666016,42.788368225097656,39.0,64.0,103.0,131.0,149.0,72.20132446289062,20.87289810180664,48.0,59.0,71.0,85.0,98.0,52.066314697265625,24.785234451293945,22.0,37.0,52.0,68.0,82.0,391.2024841308594,76.9190902709961,278.0,381.0,412.0,434.0,452.0,30.88467025756836,79.39085388183594,0.0,23.0,42.0,59.0,75.0,210.31605529785156,125.39898681640625,74.0,115.0,174.0,285.0,419.0,,,,,,,
s0461,2.0458266735076904,61.54082489013672,-30.0,-12.0,4.0,22.0,41.0,335.63189697265625,239.8290557861328,107.0,170.0,272.0,433.0,662.0,478.9875183105469,330.23663330078125,167.0,234.0,368.0,647.0,995.0,489.3526306152344,335.3412170410156,162.0,238.0,379.0,674.0,1018.0,107.2416763305664,20.548301696777344,85.0,97.0,108.0,120.0,130.0,-21.208087921142578,249.29171752929688,-103.0,9.0,52.0,83.0,103.0,88.30679321289062,30.593217849731445,54.0,74.0,90.0,107.0,121.0,467.7136535644531,287.65240478515625,228.0,269.0,364.0,562.0,889.0,150.5298614501953,38.56541061401367,97.0,133.0,160.0,176.0,189.0,146.74591064453125,40.542171478271484,92.0,130.0,157.0,174.0,186.0,110.00518035888672,21.991289138793945,86.0,98.0,110.0,122.0,135.0,112.96044921875,32.6237678527832,75.0,91.0,111.0,135.0,156.0,208.03713989257812,66.5374526977539,140.0,192.0,217.0,234.0,248.0,31.714208602905273,61.65074920654297,-25.0,14.0,43.0,63.0,83.0,158.90602111816406,48.598018646240234,96.0,131.0,165.0,192.0,215.0,25.383520126342773,22.537185668945312,0.0,10.0,22.0,38.0,55.0
s0462,5.51002311706543,81.1221923828125,-8.699999999999989,2.0,16.0,27.0,36.0,203.50498962402344,242.62530517578125,-32.0,30.0,145.0,297.0,525.0,379.7501220703125,301.7804870605469,73.0,154.0,294.0,541.0,835.0,357.02191162109375,286.17437744140625,70.0,145.0,272.0,509.0,784.0,48.5755729675293,17.9951114654541,27.0,39.0,49.0,60.0,69.0,-339.8152160644531,448.02886962890625,-990.0,-937.0,-26.0,31.0,51.0,11.268938064575195,50.54384231567383,-60.0,-1.0,27.0,42.0,54.0,492.4277038574219,588.2015991210938,87.0,198.0,344.0,575.0,1025.0,42.23826217651367,24.459794998168945,17.0,27.0,39.0,55.0,73.0,42.302635192871094,25.44368553161621,16.0,27.0,39.0,54.0,73.0,50.65791320800781,15.685678482055664,33.0,42.0,52.0,60.0,68.0,40.08835220336914,23.374948501586914,16.0,27.0,38.0,50.0,70.0,34.43373107910156,41.594970703125,14.0,26.0,36.0,47.0,60.0,19.550918579101562,63.56781005859375,-36.0,7.0,28.0,48.0,75.0,28.23366355895996,33.729461669921875,7.0,22.0,33.0,43.0,52.0,,,,,,,
s0463,,,,,,,,,,,,,,,,,,,,,,,,,,,,,114.46595001220703,55.56409454345703,45.0,77.0,113.0,151.0,186.0,-26.91840171813965,284.9137878417969,-307.0,2.0,59.0,104.0,143.0,134.9197998046875,58.767860412597656,62.0,97.0,135.0,173.0,208.0,,,,,,,,162.4622802734375,80.46613311767578,53.0,108.0,168.0,218.0,262.0,146.42552185058594,77.78305053710938,40.0,92.0,153.0,202.0,241.0,70.13579559326172,45.21693420410156,14.0,41.0,70.0,99.0,126.0,91.38776397705078,51.22595977783203,26.0,59.0,92.0,124.0,153.0,496.0655212402344,108.79778289794922,347.0,471.0,526.0,563.0,591.0,-29.240339279174805,251.83213806152344,-402.0,-13.0,54.0,99.0,138.0,306.8937683105469,151.3639678955078,101.0,182.0,311.0,436.0,508.0,,,,,,,
s0465,,,,,,,,,,,,,,,,,,,,,,,,,,,,,117.9937515258789,54.91469955444336,53.0,84.0,116.0,150.0,185.0,-36.03375244140625,326.1646728515625,-656.1999999999998,10.0,68.0,114.0,154.0,,,,,,,,,,,,,,,,,,,,,,,,,,,,,66.82275390625,42.885807037353516,14.0,40.0,67.0,94.0,119.0,51.520530700683594,78.81930541992188,-5.0,19.0,44.0,72.0,101.0,471.1000061035156,117.36823272705078,305.9000000000001,447.0,500.0,538.0,567.0,31.391830444335938,53.59015655517578,-26.0,0.0,30.0,65.0,94.0,383.3285827636719,229.1544952392578,90.0,193.0,438.0,526.0,634.0,,,,,,,
s0466,,,,,,,,,,,,,,,,,,,,,,,,,,,,,,,,,,,,,,,,,,,,,,,,,,,,,,,,,,,,,,,,,,,,,,,,,,,,,,,,,,,,,,,,,,,,-132.8780059814453,341.04180908203125,-863.0,-131.0,0.0,67.5,117.0,,,,,,,,,,,,,,
s0467,-0.42027369141578674,35.292144775390625,-47.0,-11.0,6.0,21.0,35.0,357.0237731933594,254.66102600097656,62.0,154.0,314.0,526.0,732.0,507.3710021972656,302.0411682128906,129.0,258.0,482.0,724.0,927.0,521.1903076171875,305.306396484375,140.0,268.0,495.0,742.0,944.0,81.40616607666016,36.17591857910156,39.0,62.0,84.0,105.0,123.0,48.45318603515625,60.76001739501953,6.0,32.0,55.0,76.0,94.0,87.93907165527344,41.111915588378906,34.70000000000027,68.0,93.0,115.0,133.0,482.8737487792969,273.82843017578125,206.0,263.0,408.0,635.0,900.0,101.6679916381836,46.5473747253418,41.0,69.0,105.0,136.0,159.0,91.50547790527344,44.45872497558594,33.0,62.0,95.0,124.0,146.0,52.65768051147461,31.488489151000977,14.0,32.0,52.0,73.0,93.0,64.75324249267578,33.97832107543945,24.0,43.0,63.0,85.0,108.0,296.3990478515625,247.61297607421875,54.0,209.0,288.0,326.0,377.0,25.714357376098633,127.23860168457031,-28.0,23.0,53.0,78.0,100.0,232.21774291992188,107.98922729492188,91.0,141.0,245.0,310.0,350.0,7.017617702484131,26.691213607788086,-26.0,-10.0,7.0,25.0,40.0
s0468,12.555028915405273,28.3409481048584,-25.0,5.0,19.0,30.0,39.0,183.8332977294922,208.923828125,-33.0,27.0,145.0,280.0,443.0,294.4127502441406,278.61102294921875,32.0,88.0,199.0,427.0,719.0,279.3785400390625,265.08447265625,25.0,83.0,194.0,406.0,677.0,91.7261962890625,25.93388557434082,60.0,78.0,95.0,110.0,121.0,-123.9448471069336,343.9651184082031,-932.0,-28.0,33.0,55.0,69.0,9.524819374084473,34.954811096191406,-37.0,-14.0,11.0,34.0,51.0,278.52685546875,239.26507568359375,57.0,105.0,209.0,373.0,599.0,81.15506744384766,38.78784942626953,27.0,56.0,86.0,111.0,128.0,91.4445571899414,37.14777755737305,42.0,62.0,97.0,121.0,135.0,59.380435943603516,17.643495559692383,40.0,51.0,61.0,70.0,78.0,61.79869079589844,45.22661590576172,25.0,39.0,53.0,69.0,110.0,310.87091064453125,135.12611389160156,177.0,283.0,310.0,329.0,353.0,-126.24834442138672,281.4777526855469,-649.0,-118.0,4.0,34.0,49.0,91.4998550415039,71.28502655029297,21.0,51.0,75.0,116.0,205.0,12.027128219604492,15.089592933654785,-5.0,3.0,12.0,21.0,30.0
s0469,,,,,,,,,,,,,,,,,,,,,,,,,,,,,131.61265563964844,34.71516418457031,87.0,106.0,132.0,159.0,175.0,-27.060367584228516,223.45425415039062,-257.0,5.0,46.0,75.0,94.0,119.342529296875,24.638673782348633,90.0,107.0,121.0,134.0,146.0,336.90692138671875,144.8157501220703,216.0,249.0,299.0,373.0,500.60000000000036,144.73468017578125,50.669532775878906,70.0,108.0,157.0,184.0,200.0,139.98521423339844,50.45858383178711,67.0,101.0,153.0,180.0,196.0,81.64600372314453,22.059860229492188,61.0,71.0,81.0,91.0,102.0,109.87803649902344,57.99496078491211,43.0,67.0,104.0,140.0,179.0,378.5201416015625,80.03836059570312,248.0,368.0,407.0,427.0,443.0,18.673507690429688,46.44094467163086,-30.0,2.0,27.0,46.0,62.0,329.95562744140625,205.19140625,95.0,136.0,334.0,453.0,616.0,32.80422592163086,15.364297866821289,13.0,21.25,33.0,43.0,52.0
s0470,,,,,,,,,,,,,,,,,,,,,,,,,,,,,79.01362609863281,56.084354400634766,8.0,42.0,79.0,116.0,150.0,66.40875244140625,147.64268493652344,-22.0,29.0,82.0,135.0,181.0,67.8765869140625,77.88467407226562,-29.0,17.0,66.0,118.0,169.0,,,,,,,,84.21678924560547,71.7578353881836,-7.0,37.0,85.0,131.0,174.0,79.04717254638672,73.71965789794922,-15.0,29.0,80.0,129.0,173.0,62.6466064453125,60.50511932373047,-11.0,24.0,62.0,100.0,137.0,312.3419494628906,197.4326171875,67.60000000000014,149.0,294.0,474.0,580.3999999999996,273.04107666015625,83.93640899658203,163.0,232.0,283.0,328.0,367.0,-14.564481735229492,182.94505310058594,-89.0,-28.0,19.0,64.0,104.0,285.3117370605469,179.42294311523438,53.0,124.0,288.0,415.0,539.0,,,,,,,
s0471,,,,,,,,,,,,,,,,,,,,,,,,,,,,,91.32267761230469,26.535982131958008,60.0,75.0,91.0,109.0,124.0,34.55629348754883,266.6332702636719,-43.0,65.0,123.0,144.0,159.0,72.0477523803711,40.66903305053711,16.0,50.0,79.0,99.0,116.0,302.3313903808594,220.09390258789062,113.0,154.0,234.0,368.0,600.8999999999996,101.7800521850586,44.347694396972656,38.0,68.0,112.0,135.0,151.0,105.96492767333984,43.78340530395508,43.0,74.0,116.0,140.0,155.0,49.43946075439453,25.146085739135742,16.0,34.0,51.0,66.0,79.0,60.172245025634766,42.551849365234375,21.0,36.0,53.0,73.0,99.0,232.48854064941406,62.485877990722656,138.0,219.0,249.0,268.0,284.0,-7.621274948120117,53.2079963684082,-78.0,-44.0,-2.0,34.0,55.0,211.6949462890625,86.85826873779297,86.0,151.0,228.0,267.0,307.0,21.495616912841797,22.16338348388672,-3.0,7.0,19.0,33.0,50.0
s0472,16.755964279174805,38.93242263793945,-32.0,-6.0,18.0,43.0,64.0,188.4389190673828,180.61724853515625,2.0,63.0,149.0,270.0,426.40000000000146,419.2240905761719,290.6026611328125,133.0,208.0,334.0,563.0,856.0,437.8372802734375,292.9143981933594,144.0,222.0,351.0,591.0,883.0,100.91310119628906,27.363265991210938,73.0,90.0,104.0,117.0,129.0,-45.80287551879883,285.30267333984375,-371.0,16.0,50.0,74.0,93.0,85.30489349365234,34.279720306396484,44.0,69.0,89.0,106.0,122.0,354.8803405761719,255.50135803222656,114.0,166.0,276.0,463.0,725.0,168.23728942871094,40.4677619934082,121.0,155.0,176.0,193.0,208.0,158.93202209472656,44.28868103027344,98.0,143.0,169.0,187.0,203.0,97.64217376708984,23.973350524902344,71.0,85.0,99.0,112.0,125.0,111.99615478515625,26.778732299804688,79.0,96.0,113.0,130.0,144.0,156.82582092285156,49.72041702270508,96.0,139.0,167.0,185.0,197.0,16.811403274536133,128.4958953857422,-39.0,12.0,44.0,66.0,88.0,118.29657745361328,35.229427337646484,78.0,102.0,123.0,141.0,155.0,16.897001266479492,21.112895965576172,-8.0,3.0,16.0,30.0,44.0
s0473,21.904033660888672,31.9411678314209,-14.0,4.0,23.0,43.0,59.0,155.55145263671875,186.50726318359375,-31.0,22.0,115.0,239.0,389.0,280.4976501464844,257.9454345703125,32.0,94.0,199.0,407.0,656.0,282.91815185546875,257.94281005859375,34.0,94.0,204.0,412.0,659.0,115.83802032470703,26.480562210083008,90.0,109.0,121.0,131.0,140.0,-105.84467315673828,374.5074462890625,-950.0,-17.0,77.0,101.0,115.0,81.18782806396484,32.783592224121094,38.0,66.0,86.0,102.0,116.0,281.3738708496094,212.38021850585938,76.0,122.0,233.0,371.0,555.0,157.85720825195312,40.88557815551758,101.0,138.0,167.0,186.0,200.0,156.7578582763672,43.38010787963867,95.0,132.0,167.0,188.0,203.0,106.32390594482422,25.973039627075195,80.0,95.0,107.0,120.0,132.0,114.47052764892578,43.557044982910156,68.0,85.0,106.0,137.25,183.0,174.20394897460938,117.6468276977539,95.0,137.0,157.0,175.0,208.0,17.698945999145508,94.98179626464844,-51.0,1.0,37.0,64.0,89.0,125.0575180053711,48.527828216552734,70.0,102.0,135.0,159.0,173.0,19.124103546142578,23.3125057220459,-6.0,6.0,18.0,33.0,47.0
s0475,19.980953216552734,30.636558532714844,-15.0,3.0,21.0,38.0,53.0,135.92880249023438,164.6170196533203,-26.0,16.0,92.0,214.0,362.0,370.515625,566.1415405273438,1.0,65.0,216.0,479.0,785.0,258.7431945800781,248.59095764160156,18.0,72.0,179.0,387.0,633.0,,,,,,,,,,,,,,,,,,,,,,,,,,,,,,,,,,,,,,,,,,,,,,,,,,35.1414909362793,20.956275939941406,9.0,22.0,35.0,49.0,61.0,36.74002456665039,18.650638580322266,14.0,24.0,36.0,49.0,60.0,,,,,,,,,,,,,,,,,,,,,
s0476,13.85001277923584,33.2239875793457,-33.0,9.0,21.0,32.0,44.0,206.28379821777344,192.23098754882812,21.0,73.0,156.0,284.0,454.0,362.8267517089844,279.46923828125,91.0,155.0,268.0,514.0,803.0,350.2139587402344,271.2774963378906,88.0,149.0,259.0,495.0,773.0,,,,,,,,34.08033752441406,157.75131225585938,11.0,44.0,65.0,82.0,95.0,50.983158111572266,40.883880615234375,-8.0,30.0,60.0,80.0,94.0,317.90960693359375,236.3524169921875,110.0,151.0,244.0,402.0,654.0,145.22479248046875,34.70262145996094,103.0,135.0,152.0,166.0,178.0,141.15728759765625,35.723018646240234,96.0,131.0,149.0,163.0,175.0,88.12776184082031,24.211153030395508,63.0,76.0,89.0,102.0,115.0,110.43171691894531,27.478883743286133,78.0,94.0,111.0,129.0,144.0,124.20000457763672,45.2598762512207,70.0,116.0,135.0,146.0,156.0,28.868789672851562,51.620845794677734,-32.0,14.0,40.0,58.0,71.0,117.36237335205078,41.11994171142578,65.0,100.0,128.0,144.0,156.0,14.129643440246582,22.241355895996094,-11.0,1.0,14.0,28.0,42.0
s0477,17.73276138305664,66.48385620117188,-5.0,6.0,20.0,39.0,51.0,161.80453491210938,187.5476531982422,-36.0,22.0,125.0,251.0,407.0,296.493896484375,291.8442077636719,-4.0,73.0,212.0,454.0,735.0,300.0694580078125,287.8171081542969,3.0,80.0,216.0,459.0,738.0,92.95393371582031,32.69996643066406,60.0,83.0,97.0,109.0,123.0,-29.94856834411621,266.09332275390625,-193.0,20.0,55.0,79.0,94.0,74.6337661743164,32.6376953125,33.0,62.0,80.0,95.0,107.0,311.1647033691406,263.07232666015625,54.0,115.0,244.0,419.0,693.0,119.12448120117188,46.46416473388672,65.0,92.0,125.0,143.0,161.0,121.1820297241211,48.74741744995117,63.0,91.0,124.0,148.0,173.0,98.66858673095703,24.922950744628906,74.0,87.0,99.0,111.0,124.0,98.62896728515625,36.67890930175781,61.0,77.0,95.0,119.0,138.0,129.07513427734375,98.26927947998047,74.0,119.0,135.0,145.0,154.0,44.373741149902344,27.188512802124023,13.0,34.0,48.0,61.0,72.0,102.43325805664062,35.7002067565918,59.0,84.0,109.0,128.0,138.0,28.989299774169922,71.08733367919922,-2.0,12.0,32.0,55.0,77.0
s0478,,,,,,,,,,,,,,,,,,,,,,,,,,,,,,,,,,,,,,,,,,,,,,,,,,,,,,,,,,,,,,,,,,,,,,,,,,,,,,,,,,,,,306.8778381347656,69.13383483886719,192.0,306.0,331.0,345.0,356.0,2.142009973526001,130.216552734375,-29.0,9.0,31.0,47.0,64.0,,,,,,,,,,,,,,
s0480,13.984796524047852,29.695199966430664,-21.0,-2.0,15.0,33.0,49.0,205.30735778808594,228.8363494873047,-22.0,41.0,143.0,306.0,531.0,249.57566833496094,269.873046875,-2.0,54.0,158.0,377.0,650.0,266.28985595703125,268.4691162109375,19.0,77.0,174.0,381.0,671.0,90.8552017211914,35.5038948059082,51.0,75.0,94.0,110.0,127.0,45.92558288574219,157.21807861328125,14.0,48.0,76.0,98.0,115.0,54.504425048828125,37.68028259277344,4.0,33.0,57.0,80.0,99.0,312.1210021972656,277.8324890136719,58.0,106.0,221.0,434.0,720.0,106.16126251220703,40.97176742553711,52.0,79.0,110.0,136.0,155.0,105.7291259765625,43.51631546020508,49.0,78.0,111.0,138.0,157.0,83.8936996459961,25.70775032043457,53.0,70.0,86.0,100.0,114.0,81.67250061035156,29.609628677368164,43.0,64.0,84.0,102.0,117.0,119.67472839355469,74.44409942626953,55.0,80.0,109.0,151.0,188.0,26.23592758178711,37.29487228393555,-19.0,4.0,27.0,51.0,73.0,86.79315185546875,31.143796920776367,51.0,73.0,91.0,106.0,119.0,9.970117568969727,24.8833065032959,-19.0,-5.0,9.0,25.0,40.0
s0481,,,,,,,,,,,,,,,,,,,,,,,,,,,,,71.13982391357422,183.57022094726562,-149.0,-43.0,71.0,186.0,297.0,431.34466552734375,893.2637329101562,-917.0,-101.0,543.0,904.0,1560.0,,,,,,,,,,,,,,,,,,,,,,,,,,,,,40.82489776611328,131.5064697265625,-123.0,-43.0,40.0,124.0,205.0,,,,,,,,36.6533317565918,98.72187805175781,-85.0,-22.0,38.0,99.0,156.0,-292.67559814453125,472.4013366699219,-962.0,-860.0,-91.0,69.0,197.0,36.30392074584961,104.1568832397461,-94.0,-30.0,36.0,103.0,167.0,,,,,,,
s0482,,,,,,,,,,,,,,,,,,,,,,,,,,,,,39.09223937988281,27.637065887451172,7.0,28.0,43.0,56.0,67.0,-118.71524810791016,319.94927978515625,-905.0,-25.0,7.0,31.0,48.0,8.065749168395996,36.44346618652344,-43.0,-6.0,15.0,32.0,46.0,,,,,,,,28.34542465209961,24.108539581298828,-1.0,15.0,30.0,44.0,56.0,25.520910263061523,22.977575302124023,-2.0,13.0,28.0,40.0,52.0,50.46497344970703,21.08435821533203,25.0,38.0,52.0,64.0,76.0,29.829418182373047,29.754467010498047,1.0,18.0,34.0,48.0,59.5,36.52547073364258,38.976341247558594,7.0,23.0,37.0,50.0,63.0,24.118993759155273,47.351531982421875,-16.0,12.0,32.0,47.0,62.0,28.99363899230957,27.6710262298584,-4.0,16.0,33.0,46.0,58.0,8.508666038513184,22.328445434570312,-18.0,-5.0,8.0,21.0,36.0
s0483,24.973203659057617,39.35264205932617,-13.0,10.0,30.0,46.0,60.0,138.72854614257812,153.69102478027344,-15.0,28.0,104.0,213.0,341.0,251.3104705810547,228.24188232421875,41.0,89.0,175.0,353.0,589.0,252.79481506347656,240.5183563232422,33.0,82.0,170.0,360.0,618.0,93.50836181640625,19.865087509155273,71.0,84.0,95.0,106.0,116.0,-10.998518943786621,233.87948608398438,-92.0,32.0,57.0,76.0,91.0,69.9092025756836,26.616416931152344,36.0,55.0,72.0,88.0,101.0,268.725830078125,203.95843505859375,93.0,128.0,205.0,341.0,530.1000000000022,105.9913558959961,32.31608963012695,62.0,87.0,111.0,129.0,142.0,105.92024993896484,32.107696533203125,62.0,87.0,111.0,129.0,142.0,85.61357116699219,19.392724990844727,62.0,74.0,86.0,98.0,109.0,85.04756927490234,30.14400863647461,44.0,64.0,88.0,107.0,121.0,112.2853775024414,35.47230529785156,73.0,97.0,116.0,132.0,145.0,-28.985403060913086,223.24404907226562,-214.0,13.0,42.0,63.0,80.0,91.36151123046875,28.48419952392578,61.0,80.0,95.0,109.0,120.0,13.779280662536621,18.883272171020508,-10.0,1.0,13.0,26.0,38.0
s0484,18.986886978149414,29.337234497070312,-13.0,5.0,21.0,36.0,49.0,128.23974609375,179.6453399658203,-41.0,-1.0,81.0,209.0,350.0,248.85716247558594,252.600341796875,12.0,67.0,164.0,367.0,624.0,261.5731201171875,262.8338317871094,15.0,71.0,171.0,389.0,660.0,93.41558837890625,23.76053810119629,67.0,82.0,96.0,108.0,120.0,-223.48773193359375,439.4045715332031,-1003.0,-573.25,33.0,71.0,91.0,70.61158752441406,26.513370513916016,38.0,57.0,73.0,88.0,101.0,219.5889129638672,207.97251892089844,33.0,73.0,164.0,290.0,488.0,104.42584228515625,29.1628475189209,69.0,90.0,109.0,124.0,136.0,101.06202697753906,31.67742919921875,61.0,85.25,106.0,122.0,136.0,90.21731567382812,20.4486083984375,66.0,79.0,91.0,103.0,114.0,77.4461898803711,26.52289581298828,44.0,59.0,77.0,96.0,112.0,128.63916015625,64.98138427734375,81.0,108.0,130.0,146.0,159.0,18.44940757751465,126.47096252441406,-18.0,23.0,46.0,63.0,77.0,94.82440948486328,31.77591896057129,62.0,83.0,99.0,113.0,125.0,28.258028030395508,25.037818908691406,-1.0,10.0,25.0,44.0,63.0
s0485,,,,,,,,,,,,,,,,,,,,,,,,,,,,,67.0609359741211,22.43557357788086,43.0,57.0,69.0,81.0,91.0,4.100222587585449,192.58798217773438,-33.0,20.0,47.0,70.0,94.0,34.9929084777832,33.733177185058594,-10.0,16.0,39.0,58.0,74.0,,,,,,,,82.26280212402344,28.882556915283203,46.0,67.0,86.0,102.0,115.0,80.30835723876953,28.76047706604004,44.0,65.0,84.0,100.0,113.0,79.3348617553711,18.775575637817383,57.0,69.0,80.0,91.0,101.0,89.9989242553711,23.710081100463867,60.0,75.0,91.0,106.0,119.0,91.74281311035156,29.584394454956055,60.0,82.0,97.0,109.0,119.0,25.3748779296875,80.5951919555664,-14.0,18.0,38.0,57.0,72.0,86.59004211425781,27.969472885131836,53.0,74.0,92.0,105.0,115.0,18.231348037719727,19.708486557006836,-5.0,6.0,19.0,31.0,42.0
s0486,,,,,,,,,,,,,,,,,,,,,,,,,,,,,118.83609008789062,137.3336639404297,-53.0,29.0,119.0,208.0,291.0,-184.4282684326172,438.1909484863281,-967.0,-349.0,-10.0,113.0,217.0,84.2261962890625,150.5516815185547,-107.0,-14.0,85.0,184.0,274.0,,,,,,,,146.079345703125,170.1314697265625,-68.0,34.0,145.0,259.0,360.0,163.3265380859375,164.62413024902344,-41.0,58.0,165.0,271.5,373.0,97.2478256225586,140.4199676513672,-77.0,7.0,97.0,187.0,272.0,97.80901336669922,158.2777862548828,-101.0,-3.0,98.0,198.0,298.0,179.3541259765625,150.29556274414062,-7.0,84.0,180.0,276.0,365.0,11.767030715942383,211.6604461669922,-187.0,-73.0,35.0,131.0,225.0,163.17984008789062,139.40383911132812,-10.0,72.0,162.0,254.0,339.0,14.755805015563965,129.21890258789062,-148.0,-69.0,16.0,99.0,176.0
s0487,,,,,,,,,,,,,,,,,,,,,,,,,,,,,171.27418518066406,112.92577362060547,31.0,98.0,171.0,244.0,313.0,79.2882308959961,137.68109130859375,-73.0,0.0,80.0,163.0,240.0,161.85269165039062,138.9425048828125,-11.199999999999932,69.0,163.0,254.0,340.0,,,,,,,,,,,,,,,,,,,,,,142.5723419189453,110.33570098876953,5.0,72.0,142.0,213.0,280.0,161.91087341308594,119.09349822998047,13.0,92.0,166.0,235.0,303.0,226.9597625732422,104.27071380615234,98.0,169.0,234.0,294.0,346.0,73.83709716796875,97.27938079833984,-44.0,14.0,73.0,133.0,194.0,179.13760375976562,89.47212982177734,73.0,125.0,181.0,236.0,286.0,,,,,,,
s0488,,,,,,,,,,,,,,,,,,,,,,,,,,,,,108.24705505371094,39.683128356933594,58.0,80.0,107.0,136.0,160.0,-69.7010269165039,293.8528137207031,-574.0,-10.0,36.0,66.0,91.0,111.29369354248047,38.899845123291016,62.0,86.0,111.0,135.0,160.0,,,,,,,,,,,,,,,130.06495666503906,48.674007415771484,64.0,95.0,132.0,164.0,191.5999999999999,75.11392211914062,28.625511169433594,40.0,58.0,75.0,93.0,110.0,94.45487976074219,40.68564224243164,42.0,66.0,95.0,125.0,148.0,478.9438781738281,131.32408142089844,324.0,456.0,499.0,527.0,549.0,16.255151748657227,148.8345489501953,-50.69999999999993,15.0,48.0,78.0,106.0,270.8532409667969,160.31307983398438,102.0,140.0,207.0,452.0,505.0,18.260910034179688,27.82145118713379,-15.0,1.0,17.0,35.0,51.0
s0490,,,,,,,,,,,,,,,,,,,,,,,,,,,,,,,,,,,,-165.71923828125,397.24249267578125,-982.0,-37.75,38.0,56.0,69.0,13.42946720123291,33.20106506347656,-31.799999999999955,-7.0,16.0,37.0,53.0,,,,,,,,,,,,,,,60.83880615234375,25.80729103088379,29.0,49.0,64.0,78.0,89.0,56.70416259765625,17.992576599121094,35.0,46.0,57.0,68.0,78.0,79.37561798095703,20.534664154052734,56.0,68.0,81.0,92.0,103.0,82.78813934326172,26.51123046875,57.0,73.0,86.0,97.0,107.0,-260.1551208496094,416.0860290527344,-1000.0,-626.0,0.0,47.0,69.0,72.76850891113281,24.741649627685547,42.0,61.0,76.0,89.0,100.0,19.266616821289062,16.030540466308594,0.0,8.0,19.0,30.0,40.0
s0491,,,,,,,,,,,,,,,,,,,,,,,,,,,,,,,,,,,,,,,,,,,,,,,,,,,,,,,,,,,,,,,,,,,,,,,,,,,,,,,,,,,,,149.281494140625,82.31825256347656,81.80000000000018,124.0,151.0,178.0,214.0,40.82678985595703,71.16287994384766,-28.0,21.0,51.0,76.0,101.19999999999982,119.48976135253906,39.21149826049805,75.0,101.0,123.0,140.0,156.0,,,,,,,
s0492,,,,,,,,104.7887191772461,155.54847717285156,-67.0,-21.0,76.0,200.0,311.0,297.59039306640625,276.1919860839844,19.0,84.0,221.0,438.0,698.0,324.4344482421875,253.99476623535156,50.0,133.0,266.0,456.0,697.0,,,,,,,,,,,,,,,,,,,,,,,,,,,,,,,,,,,,,,,,,,,,,,,,,,,,,,,,,,,,,,,,,,,,,,,,,,,,,,,,,,,,
s0493,,,,,,,,,,,,,,,,,,,,,,,,,,,,,,,,,,,,,,,,,,,,,,,,,,,,,,,,,,,,,,,,,,,,,,,,,,,,,,,,,,,,,,,,,,,,40.3219108581543,54.5472412109375,-25.099999999999994,15.0,52.0,77.0,93.0,,,,,,,,,,,,,,
s0494,-21.924530029296875,199.11509704589844,-73.0,-12.0,24.0,57.0,87.0,281.5340270996094,206.6888427734375,75.0,150.0,241.0,361.0,531.0,457.9716491699219,312.8155212402344,143.0,237.0,367.0,606.0,949.5,479.3734436035156,319.0642395019531,154.70000000000073,251.0,387.0,642.0,987.0,124.12384796142578,34.346290588378906,80.0,103.0,126.0,147.0,166.0,50.67890548706055,75.20106506347656,5.0,29.0,55.0,82.0,107.0,108.37702178955078,34.40591812133789,66.0,86.0,108.0,131.0,152.0,439.4261474609375,291.56329345703125,194.0,244.0,332.0,525.0,901.0,168.826171875,42.407432556152344,116.0,144.0,171.0,197.0,219.0,164.98654174804688,42.63756561279297,112.0,140.0,168.0,193.0,216.0,102.193359375,33.39670944213867,61.0,80.0,101.0,123.0,144.0,145.89161682128906,33.55274200439453,103.0,125.0,147.0,168.0,187.0,148.92735290527344,53.227134704589844,97.0,130.0,153.0,170.0,186.0,25.827938079833984,131.84963989257812,-3.0,24.0,48.0,70.0,90.0,139.7719268798828,41.824119567871094,84.0,117.0,146.0,169.0,186.0,,,,,,,
s0495,6.354598522186279,42.723793029785156,-46.0,-20.0,6.0,33.0,58.0,244.45765686035156,218.955322265625,30.0,91.0,186.0,338.0,545.0,383.724853515625,282.5441589355469,99.0,171.0,296.0,540.0,828.0,377.9562683105469,280.30084228515625,96.0,166.0,292.0,534.0,814.0,115.75482177734375,42.19651794433594,63.0,90.0,117.0,144.0,168.0,-192.35841369628906,431.3974609375,-954.0,-499.0,31.0,90.0,129.0,88.78720092773438,44.59541702270508,32.0,61.0,90.0,119.0,144.0,371.2055969238281,291.0160217285156,102.0,159.0,268.0,497.0,847.0,158.954833984375,56.46763229370117,81.0,126.0,166.0,198.0,224.0,157.24925231933594,56.503562927246094,80.0,125.0,165.0,196.0,222.0,101.24225616455078,40.78741455078125,51.0,75.0,101.0,127.0,152.0,123.06169128417969,47.751163482666016,62.0,91.0,123.0,156.0,184.0,131.36264038085938,49.32352828979492,65.0,102.0,136.0,165.0,190.0,-38.95650863647461,210.96690368652344,-152.39999999999998,-26.0,18.0,53.0,83.0,129.56822204589844,51.732635498046875,62.0,99.0,135.0,165.0,190.0,16.17645263671875,35.69362258911133,-28.0,-7.0,15.0,39.0,63.0
s0497,,,,,,,,,,,,,,,,,,,,,,,,,,,,,,,,,,,,,,,,,,,,,,,,,,,,,,,,,,,,,,,,,,,,,,,,,,,,,,,,,,,,,189.2821807861328,109.67464447021484,50.0,120.0,193.0,260.0,324.0,-126.34769439697266,361.2497253417969,-909.0,-124.0,-1.0,83.0,156.0,,,,,,,,,,,,,,
s0498,,,,,,,,,,,,,,,,,,,,,,,,,,,,,97.47679138183594,47.485923767089844,38.0,69.0,99.0,128.0,155.0,-25.491641998291016,200.5183563232422,-59.0,-16.0,17.0,49.0,77.0,10.085996627807617,55.480560302734375,-63.0,-27.0,11.0,48.0,79.0,,,,,,,,110.19381713867188,54.43706512451172,38.0,76.0,114.0,148.0,176.0,87.48863983154297,60.12141418457031,8.0,48.0,91.0,130.0,162.0,73.98787689208984,42.94192123413086,20.0,46.0,74.0,102.0,128.0,76.26519775390625,50.8101806640625,15.0,43.0,73.0,106.0,142.0,244.0993194580078,74.36042022705078,163.0,216.0,252.0,284.0,311.0,-32.66191482543945,161.5596466064453,-158.0,-45.0,10.0,50.0,80.0,248.31077575683594,95.30818939208984,113.0,187.0,260.0,318.0,361.0,24.151853561401367,39.1909065246582,-25.0,-2.0,23.0,50.0,77.0
s0499,16.820602416992188,37.21592330932617,-25.0,-6.0,15.0,38.0,61.0,186.3736572265625,189.91615295410156,-15.0,49.0,149.0,276.0,440.0,272.23028564453125,282.5950622558594,6.0,63.0,177.0,404.0,704.0,285.1822204589844,288.17523193359375,14.0,72.0,186.0,425.0,731.0,102.76165008544922,25.669469833374023,74.0,91.0,106.0,119.0,130.0,-119.39339447021484,370.67218017578125,-956.0,-5.0,52.0,78.0,96.0,81.45559692382812,31.108213424682617,43.0,64.0,84.0,102.0,117.0,269.8410339355469,272.94183349609375,3.0,51.0,200.0,404.5,667.8000000000011,100.34576416015625,49.62205123901367,20.0,73.0,113.0,136.0,153.0,119.43215942382812,39.04254150390625,66.0,101.0,127.0,146.0,161.0,103.69175720214844,24.76979637145996,75.0,90.0,104.0,119.0,132.0,120.54342651367188,35.170799255371094,77.0,98.0,120.0,145.0,168.0,141.09915161132812,41.53327178955078,80.0,124.0,152.0,169.0,182.0,-65.24605560302734,216.72097778320312,-365.0,-51.0,17.0,46.0,67.0,127.7464828491211,45.641963958740234,70.0,104.0,135.0,159.0,177.0,26.88509178161621,25.205224990844727,-1.0,10.0,24.0,41.0,61.0
s0500,30.890117645263672,36.246826171875,-9.0,17.0,36.0,53.0,68.0,299.1717529296875,205.67066955566406,47.0,146.0,275.0,428.0,583.0,469.75506591796875,270.2633972167969,145.0,246.0,435.0,661.0,860.0,481.90887451171875,280.0352783203125,149.0,249.0,441.0,681.0,895.0,93.85692596435547,29.30045509338379,58.0,77.0,96.0,113.0,129.0,50.65414047241211,96.50589752197266,-7.0,24.0,55.0,86.0,121.0,46.75668716430664,46.9084587097168,-16.0,18.0,51.0,79.0,102.0,402.60162353515625,234.3427276611328,153.0,216.0,353.0,522.25,748.0,107.00806427001953,43.392093658447266,46.0,80.0,113.0,139.0,157.0,106.10075378417969,44.80351257324219,43.0,78.0,113.0,139.0,158.0,105.90098571777344,32.29775619506836,67.0,87.0,107.0,127.0,145.0,89.04668426513672,35.48691940307617,44.0,66.0,89.0,112.0,134.0,105.23893737792969,39.687538146972656,54.0,84.0,109.0,131.0,151.0,29.02910041809082,90.3011703491211,-14.0,16.0,42.0,66.0,87.0,94.97592163085938,41.634273529052734,43.0,71.0,98.0,123.0,144.0,22.1801700592041,29.436384201049805,-14.0,3.0,22.0,41.0,59.0
s0501,,,,,,,,,,,,,,,,,,,,,,,,,,,,,,,,,,,,,,,,,,,,,,,,,,,,,,,,,,,,,,,,,,,,,,,,,,,,,,,,,,,,,236.617431640625,145.86830139160156,82.0,163.0,244.0,320.0,390.0,-212.2495880126953,372.6366882324219,-878.0,-447.25,-52.0,49.0,126.0,,,,,,,,,,,,,,
s0502,16.84499168395996,39.032901763916016,-11.0,1.0,15.0,29.0,43.0,166.69488525390625,173.86306762695312,-14.0,38.0,131.0,250.0,397.0,259.3974914550781,225.7319793701172,29.0,85.0,201.0,377.0,582.0,268.1512756347656,232.7804412841797,26.0,85.0,212.0,396.0,603.0,88.21381378173828,38.89940643310547,72.0,82.0,91.0,100.0,108.0,40.6623420715332,82.2248764038086,15.0,39.0,56.0,70.0,81.0,66.47711944580078,22.4296875,39.0,53.0,67.0,80.0,93.0,248.85345458984375,179.14822387695312,72.0,113.0,204.0,333.0,491.0,85.7791976928711,24.125089645385742,55.0,73.0,89.0,102.0,113.0,58.02131652832031,33.63248062133789,6.0,37.0,66.0,83.0,95.0,90.77908325195312,17.71510124206543,70.0,82.0,92.0,102.0,111.0,76.17908477783203,31.043800354003906,40.0,54.0,71.5,100.0,120.0,103.17048645019531,43.048194885253906,51.0,90.0,112.0,125.0,134.0,-143.86204528808594,322.0867004394531,-828.0,-144.0,20.0,43.0,57.100000000000364,93.04896545410156,32.72477340698242,46.0,80.0,101.0,115.0,125.0,16.640621185302734,17.43390655517578,-2.0,6.0,15.0,26.0,38.0
s0503,,,,,,,,,,,,,,,,,,,,,,,,,,,,,,,,,,,,,,,,,,,,,,,,,,,,,,,,,,,,,,,,,,,,,,,,,,,,,,,,,,,,,246.99476623535156,147.045166015625,61.0,153.0,249.0,342.0,430.0,32.96318817138672,135.96771240234375,-138.39999999999998,-49.5,34.0,119.0,199.0,175.02865600585938,132.88644409179688,7.0,91.0,175.0,259.0,342.0,,,,,,,
s0504,,,,,,,,,,,,,,,,,,,,,,,,,,,,,,,,,,,,,,,,,,,,,,,,,,,,,,,,,,,,,,,,,,,,,,,,,,,,,,,,,,,,,391.9465026855469,139.22702026367188,203.0,313.0,407.0,484.0,552.0,-22.823701858520508,225.8109893798828,-253.0,-74.0,18.0,103.0,180.0,331.5738220214844,133.2296905517578,162.0,252.0,339.0,418.0,490.0,,,,,,,
s0505,-0.5374624133110046,32.62290573120117,-44.0,-9.0,3.0,16.0,32.0,247.34152221679688,198.72003173828125,33.0,99.0,207.0,349.0,523.0,383.6228332519531,285.7632141113281,76.0,166.0,310.0,550.0,809.0,392.72454833984375,297.73443603515625,74.0,167.0,316.0,562.0,842.0,86.57675170898438,25.334571838378906,59.0,77.0,90.0,102.0,112.0,-44.93017578125,292.2566833496094,-470.0,16.0,59.0,86.0,104.0,35.65644836425781,38.75440979003906,-19.0,9.0,41.0,65.0,82.0,344.7171325683594,243.028076171875,103.0,155.0,276.0,472.0,713.0,99.28153228759766,38.47989273071289,46.0,74.0,107.0,128.0,143.0,98.67915344238281,38.78036880493164,44.0,73.0,106.0,128.0,142.0,77.92453002929688,23.0518856048584,52.0,66.0,80.0,92.0,104.0,73.7914047241211,29.908554077148438,36.0,54.0,75.0,95.0,111.0,143.58853149414062,149.45472717285156,65.0,84.0,102.0,124.0,271.0,26.711078643798828,54.26137161254883,-18.0,10.0,36.0,55.0,70.0,93.43514251708984,85.14511108398438,49.0,73.0,92.0,108.0,124.0,,,,,,,
s0506,19.31316375732422,48.10315704345703,-9.0,5.0,21.0,38.0,53.0,210.06784057617188,173.65182495117188,38.0,91.0,168.0,284.0,440.0,341.7719421386719,242.04617309570312,102.0,160.0,264.0,469.0,724.0,361.92352294921875,358.1552429199219,86.0,159.0,269.0,469.0,725.0,,,,,,,,,,,,,,,,,,,,,,,,,,,,,,,,,,,,,,,,,,,,,,,,,,,,,,,,,,,,,,,,,,,,,,,,,,,,,,,,,,,,
s0507,9.403517723083496,38.0218391418457,-30.0,-8.0,11.0,32.0,52.0,307.7372131347656,291.3564758300781,25.0,102.0,226.0,429.0,722.0,412.59979248046875,339.6131286621094,85.0,158.0,292.0,602.0,944.0,409.3928527832031,290.3440246582031,127.0,202.0,322.0,545.0,845.0,115.95635986328125,29.639049530029297,84.0,102.0,119.0,134.0,148.0,-25.384260177612305,228.7119598388672,-27.0,4.0,27.0,51.0,74.0,77.69741821289062,37.5588493347168,32.0,57.0,80.0,101.0,121.0,412.96600341796875,335.0636291503906,125.0,175.0,288.0,534.0,940.0,167.13510131835938,48.016056060791016,108.0,147.0,174.0,197.0,218.0,169.2772674560547,48.27006149291992,108.0,149.0,176.0,200.0,221.0,100.98191833496094,30.311492919921875,66.0,84.0,102.0,119.0,136.0,118.97215270996094,43.56513214111328,66.0,90.0,118.0,149.0,177.0,171.3484344482422,48.527339935302734,104.0,156.0,184.0,201.0,215.0,-59.743797302246094,281.0078125,-448.0,-3.0,43.0,67.0,88.0,144.58059692382812,45.86740493774414,84.0,119.0,152.0,177.0,195.0,41.94805145263672,30.48573875427246,5.0,22.0,39.0,62.0,82.0
s0508,,,,,,,,,,,,,,,,,,,,,,,,,,,,,113.30431365966797,57.752105712890625,41.0,74.0,112.0,151.0,186.0,-9.190387725830078,142.0390625,-93.0,-33.0,14.0,57.0,92.0,102.64678192138672,65.42862701416016,21.0,61.0,104.0,145.0,183.0,,,,,,,,64.49414825439453,57.71651840209961,-7.0,27.0,64.0,102.0,137.0,40.07439422607422,54.18347930908203,-27.0,4.0,40.0,75.0,108.0,61.0915641784668,51.32735824584961,-2.0,28.0,60.0,93.0,125.0,58.601219177246094,60.67914962768555,-11.0,23.0,58.0,90.0,122.0,367.7801513671875,222.05458068847656,55.0,202.0,401.0,517.0,591.0,-104.28006744384766,341.25616455078125,-806.0,-57.0,36.0,87.0,128.0,357.1480712890625,216.51817321777344,79.0,146.0,377.0,536.0,638.0,20.65753936767578,50.91203689575195,-40.0,-11.0,21.0,53.0,85.0
s0509,732.8934326171875,491.0556335449219,144.0,300.0,655.0,1168.0,1428.0,270.28314208984375,227.10008239746094,26.0,120.0,232.0,377.0,570.0,336.79144287109375,290.9378356933594,43.0,140.0,264.0,468.0,770.0,361.51043701171875,307.334228515625,60.0,158.0,282.0,489.0,826.0,93.42855072021484,87.01884460449219,-16.0,36.0,93.0,151.0,204.0,60.06444549560547,150.2180633544922,-81.0,2.0,78.0,148.0,207.0,87.78702545166016,87.28094482421875,-23.0,29.0,88.0,146.0,199.0,392.3032531738281,271.7359313964844,130.0,211.0,317.5,492.0,817.0,144.34422302246094,120.46501922607422,23.0,80.0,141.0,201.0,256.0,132.95382690429688,103.21649932861328,14.0,71.0,132.0,193.0,248.0,107.81818389892578,83.62394714355469,2.0,53.0,108.0,163.0,213.0,100.4488754272461,89.4582748413086,-13.0,41.0,100.0,159.0,215.0,111.20294952392578,88.34989166259766,3.0,56.0,112.0,168.0,220.0,95.7779541015625,90.37605285644531,-21.0,37.0,96.0,157.0,210.0,99.03913879394531,81.53191375732422,0.0,49.0,101.0,152.0,199.0,57.93516159057617,76.35699462890625,-40.0,8.0,59.0,109.0,154.89999999999998
s0510,,,,,,,,,,,,,,,,,,,,,,,,,,,,,95.03756713867188,71.70152282714844,4.0,48.0,95.0,142.0,186.0,14.981907844543457,168.64306640625,-70.0,-13.0,39.0,89.0,135.0,57.957115173339844,89.72119140625,-57.0,0.0,59.0,118.0,171.0,,,,,,,,,,,,,,,129.84083557128906,78.10411071777344,30.0,77.0,132.0,180.0,229.0,102.7942886352539,69.0544204711914,16.0,58.0,103.0,148.0,190.0,121.73973083496094,79.68893432617188,20.0,71.0,123.0,175.0,221.0,189.50477600097656,75.9673080444336,89.0,146.0,195.0,239.0,279.0,30.444747924804688,118.47404479980469,-60.89999999999998,-3.0,45.0,91.0,133.0,165.4535675048828,82.42389678955078,60.0,113.0,168.0,220.0,267.0,21.538848876953125,71.24552154541016,-68.0,-28.0,20.0,69.0,112.0
s0511,,,,,,,,,,,,,,,490.9825134277344,231.1419219970703,201.0,297.0,472.0,665.75,834.0,,,,,,,,97.35707092285156,31.378515243530273,71.0,88.0,102.0,115.0,125.0,-213.55953979492188,416.61669921875,-935.0,-628.0,27.0,66.0,86.0,71.15465545654297,24.888742446899414,44.0,58.0,73.0,86.0,98.0,372.6660461425781,200.2801055908203,201.0,238.0,305.0,436.0,658.0,162.1434783935547,45.95100784301758,100.0,143.0,173.0,192.0,207.0,151.47665405273438,46.575279235839844,88.0,131.0,163.0,183.0,198.0,87.92845916748047,23.11107063293457,60.0,76.0,90.0,102.0,113.0,135.1183319091797,30.527976989746094,96.0,115.0,137.0,158.0,172.0,211.1763916015625,53.0075569152832,138.0,180.0,222.0,253.0,268.0,11.787315368652344,190.72691345214844,-100.0,32.0,66.0,89.0,108.0,152.02442932128906,41.1605224609375,96.0,125.0,157.0,180.0,203.0,24.300655364990234,21.265329360961914,0.0,12.0,24.0,37.0,49.0
s0513,16.525728225708008,33.0602912902832,-2.0,6.0,15.0,25.0,38.0,148.8070831298828,137.19308471679688,-13.0,52.0,133.0,218.0,329.0,249.7413787841797,193.81976318359375,55.0,111.0,199.0,338.0,526.0,241.24716186523438,197.38641357421875,46.0,101.0,188.0,333.0,518.4000000000087,74.28466033935547,25.066425323486328,43.0,61.0,77.0,91.0,103.0,-8.973546981811523,217.61021423339844,-60.0,20.0,50.0,71.0,88.0,90.61569213867188,21.907142639160156,63.0,77.0,92.0,105.0,116.0,228.77432250976562,143.8744354248047,82.0,134.0,198.0,282.0,412.0,157.49913024902344,36.29470443725586,105.0,142.0,166.0,181.0,194.0,155.1564483642578,38.00260543823242,101.0,136.0,163.0,181.0,196.0,92.39939880371094,23.730457305908203,65.0,83.0,96.0,107.0,117.0,112.17345428466797,19.36577033996582,89.0,101.0,112.0,124.0,136.0,120.58065032958984,25.857622146606445,88.0,108.0,125.0,138.0,148.0,48.434627532958984,67.04608154296875,27.0,41.0,55.0,68.0,81.0,116.10643768310547,30.167766571044922,75.0,101.0,124.0,137.0,146.0,141.66014099121094,45.71963882446289,76.0,111.0,146.0,178.0,196.0
s0515,,,,,,,,,,,,,,,,,,,,,,,,,,,,,69.6935043334961,66.58726501464844,-14.0,27.0,70.0,113.0,154.0,-54.389495849609375,283.80743408203125,-308.0,-36.0,26.0,79.0,127.0,42.40761947631836,78.59551239013672,-56.0,-9.0,41.0,94.0,140.0,,,,,,,,74.2109375,80.57306671142578,-30.0,21.0,73.0,128.0,171.0,74.92034912109375,76.0542984008789,-21.0,25.0,76.0,125.0,171.0,64.15827178955078,69.30030822753906,-23.0,19.0,64.0,109.0,152.0,63.28824996948242,65.39657592773438,-17.0,21.0,64.0,106.0,145.0,96.0721206665039,73.66252136230469,22.0,58.0,94.0,129.0,164.0,15.608060836791992,119.40418243408203,-54.0,-10.0,29.0,68.0,103.0,75.78913116455078,61.39125061035156,0.0,37.0,76.0,114.0,150.0,1.7851612567901611,60.82926559448242,-76.0,-37.0,2.0,41.0,78.0
s0516,15.12281322479248,20.474279403686523,-7.0,6.0,17.0,28.0,37.0,225.96942138671875,145.69561767578125,81.0,126.0,191.0,289.0,415.0,341.2406921386719,208.24778747558594,132.0,194.0,289.0,434.0,629.0,341.4832763671875,208.19017028808594,131.0,193.0,289.0,437.0,626.0,35.415977478027344,13.519865036010742,22.0,30.0,37.0,44.0,49.0,-95.56156158447266,279.1750183105469,-628.0,-14.0,22.0,36.0,45.0,31.202341079711914,15.85018539428711,11.0,23.0,33.0,41.0,48.0,314.3648986816406,186.0150604248047,151.0,186.0,257.0,379.0,564.0,27.85671043395996,12.339300155639648,13.0,23.0,30.0,36.0,41.0,25.28449249267578,13.441628456115723,8.0,19.0,27.0,34.0,40.0,48.4181022644043,12.546704292297363,35.0,43.0,50.0,56.0,61.0,34.186954498291016,11.5213041305542,22.0,28.0,35.0,41.0,46.0,46.52125549316406,72.75652313232422,21.0,28.0,35.0,43.0,54.0,-48.568355560302734,206.66647338867188,-240.5999999999999,-13.0,22.0,38.0,52.0,31.203174591064453,16.41465950012207,19.0,26.0,33.0,39.0,44.0,9.87408447265625,13.835980415344238,-4.0,3.0,10.0,18.0,26.0
s0517,,,,,,,,,,,,,,,,,,,,,,,,,,,,,48.3978271484375,20.622467041015625,24.0,37.0,50.0,62.0,72.0,-311.47076416015625,446.0390930175781,-989.0,-950.0,-7.0,32.0,50.0,18.365991592407227,31.327791213989258,-25.0,0.0,21.0,39.0,55.0,,,,,,,,47.45999526977539,23.678485870361328,18.0,33.0,49.0,64.0,76.0,52.628238677978516,28.050870895385742,17.0,38.0,56.0,71.0,84.0,56.03117370605469,19.28081703186035,33.0,45.0,57.0,68.0,79.0,45.6875114440918,18.778764724731445,23.0,36.0,47.0,58.0,67.0,226.19154357910156,62.56035614013672,141.0,213.0,236.0,261.0,279.0,19.37889289855957,77.37759399414062,-16.0,12.0,33.0,49.0,62.0,144.81417846679688,85.09992218017578,49.0,77.0,124.0,214.0,277.0,,,,,,,
s0518,,,,,,,,,,,,,,,,,,,,,,,,,,,,,,,,,,,,,,,,,,,,,,,,,,,,,,,,,,,,,,,,,,,,,,,,,,,,,,,,,,,,,191.0498046875,59.144649505615234,117.0,162.0,196.0,225.0,253.0,-36.87841796875,199.8910369873047,-192.19999999999982,-18.0,25.0,53.0,74.0,270.2010498046875,62.24375915527344,191.0,243.0,281.0,310.0,335.0,,,,,,,
s0519,10.614712715148926,22.11810302734375,-7.0,4.0,13.0,22.0,32.0,179.40283203125,169.59771728515625,17.0,60.0,137.0,253.0,393.0,333.3044128417969,258.4753112792969,80.0,141.0,251.0,468.0,733.0,331.3360900878906,262.5270080566406,72.0,135.0,248.0,466.0,736.0,92.421630859375,34.93888473510742,62.0,82.0,97.0,112.0,124.0,5.438293933868408,155.12545776367188,-43.0,5.0,36.0,67.0,87.0,42.18451690673828,43.10425567626953,-21.0,18.0,51.0,73.0,89.0,310.0581359863281,207.32809448242188,100.0,148.0,259.0,418.0,595.0,134.84420776367188,36.286224365234375,85.0,115.0,142.0,160.0,174.0,132.69679260253906,38.15757369995117,80.0,113.0,140.0,159.0,174.0,94.8460693359375,28.68120765686035,68.0,85.0,99.0,111.0,122.0,95.68768310546875,46.29010772705078,38.0,60.0,94.0,135.0,158.0,198.69451904296875,92.546142578125,104.0,182.0,207.0,222.0,235.0,-82.9371109008789,252.26864624023438,-450.0999999999999,-41.0,10.0,38.0,56.0,137.8948974609375,48.980716705322266,73.0,108.0,149.0,172.0,191.0,11.838197708129883,24.161657333374023,-12.0,0.0,13.0,25.0,37.0
s0520,,,,,,,,,,,,,,,,,,,,,,,,,,,,,34.54010772705078,42.956607818603516,-17.0,9.0,36.0,63.0,86.0,-193.37904357910156,382.8848571777344,-940.0,-252.0,0.0,43.0,77.0,33.217464447021484,45.27595901489258,-25.0,3.0,33.0,63.0,91.0,,,,,,,,25.229604721069336,42.37354278564453,-29.0,-3.0,25.0,54.0,79.0,18.939430236816406,41.63030242919922,-33.0,-6.0,20.0,46.0,70.0,35.83342742919922,50.01765060424805,-19.0,7.0,36.0,65.0,91.0,29.201597213745117,45.97819900512695,-29.0,-1.0,29.0,59.0,89.0,,,,,,,,,,,,,,,35.74968338012695,41.576725006103516,-17.0,8.0,35.0,63.0,90.0,,,,,,,
s0521,,,,,,,,,,,,,,,,,,,,,,,,,,,,,,,,,,,,,,,,,,,,,,,,,,,,,,,,,,,,,,,,,,,,,,,,,,,,,,,,,,,,,205.81698608398438,72.32173919677734,112.0,160.0,208.0,255.0,296.0,27.112646102905273,68.36699676513672,-61.0,-17.0,27.0,72.0,112.0,,,,,,,,,,,,,,
s0522,,,,,,,,,,,,,,,,,,,,,,,,,,,,,29.097177505493164,31.54167366027832,-9.0,11.0,31.0,50.0,66.0,-38.427093505859375,217.63714599609375,-53.0,-13.0,13.0,37.0,59.0,20.148340225219727,41.808319091796875,-32.0,-5.0,21.0,48.0,72.0,,,,,,,,7.154536724090576,40.85418701171875,-46.5,-15.0,11.0,36.0,54.5,5.808000087738037,42.24123001098633,-49.0,-19.0,9.5,34.0,57.0,49.65616989135742,34.610321044921875,10.0,30.0,51.0,71.0,90.0,32.00174331665039,33.67488098144531,-9.0,11.0,33.0,53.0,73.0,41.062862396240234,65.62014770507812,2.0,22.0,39.0,54.0,71.0,24.153657913208008,64.8335189819336,-23.0,6.0,31.0,54.0,72.0,35.14139175415039,30.929141998291016,3.0,19.0,36.0,52.0,67.0,6.408188819885254,34.98794937133789,-38.0,-15.0,6.0,29.0,51.0
s0523,,,,,,,,,,,,,,,,,,,,,,,,,,,,,34.25895690917969,13.206000328063965,16.0,27.0,36.0,43.0,49.0,5.432168483734131,69.4210433959961,-13.0,6.0,18.0,28.0,36.0,21.849470138549805,18.141887664794922,-4.0,12.0,26.0,35.0,41.0,222.94052124023438,191.2767791748047,63.0,99.0,171.0,270.0,460.0,21.253137588500977,13.196510314941406,4.0,17.0,24.0,29.0,34.0,37.13577651977539,14.638355255126953,24.0,33.0,40.0,45.0,50.0,32.636688232421875,16.331329345703125,10.0,20.0,35.0,45.0,52.0,29.06597137451172,14.91524887084961,12.0,23.0,31.0,38.0,45.0,179.16305541992188,289.39996337890625,18.0,30.0,45.0,174.0,611.0,-73.54772186279297,209.8500518798828,-308.0,-57.0,2.0,31.0,50.0,30.921613693237305,20.012989044189453,12.0,25.0,34.0,42.0,49.0,,,,,,,
s0525,,,,,,,,263.8096618652344,211.21734619140625,15.0,120.0,229.0,381.0,536.0,321.0944519042969,248.123291015625,25.0,118.0,288.0,487.0,651.0,333.4721374511719,265.00225830078125,25.0,109.0,292.0,512.75,686.0,,,,,,,,,,,,,,,,,,,,,,484.2360534667969,266.5762939453125,192.0,290.0,438.0,629.0,872.0999999999999,,,,,,,,,,,,,,,,,,,,,,42.08802032470703,17.290895462036133,23.19999999999999,35.0,44.0,52.0,60.0,121.12651824951172,198.6132354736328,27.0,39.0,50.0,78.0,330.1999999999998,,,,,,,,,,,,,,,,,,,,,
s0526,,,,,,,,,,,,,,,,,,,,,,,,,,,,,,,,,,,,,,,,,,,,,,,,,,,,,,,,,,,,,,,,,,,,,,,,,,,,,,,,,,,,,205.08876037597656,108.97925567626953,67.0,136.0,207.0,275.0,339.0,-32.92759704589844,199.7062530517578,-259.0,-84.0,9.0,84.0,148.0,118.99790954589844,115.72930908203125,-24.0,45.0,119.0,193.0,262.0,,,,,,,
s0527,,,,,,,,,,,,,,,,,,,,,,,,,,,,,,,,,,,,,,,,,,,,,,,,,,,,,,,,,,,,,,,,,,,,,,,,,,,,,,,,,,,,,157.54478454589844,53.60084533691406,115.0,150.0,167.0,179.0,189.0,34.38546371459961,47.79668045043945,-2.0,21.0,40.0,58.0,75.0,70.39035034179688,115.25214385986328,49.0,69.0,85.0,98.0,109.0,,,,,,,
s0528,,,,,,,,,,,,,,,,,,,,,,,,,,,,,56.28900146484375,30.712034225463867,17.0,36.0,57.0,77.0,94.0,20.765886306762695,49.05302810668945,-20.0,4.0,25.0,46.0,64.0,,,,,,,,,,,,,,,,,,,,,,,,,,,,,44.38347625732422,34.58129119873047,3.0,24.0,44.0,65.0,84.0,184.1852264404297,167.6063232421875,42.0,75.25,124.0,233.0,453.0,323.95538330078125,107.26570892333984,205.0,304.0,335.0,358.0,378.0,-50.18646240234375,236.57606506347656,-274.0,-18.0,24.0,53.0,77.0,245.16497802734375,117.46320343017578,74.0,123.0,288.0,338.0,369.0,,,,,,,
s0529,26.48790740966797,51.41032409667969,-7.0,2.0,11.0,29.0,93.0,295.78802490234375,211.6337890625,58.0,133.0,265.0,409.0,577.0,485.734619140625,316.0376281738281,161.0,242.0,395.0,670.0,973.0,483.74505615234375,310.8656005859375,164.0,240.0,394.0,671.25,960.0,137.64915466308594,33.37638473510742,99.0,130.0,143.0,154.0,168.0,-23.697824478149414,287.77215576171875,-495.0,46.0,86.0,110.0,123.0,125.50762939453125,25.466785430908203,94.0,112.0,128.0,141.0,153.0,501.4489440917969,294.32232666015625,229.0,293.0,400.0,622.0,964.0,222.22715759277344,39.47404098510742,166.0,205.0,233.0,248.0,261.0,219.14971923828125,41.099998474121094,159.0,203.0,230.0,246.0,258.0,166.59854125976562,28.875242233276367,138.0,156.0,169.0,181.0,193.0,175.05984497070312,33.03243637084961,139.0,154.0,169.0,194.0,225.0,194.8787384033203,39.05729675292969,133.0,181.0,209.0,221.0,230.0,-60.15652847290039,213.88792419433594,-387.0,-67.0,34.0,59.0,73.0,183.1040802001953,65.77854919433594,107.0,150.0,201.0,230.0,245.0,51.9158935546875,32.0101203918457,17.0,26.0,42.0,77.0,100.29999999999995
s0530,,,,,,,,,,,,,,,,,,,,,,,,,,,,,108.07327270507812,29.88620376586914,74.0,89.0,107.0,126.0,144.0,73.3660888671875,34.72518539428711,32.0,53.0,74.0,93.0,110.0,,,,,,,,,,,,,,,,,,,,,,,,,,,,,75.82109832763672,22.619882583618164,49.0,63.0,76.0,89.0,102.0,85.32919311523438,37.847801208496094,42.0,62.0,83.0,105.0,131.9000000000001,427.2777404785156,91.86495208740234,276.0,407.0,459.0,484.0,504.0,47.09384536743164,112.47239685058594,-56.0,41.0,76.0,100.0,123.0,283.5403747558594,139.2338104248047,107.0,150.0,285.0,409.0,465.0,,,,,,,
s0531,,,,,,,,,,,,,,,,,,,,,,,,,,,,,73.38298034667969,45.6773567199707,16.0,45.0,74.0,103.0,130.0,-66.75251007080078,311.7743225097656,-654.0,-7.0,38.0,73.0,103.0,64.06478881835938,49.927978515625,2.0,33.0,65.0,96.0,124.0,,,,,,,,52.617958068847656,52.93733215332031,-13.0,19.0,54.0,88.0,117.0,49.80240249633789,51.41511535644531,-14.0,17.0,50.0,84.0,113.0,51.08754348754883,39.29157257080078,2.0,26.0,51.0,76.0,100.0,44.95735168457031,42.807674407958984,-8.0,16.0,45.0,73.0,99.0,413.5135192871094,84.89654541015625,315.0,387.0,433.0,466.0,492.0,-35.607154846191406,208.19920349121094,-225.0,-27.0,28.0,63.0,93.0,180.56907653808594,134.0575714111328,48.0,81.0,122.0,310.0,388.0,15.621648788452148,39.5526237487793,-35.0,-9.5,16.0,41.0,65.0
s0532,,,,,,,,,,,,,,,,,,,,,,,,,,,,,48.88461685180664,65.07954406738281,-34.0,5.0,48.0,93.0,133.0,9.272745132446289,132.35336303710938,-70.0,-21.0,25.0,70.0,111.0,,,,,,,,,,,,,,,,,,,,,,,,,,,,,52.447654724121094,63.285396575927734,-27.0,10.0,51.0,94.0,134.0,45.36180114746094,51.20290756225586,-16.0,14.0,45.0,77.0,105.0,44.967567443847656,50.09058380126953,-11.0,16.0,45.0,73.0,99.0,15.676909446716309,57.436092376708984,-51.0,-15.0,19.0,52.0,80.0,39.56951141357422,48.3695068359375,-15.0,12.0,41.0,70.0,95.0,,,,,,,
s0535,,,,,,,,,,,,,,,,,,,,,,,,,,,,,,,,,,,,,,,,,,,,,,,,,,,,,,,,,,,,,,,,,,,,,,,,,,,,,,,,,,,,,202.64540100097656,65.55858612060547,117.0,166.0,208.0,243.0,275.0,21.36533546447754,77.74984741210938,-38.0,1.0,34.0,60.0,83.0,314.8518981933594,78.13196563720703,219.0,287.0,326.0,361.0,394.0,,,,,,,
s0536,17.42915916442871,40.179588317871094,-19.0,4.0,21.0,39.0,55.0,158.77647399902344,170.21588134765625,5.0,47.0,116.0,214.0,365.0,284.7040100097656,254.42132568359375,39.0,98.0,203.0,406.0,661.0,265.18609619140625,246.52481079101562,33.0,88.0,186.0,372.0,629.0,106.6247787475586,36.543819427490234,68.0,95.0,113.0,128.0,142.0,-350.6657409667969,482.3277587890625,-979.0,-957.0,-17.0,64.0,98.0,58.14730453491211,47.40945053100586,-8.0,32.0,67.0,91.0,110.0,273.61859130859375,219.15289306640625,79.0,120.0,203.0,351.0,585.0,133.3899383544922,67.6069564819336,56.0,112.0,150.0,176.0,194.0,23.264787673950195,64.05720520019531,-70.0,-16.0,28.0,71.0,98.0,79.6559066772461,32.734962463378906,45.0,62.0,79.0,97.0,115.0,138.30621337890625,44.59534454345703,81.0,111.0,140.0,167.0,194.0,187.80101013183594,93.98406982421875,107.0,170.0,194.0,209.0,222.0,22.201698303222656,88.93476867675781,-41.0,8.0,40.0,63.0,83.0,159.31951904296875,53.531105041503906,88.0,125.0,175.0,198.0,214.0,,,,,,,
s0537,,,,,,,,,,,,,,,,,,,,,,,,,,,,,,,,,,,,,,,,,,,,,,,,,,,,,,,,,,,,,,,,,,,,,,,,,,,,,,,,,,,,,106.31481170654297,42.07030487060547,53.0,79.0,107.0,134.0,159.0,0.30304449796676636,207.7121124267578,-61.099999999999966,5.0,47.0,82.0,117.0,,,,,,,,,,,,,,
s0541,-0.624835193157196,23.056678771972656,-19.0,-3.0,3.0,8.0,14.0,159.6393585205078,136.24632263183594,18.0,65.0,135.0,221.0,330.0,301.5341796875,203.52212524414062,100.0,155.0,249.0,400.0,588.0,283.2489013671875,199.24072265625,84.0,141.0,233.0,376.0,566.0,57.00983810424805,19.92725944519043,34.0,53.0,62.0,69.0,74.0,18.450021743774414,84.29972839355469,-17.0,16.0,37.0,49.0,57.0,-2.2564008235931396,29.407556533813477,-42.0,-22.0,0.0,18.0,35.0,242.6014404296875,151.5515899658203,101.0,135.0,198.0,305.0,451.0,86.43103790283203,26.486133575439453,51.0,78.0,90.0,101.0,112.0,82.16260528564453,26.573150634765625,45.0,74.0,87.0,97.0,108.0,45.77155303955078,16.974306106567383,27.0,37.0,47.0,56.0,65.0,71.62661743164062,17.713722229003906,52.0,62.0,72.0,83.0,93.0,78.94805145263672,35.97930145263672,49.0,72.0,82.0,91.0,98.0,-33.880001068115234,155.85989379882812,-109.0,-25.0,14.0,32.0,43.0,68.76300811767578,38.91856002807617,40.0,63.0,77.0,87.0,95.0,1.3398109674453735,12.31127643585205,-12.0,-5.0,1.0,8.0,15.0
s0542,10.80708122253418,37.81917190551758,-36.0,-9.0,13.0,34.0,54.0,199.6611785888672,158.8233642578125,38.0,91.0,166.0,272.0,398.0,314.31390380859375,226.1688690185547,96.0,152.0,247.0,422.0,651.0,318.5926208496094,230.12452697753906,99.0,154.0,246.0,429.0,659.0,109.50373840332031,35.16914749145508,66.0,90.0,112.0,132.0,150.0,53.2645149230957,194.10794067382812,0.0,55.0,99.0,129.0,152.0,39.565704345703125,48.34867477416992,-25.0,7.0,43.0,73.0,98.0,300.8117370605469,194.42727661132812,122.0,165.0,244.0,379.0,564.0,141.17428588867188,57.00048065185547,61.0,101.0,151.0,184.0,207.0,137.8043212890625,57.94324493408203,56.0,97.0,149.0,182.0,204.0,104.01242065429688,34.423912048339844,63.0,85.0,106.0,125.0,144.0,99.41448974609375,45.06629180908203,42.0,67.0,99.0,133.0,157.0,122.8561782836914,61.588436126708984,62.0,96.0,122.0,144.0,167.0,33.87566375732422,50.215003967285156,-20.0,10.0,39.0,64.0,83.0,111.68482208251953,48.49802017211914,66.0,91.0,115.0,140.0,160.0,,,,,,,
s0543,21.01245880126953,34.17295837402344,-9.0,7.0,22.0,36.0,50.0,213.68832397460938,197.0400390625,22.0,74.0,161.0,298.0,482.0,300.7825012207031,240.77305603027344,71.0,128.0,226.0,406.0,659.0,308.2316589355469,246.14035034179688,76.0,131.0,229.0,419.0,678.0,82.93578338623047,20.73665428161621,59.0,72.0,84.0,96.0,107.0,-28.86387062072754,224.28321838378906,-22.0,4.0,22.0,47.0,71.0,66.67140197753906,28.231456756591797,32.0,53.0,69.0,84.0,98.0,270.6817932128906,224.65211486816406,75.0,108.0,189.0,362.0,611.0,105.95428466796875,34.574398040771484,59.0,85.0,110.0,130.0,146.0,20.319204330444336,48.254520416259766,-14.0,1.0,17.0,36.0,57.0,75.27075958251953,21.6096134185791,50.0,63.0,76.0,89.0,101.0,80.25255584716797,24.683115005493164,50.0,65.0,80.0,96.0,111.0,147.2187957763672,34.382957458496094,104.0,137.0,155.0,168.0,179.0,13.547571182250977,144.55252075195312,-26.0,16.0,42.0,63.0,85.0,111.51713562011719,35.00394058227539,70.0,93.0,113.0,135.0,154.0,14.04199504852295,22.617176055908203,-13.0,0.0,14.0,28.0,43.0
s0544,,,,,,,,,,,,,,,,,,,,,,,,,,,,,44.12637710571289,68.25090026855469,-43.0,-1.0,44.0,90.0,131.0,-45.4530029296875,313.19512939453125,-592.0,-25.0,52.0,114.0,167.0,45.839359283447266,83.7283706665039,-59.0,-11.0,44.0,102.0,152.0,,,,,,,,,,,,,,,30.131059646606445,77.87715148925781,-69.0,-21.0,29.0,82.0,131.0,49.830623626708984,70.78347778320312,-39.0,3.0,50.0,96.0,139.0,31.59389877319336,76.76331329345703,-63.0,-17.0,31.0,81.0,127.0,27.7495059967041,82.17115783691406,-71.0,-23.0,27.0,79.0,129.0,13.77045726776123,68.68817901611328,-73.0,-31.0,14.0,59.0,100.40000000000055,32.355594635009766,63.785648345947266,-45.0,-7.0,33.0,74.0,111.0,14.049964904785156,68.10311889648438,-74.0,-32.0,15.0,60.0,99.80000000000018
s0545,,,,,,,,286.76348876953125,302.1822509765625,4.0,85.0,194.0,402.0,735.0,404.54449462890625,320.31097412109375,84.0,180.0,309.0,568.0,904.0,406.4817810058594,320.44415283203125,89.0,183.0,311.0,561.0,905.0,54.32489776611328,53.758419036865234,-13.0,19.0,54.0,90.0,122.0,-2.0131349563598633,198.6061248779297,-80.0,-12.0,38.0,85.0,127.0,38.3963623046875,67.95402526855469,-48.0,-6.0,38.0,83.0,125.0,450.1077575683594,371.4466552734375,107.0,189.0,323.0,597.0,1084.1000000000004,97.43342590332031,168.6257781982422,-9.0,32.0,79.0,128.0,181.0,40.23403549194336,66.404541015625,-44.0,-3.0,40.0,84.0,124.0,59.58494186401367,61.37961196899414,-18.0,19.0,60.0,100.0,137.0,54.29171371459961,69.7278823852539,-34.0,8.0,54.0,101.0,143.0,55.30921936035156,68.65176391601562,-30.0,11.0,55.0,101.0,142.0,-20.68498992919922,239.65992736816406,-139.0,-23.0,38.0,90.25,135.0,51.05821990966797,69.1088638305664,-36.0,5.0,51.0,97.0,139.0,14.577836990356445,60.87712097167969,-63.5,-26.0,15.0,55.0,91.0
s0546,9.909832000732422,53.9384880065918,-30.0,-7.0,13.0,34.0,52.0,206.0440216064453,221.758056640625,-23.0,46.0,157.0,304.0,501.0,354.8697814941406,302.03826904296875,58.0,131.0,260.0,510.0,824.0,346.6350402832031,298.64697265625,56.0,124.0,254.0,499.0,803.0,83.12787628173828,29.133840560913086,50.0,71.0,87.0,101.0,114.0,-100.51563262939453,340.7771301269531,-923.0,-2.0,37.0,65.0,89.0,78.55237579345703,29.619701385498047,43.0,63.0,81.0,98.0,113.0,373.33135986328125,255.39076232910156,126.0,185.0,302.0,490.0,726.0,129.3420867919922,37.184486389160156,78.0,110.0,135.0,155.0,171.0,124.58233642578125,37.63945770263672,73.0,106.0,131.0,150.0,166.0,99.22067260742188,24.66724395751953,71.0,86.0,100.0,114.0,128.0,92.43150329589844,34.78769302368164,50.0,69.0,91.0,115.0,139.0,139.66525268554688,99.29969787597656,78.0,112.0,135.0,153.0,168.0,-33.301605224609375,230.8964385986328,-210.0,-4.0,35.0,65.0,91.0,109.20391082763672,37.98064422607422,64.0,91.0,115.0,134.0,149.0,25.895671844482422,26.564367294311523,-5.0,8.0,24.0,43.0,61.0
s0548,10.583887100219727,99.65804290771484,-50.0,-7.0,10.0,25.0,38.0,146.5237579345703,139.36541748046875,-9.0,43.0,126.0,222.0,327.0,275.535400390625,209.92941284179688,70.0,120.0,219.0,374.0,569.0,283.7770080566406,212.2163543701172,73.0,130.0,228.0,384.0,578.0,89.79723358154297,22.22728729248047,67.0,82.0,93.0,103.0,111.0,-130.6685333251953,398.9075927734375,-974.0,-25.0,74.0,94.0,106.0,69.60955047607422,27.668127059936523,31.0,58.0,75.0,88.0,98.0,259.3290710449219,178.70497131347656,85.59999999999991,123.0,216.0,340.0,499.0,124.09868621826172,35.877376556396484,75.0,98.0,132.0,153.0,165.0,123.60560607910156,36.647830963134766,74.0,97.0,131.0,153.0,165.0,108.16101837158203,20.879613876342773,87.0,100.0,111.0,121.0,130.0,94.14934539794922,36.25625228881836,51.0,67.0,90.0,123.0,142.0,100.13457489013672,48.98954391479492,51.0,85.0,104.0,118.0,130.0,29.463272094726562,31.03114128112793,-13.0,10.0,32.0,52.0,67.0,111.53703308105469,97.92891693115234,64.0,91.0,110.0,123.0,136.0,22.458925247192383,16.060970306396484,2.0,11.0,22.0,33.0,44.0
s0549,21.396331787109375,40.17799377441406,-29.0,3.0,27.0,47.0,65.0,203.279541015625,224.9045867919922,-30.0,30.0,149.0,320.0,530.0,348.7002868652344,298.3101501464844,42.0,115.0,263.0,520.0,809.0,359.76947021484375,300.70330810546875,47.0,125.0,275.0,535.0,817.0,91.28373718261719,28.722450256347656,59.0,78.0,94.0,109.0,123.0,-46.52665328979492,246.61868286132812,-70.0,-4.0,19.0,43.0,68.60000000000582,70.0412826538086,37.27547836303711,22.0,50.0,74.0,95.0,113.0,301.96221923828125,247.12672424316406,63.0,119.0,232.0,413.0,645.0,129.52870178222656,45.8886604309082,66.0,111.0,139.0,160.0,177.0,116.87034606933594,51.01998519897461,36.0,96.0,128.0,151.0,170.0,97.53178405761719,26.524974822998047,67.0,82.0,98.0,113.0,128.0,100.10960388183594,39.91421890258789,50.0,72.0,98.0,129.0,153.0,135.17544555664062,56.47550582885742,83.0,118.0,140.0,156.0,168.0,40.890167236328125,35.989593505859375,-2.0,23.0,44.0,63.0,81.0,121.16950988769531,37.763160705566406,74.0,104.0,128.0,146.0,160.0,14.339640617370605,24.08599281311035,-14.0,0.0,14.0,29.0,44.0
s0550,11.101387023925781,32.788726806640625,-23.0,0.0,16.0,31.0,44.0,161.5633544921875,216.00401306152344,-73.0,-7.0,122.0,278.0,454.0,331.69970703125,305.615234375,15.0,103.0,245.0,498.0,793.0,351.86346435546875,303.82464599609375,27.0,119.0,273.0,526.0,808.0,104.51360321044922,25.36615562438965,74.0,90.0,106.0,121.0,134.0,-131.77117919921875,419.0009460449219,-967.0,-68.0,76.0,124.0,151.0,65.25518035888672,47.53529357910156,1.0,37.0,70.0,98.0,120.0,267.00823974609375,228.95664978027344,42.0,99.0,217.0,370.0,552.0,136.6226806640625,51.95834732055664,59.0,107.0,148.0,174.0,193.0,140.0956268310547,55.55689239501953,57.0,106.0,153.0,180.0,200.0,111.94679260253906,28.816089630126953,78.0,96.0,113.0,130.0,145.0,113.2177963256836,51.40602111816406,49.0,76.0,114.0,152.0,179.0,152.78224182128906,43.159149169921875,95.0,139.0,163.0,179.0,192.0,5.173571586608887,210.79222106933594,-37.0,25.0,58.0,85.0,109.0,143.7894287109375,47.72989273071289,85.0,120.0,153.0,176.0,193.0,23.89929962158203,31.109573364257812,-13.0,2.0,23.0,44.0,65.0
s0551,6.314315319061279,108.09432983398438,-131.0,-64.0,5.0,77.0,143.0,188.89321899414062,265.46734619140625,-86.0,10.0,134.0,306.0,541.0,264.8964538574219,315.819580078125,-34.0,56.0,178.0,384.0,720.0,269.4598693847656,307.30584716796875,-28.0,60.0,185.0,396.0,719.0,136.8336181640625,82.2311019897461,32.0,85.0,139.0,190.0,239.0,-23.905115127563477,318.6160888671875,-546.0,-4.0,71.0,133.0,187.0,78.65727996826172,102.714111328125,-51.0,9.0,78.0,147.0,210.0,277.6722412109375,288.08856201171875,-18.0,81.0,213.0,404.0,672.0,151.90322875976562,115.12389373779297,2.0,74.0,153.0,231.0,299.0,153.9779510498047,117.51062774658203,2.0,76.0,156.0,234.0,302.0,127.52227020263672,79.73912048339844,27.0,76.0,128.0,179.0,227.0,120.57102966308594,103.11964416503906,-11.0,55.0,124.0,189.0,246.0,153.0569305419922,172.29434204101562,22.0,78.0,136.0,196.0,256.0,-28.360225677490234,263.3908996582031,-205.0,-39.0,35.0,101.0,159.0,136.1194610595703,92.96855163574219,24.0,78.0,136.0,194.0,247.0,18.64175796508789,77.145751953125,-78.0,-32.0,18.0,70.0,116.0
s0552,,,,,,,,,,,,,,,,,,,,,,,,,,,,,,,,,,,,,,,,,,,,,,,,,,,,,,,,,,,,,,,,,,,,,,,,,,,,,,,,,,,,,143.10638427734375,69.0887451171875,97.0,135.0,154.0,166.0,175.0,-8.085594177246094,280.569091796875,-325.59999999999997,1.0,61.0,94.0,123.0,,,,,,,,,,,,,,
s0553,53.52157974243164,48.83435821533203,-10.0,17.0,58.0,91.0,112.0,223.15496826171875,181.57608032226562,30.0,93.0,186.0,312.0,473.0,402.188232421875,255.44105529785156,148.0,213.0,323.0,543.0,793.0,404.5506896972656,252.08653259277344,154.0,216.0,326.0,543.0,790.0,94.2262191772461,21.12912368774414,68.0,82.0,96.0,108.0,119.0,-164.58909606933594,413.7758483886719,-967.0,-319.0,71.0,95.0,110.0,93.46062469482422,22.868728637695312,65.0,79.0,94.0,108.0,122.0,366.0409240722656,215.19100952148438,178.0,219.0,298.0,444.0,654.0,132.58375549316406,33.3530158996582,87.0,115.0,138.0,156.0,169.0,129.04354858398438,34.34603500366211,83.0,111.0,135.0,153.0,166.0,104.27091979980469,23.35877227783203,77.0,91.0,105.0,118.0,131.0,112.1466064453125,27.206445693969727,80.0,96.0,112.0,129.0,146.0,121.92536163330078,29.20989227294922,85.0,108.0,126.0,141.0,153.0,-20.6534423828125,180.4451446533203,-172.0,-5.0,37.0,62.0,81.0,121.94176483154297,36.273651123046875,82.0,107.0,128.0,144.0,157.0,29.898700714111328,20.908672332763672,5.0,16.0,29.0,43.0,57.0
s0555,,,,,,,,,,,,,,,,,,,,,,,,,,,,,43.35774230957031,21.942228317260742,17.0,30.0,44.0,58.0,70.0,46.067649841308594,228.7320556640625,-10.0,45.0,111.0,144.0,164.0,36.775978088378906,28.105810165405273,1.0,20.0,38.0,56.0,70.0,262.7469482421875,220.9583282470703,35.0,91.0,218.0,367.0,566.0,27.543521881103516,22.72584342956543,0.0,14.0,28.0,43.0,55.0,27.664772033691406,23.791147232055664,-2.0,14.0,29.0,43.0,56.0,58.05324172973633,25.157039642333984,27.0,43.0,59.0,75.0,89.0,31.98086166381836,26.24298858642578,0.0,16.0,33.0,48.0,63.0,49.058624267578125,71.62352752685547,1.0,18.0,37.0,58.0,86.0,-2.1399338245391846,64.53504180908203,-43.0,-12.0,8.0,24.0,41.0,29.621618270874023,22.661361694335938,8.0,21.0,32.0,42.0,50.0,5.916914939880371,40.6338005065918,-33.0,-10.0,9.0,28.0,46.0
s0556,,,,,,,,,,,,,,,321.5362854003906,219.393798828125,87.0,130.0,268.0,489.0,628.0,,,,,,,,61.68203353881836,29.266515731811523,30.0,48.0,64.0,80.0,94.0,7.175051212310791,176.2504119873047,-23.0,22.0,48.0,70.0,88.0,79.31629180908203,22.135713577270508,53.0,70.0,82.0,93.0,103.0,331.62860107421875,232.6287841796875,127.0,171.0,252.0,420.0,687.0,124.08794403076172,31.218948364257812,86.0,108.0,129.0,146.0,157.0,109.32254028320312,30.27831268310547,74.0,95.0,113.0,129.0,143.0,83.36502838134766,23.03708267211914,52.0,70.0,86.0,99.0,109.0,105.70142364501953,27.250274658203125,73.80000000000018,88.0,105.0,124.0,141.0,139.253173828125,35.5334587097168,93.0,128.0,148.0,162.0,172.0,-93.62287139892578,319.9632568359375,-745.0,-33.0,41.0,74.0,96.0,119.65936279296875,36.52768325805664,73.0,102.0,126.0,145.0,158.0,26.70802116394043,16.863330841064453,8.0,17.0,27.0,37.0,47.0
s0557,,,,,,,,,,,,,,,,,,,,,,,,,,,,,80.9123306274414,25.324691772460938,53.0,68.0,83.0,99.0,110.0,12.246888160705566,93.11055755615234,-16.0,8.0,28.0,43.0,54.0,49.937374114990234,32.57857894897461,3.0,33.0,59.0,73.0,82.0,,,,,,,,,,,,,,,,,,,,,,44.25445556640625,13.760259628295898,30.0,38.0,45.0,52.0,58.0,87.15406036376953,50.27307891845703,41.0,55.0,71.0,111.0,162.0,246.98570251464844,54.29475402832031,160.0,236.0,266.0,280.0,290.0,-40.63154983520508,196.63790893554688,-204.0,-18.0,22.0,45.0,62.0,224.27859497070312,109.92680358886719,78.0,149.0,234.0,287.0,343.0,1.163122296333313,13.79124927520752,-15.0,-4.0,3.0,10.0,16.0
s0559,,,,,,,,,,,,,,,,,,,,,,,,,,,,,,,,,,,,,,,,,,,,,,,,,,,,,,,,,,,,,,,,,,,,,,,,,,,,,,,,,,,,,125.24840545654297,23.098636627197266,94.0,116.0,130.0,141.0,148.0,54.63340759277344,42.96174240112305,4.0,35.0,60.0,80.75,98.0,,,,,,,,,,,,,,
s0560,,,,,,,,,,,,,,,422.2486267089844,248.4653778076172,146.0,213.0,365.0,597.0,814.0,425.3227844238281,230.56576538085938,165.0,237.5,373.0,582.5,783.0,47.439659118652344,14.030921936035156,31.0,39.0,48.0,56.0,64.0,-161.89125061035156,416.49505615234375,-987.0,-209.0,49.0,101.0,119.0,40.61564636230469,14.570438385009766,22.0,31.0,41.0,50.0,59.0,340.4867858886719,260.53631591796875,116.0,157.0,255.0,426.0,733.0,28.064594268798828,18.956493377685547,10.0,20.0,30.0,39.0,47.0,30.345487594604492,13.4426851272583,14.0,22.0,31.0,39.0,47.0,58.02764129638672,14.311097145080566,40.0,50.0,59.0,67.0,75.0,40.09873580932617,15.540966033935547,21.0,30.0,40.0,50.0,59.0,41.02042007446289,20.398664474487305,20.0,31.0,42.0,53.0,63.0,-13.727544784545898,132.67926025390625,-82.0,-8.0,19.0,40.0,59.0,35.93830871582031,35.74040222167969,10.0,33.0,43.0,51.0,58.0,24.8950252532959,17.83336639404297,3.0,14.0,26.0,36.0,46.0
s0561,21.951400756835938,43.939571380615234,-46.0,-2.0,34.0,53.0,66.0,164.54541015625,166.2616424560547,-21.0,36.0,139.0,255.0,388.0,317.22491455078125,260.4710693359375,37.0,131.0,259.0,444.0,683.0,319.81170654296875,258.7082824707031,39.0,135.0,266.0,449.0,681.0,128.2730255126953,32.475364685058594,85.0,129.0,138.0,144.0,150.0,-101.81096649169922,335.4632263183594,-841.0,-40.0,51.0,83.0,99.0,78.68598175048828,38.248748779296875,25.0,58.0,87.0,104.0,117.0,290.9454040527344,202.85531616210938,95.0,136.0,235.0,389.0,577.0,135.8976593017578,63.37252426147461,23.0,99.0,152.0,187.0,204.0,148.17733764648438,47.59088897705078,78.0,119.0,159.0,187.0,199.0,117.92227935791016,22.86071014404297,102.0,114.0,121.0,127.0,134.0,118.19001770019531,45.28309631347656,67.0,86.0,114.0,146.0,184.0,227.69384765625,78.2171859741211,132.0,203.0,238.0,265.0,278.0,20.779050827026367,49.67970275878906,-31.0,1.0,30.0,51.0,66.0,165.32192993164062,52.04637145996094,98.0,134.0,177.0,204.0,220.0,13.545528411865234,14.466146469116211,1.0,6.0,11.0,19.0,32.0
s0563,,,,,,,,,,,,,,,,,,,,,,,,,,,,,,,,,,,,,,,,,,,,,,,,,,,,,,,,,,,,,,,,,,,,,,,,,,,,,,,,,,,,,,,,,,,,-7.987307548522949,198.31210327148438,-136.8,-41.5,29.0,90.0,146.0,,,,,,,,,,,,,,
s0564,7.927720546722412,32.38313674926758,-27.0,0.0,14.0,26.0,38.0,126.07112121582031,170.78662109375,-50.0,-1.0,87.0,213.0,359.0,251.0949249267578,246.54734802246094,16.0,73.0,172.0,362.0,622.0,259.1835632324219,243.4012908935547,17.0,78.0,184.0,387.0,622.0,,,,,,,,,,,,,,,,,,,,,,,,,,,,,,,,,,,,,,,,,,,,,,,,,,,,,,,,,112.00907897949219,209.17388916015625,17.0,31.0,47.0,67.0,279.0,,,,,,,,,,,,,,,,,,,,,
s0565,,,,,,,,,,,,,,,,,,,,,,,,,,,,,61.32560729980469,31.488313674926758,27.0,49.0,66.0,81.0,94.0,-319.1763610839844,460.1565246582031,-992.0,-970.0,-8.0,38.0,62.0,68.45198059082031,40.88610076904297,10.0,54.0,78.0,95.0,108.0,,,,,,,,75.90365600585938,37.70170211791992,25.0,54.0,81.0,101.0,118.0,,,,,,,,44.27894973754883,21.392457962036133,19.0,33.0,45.0,58.0,69.0,44.49365234375,23.85187530517578,16.0,32.0,46.0,59.0,72.0,250.2215118408203,98.88446807861328,152.0,235.0,257.0,273.0,286.0,-12.778368949890137,136.2472686767578,-66.0,-11.0,21.0,42.0,57.0,123.3991470336914,83.58120727539062,29.0,63.0,99.0,200.0,251.0,,,,,,,
s0566,17.067853927612305,49.55362319946289,-6.0,2.0,12.0,24.0,40.0,230.5906982421875,168.33131408691406,52.0,116.0,199.0,308.0,444.0,327.1466369628906,240.0640106201172,99.0,153.0,256.0,441.0,673.0,331.97296142578125,232.56312561035156,110.0,168.0,262.0,440.0,668.0,102.75296783447266,18.50827407836914,83.0,93.0,103.0,114.0,125.0,9.363090515136719,259.9055480957031,-161.0,70.0,94.0,107.0,118.0,75.3460922241211,25.016231536865234,44.0,62.0,78.0,91.0,103.0,357.1795959472656,223.23379516601562,152.0,199.0,284.0,444.0,696.0,125.52440643310547,33.330787658691406,75.0,108.0,135.0,149.0,159.0,126.13945770263672,34.04267501831055,75.0,108.0,136.0,151.0,161.0,88.17554473876953,16.83544158935547,70.0,79.0,89.0,98.0,107.0,117.33301544189453,19.389577865600586,92.0,107.0,119.0,130.0,140.0,118.51167297363281,30.166736602783203,81.0,108.0,124.0,135.0,145.0,69.6830062866211,96.55085754394531,28.0,64.0,92.0,108.0,119.0,110.73188781738281,29.251564025878906,79.0,97.0,116.0,129.0,139.0,13.398872375488281,16.793109893798828,-5.0,2.0,11.0,22.0,36.0
s0568,,,,,,,,,,,,,,,,,,,,,,,,,,,,,,,,,,,,,,,,,,,,,,,,,,,,,,,,,,,,,,,,,,,,,,,,,,,,,,,,,,,,,,,,,,,,40.644134521484375,79.13450622558594,-53.0,-7.0,40.0,89.0,133.40000000000003,,,,,,,,,,,,,,
s0571,5.185009956359863,31.144411087036133,-37.0,-4.0,10.0,24.0,37.0,176.6047821044922,167.12355041503906,14.0,60.0,132.0,244.0,402.0,313.4400939941406,244.664306640625,88.0,139.0,229.0,418.0,689.0,318.92303466796875,248.43325805664062,91.0,141.0,234.0,427.0,698.0,105.49654388427734,20.116365432739258,82.0,97.0,108.0,118.0,127.0,-178.94651794433594,396.21697998046875,-963.0,-100.0,26.0,48.0,71.0,88.82525634765625,24.70403480529785,62.0,80.0,92.0,103.0,112.0,333.4291687011719,230.99693298339844,128.0,165.0,258.0,427.0,668.8000000000011,124.1064224243164,30.53927230834961,86.0,111.0,131.0,145.0,154.0,121.93376159667969,31.321821212768555,82.0,109.0,129.0,143.0,153.0,81.95687866210938,21.467710494995117,59.0,71.0,82.0,93.0,104.0,116.35550689697266,26.906007766723633,86.0,101.0,115.0,132.0,150.0,148.9451141357422,72.3314208984375,84.0,134.0,154.0,167.0,179.0,16.949787139892578,71.38249969482422,-26.799999999999955,4.0,29.0,49.0,67.0,181.4398956298828,69.2403793334961,89.0,128.0,184.0,244.0,266.0,39.50774383544922,19.046052932739258,17.0,27.0,39.0,52.0,64.0
s0572,,,,,,,,,,,,,,,,,,,,,,,,,,,,,,,,,,,,,,,,,,,,,,,,,,,,,,,,,,,,,,,,,,,,,,,,,,,,,,,,,,,,,,,,,,,,-274.2465515136719,360.78594970703125,-869.5,-590.25,-136.0,36.0,84.0,,,,,,,,,,,,,,
s0573,-19.452608108520508,55.78982162475586,-95.0,-46.0,-5.0,15.0,34.0,125.9576644897461,173.3889617919922,-38.0,8.0,85.0,192.0,333.0,211.438232421875,237.1884765625,-6.0,53.0,152.0,314.0,546.0,210.74221801757812,231.8218536376953,-8.0,47.0,138.0,310.0,556.0,,,,,,,,,,,,,,,,,,,,,,,,,,,,,3.918055534362793,40.879432678222656,-63.099999999999994,-19.0,17.0,33.0,44.0,,,,,,,,32.22103500366211,42.81930160522461,-42.900000000000006,16.75,49.0,60.0,69.0,33.76326370239258,15.596869468688965,15.0,25.0,34.0,44.0,52.0,51.85527801513672,91.0469741821289,12.0,26.0,38.0,50.0,67.20000000000027,,,,,,,,,,,,,,,,,,,,,
s0574,18.26349639892578,33.83405303955078,-19.0,7.0,23.0,39.0,53.0,302.840576171875,249.88214111328125,54.0,122.0,233.0,424.0,664.0,382.53106689453125,298.15167236328125,94.0,162.0,279.0,546.0,845.0,386.0013122558594,303.8605651855469,90.0,162.0,281.0,554.0,854.0,101.517578125,25.513118743896484,75.0,91.0,105.0,117.0,128.0,-33.03104782104492,280.3206787109375,-183.0,22.0,57.0,79.0,96.0,71.1246337890625,30.23161506652832,34.0,57.0,75.0,90.0,104.0,413.5246276855469,268.1490173339844,169.0,212.0,327.0,524.0,820.0,147.59487915039062,39.5968132019043,101.0,129.0,150.0,171.0,193.0,143.17628479003906,42.85747146606445,91.0,126.0,148.0,169.0,190.0,111.84849548339844,23.33687973022461,86.0,100.0,113.0,126.0,138.0,107.65679931640625,34.06200408935547,67.0,85.0,105.0,131.0,154.0,125.69647979736328,35.72962188720703,82.0,116.0,133.0,145.0,156.0,23.78363037109375,114.45159149169922,-21.0,25.0,49.0,67.0,82.0,118.75141906738281,36.8354606628418,75.0,99.0,125.0,144.0,157.0,21.322114944458008,24.321565628051758,-8.0,5.0,20.0,36.0,52.0
s0576,,,,,,,,,,,,,,,,,,,,,,,,,,,,,,,,,,,,,,,,,,,,,,,,,,,,,,,,,,,,,,,,,,,,,,,,,,,,,,,,,,,,,142.16751098632812,35.940086364746094,107.0,126.0,140.0,156.0,178.0,35.261688232421875,117.62826538085938,-21.0,24.0,55.0,86.0,110.0,,,,,,,,,,,,,,
s0577,2.2654805183410645,41.38898468017578,-51.0,-18.0,6.0,29.0,49.0,253.0771484375,184.33572387695312,60.0,123.0,213.0,343.0,500.0,401.47723388671875,267.9162902832031,140.0,204.0,320.0,539.0,798.0,403.103515625,269.6993408203125,136.0,204.0,326.0,545.0,805.0,109.367431640625,36.55565643310547,65.0,89.0,112.0,133.0,152.0,-23.804580688476562,173.11447143554688,-72.0,-29.0,7.0,45.0,76.0,65.94425964355469,45.10477828979492,5.0,38.0,69.0,97.0,120.0,417.4134216308594,237.32229614257812,199.60000000000014,248.0,338.0,520.0,773.4000000000015,191.33522033691406,53.282928466796875,123.0,166.0,198.0,226.0,250.0,,,,,,,,93.17330932617188,36.148712158203125,50.0,71.0,93.0,115.0,137.0,146.61070251464844,42.992950439453125,94.0,121.0,147.0,175.0,201.0,146.90335083007812,52.48822784423828,72.0,125.0,157.0,181.0,201.0,-171.5694580078125,336.4114990234375,-816.0,-250.5,-5.0,43.0,74.0,141.196044921875,55.12738800048828,73.0,109.0,147.0,180.0,205.0,23.070646286010742,36.114688873291016,-21.0,0.0,22.0,45.0,68.0
s0578,13.171940803527832,32.775840759277344,-18.0,-1.0,13.0,29.0,47.0,238.44039916992188,255.75906372070312,15.0,63.0,160.0,324.0,574.0,358.7792053222656,319.35479736328125,52.0,124.0,256.0,511.0,841.0,382.37298583984375,343.82489013671875,51.0,126.0,268.0,556.0,908.0,137.3027801513672,29.57664680480957,105.0,124.0,140.0,155.0,169.0,14.46985912322998,187.9586639404297,-12.0,17.0,47.0,81.0,109.0,86.810546875,40.05659484863281,37.0,67.0,90.0,111.0,131.0,397.5948791503906,341.32696533203125,100.0,148.0,267.0,540.0,929.0,186.1691436767578,51.87303924560547,113.0,170.0,200.0,219.0,234.0,167.51486206054688,65.4755859375,53.0,143.0,189.0,212.0,229.0,129.8328857421875,29.055444717407227,98.0,114.0,130.0,146.0,162.0,150.59201049804688,46.46907424926758,95.0,119.0,147.0,183.0,214.0,188.66790771484375,52.12428283691406,130.0,176.0,198.0,213.0,226.0,28.238815307617188,141.04725646972656,-32.0,32.0,61.0,84.0,103.0,162.69216918945312,48.53880310058594,97.0,134.0,174.0,198.0,214.0,28.2426700592041,27.673416137695312,-4.0,9.0,26.0,45.0,64.0
s0579,,,,,,,,188.6043701171875,219.4095001220703,-27.0,27.0,134.0,288.0,478.0,335.027099609375,254.69232177734375,63.0,135.0,267.0,488.0,719.0,277.0841064453125,248.12437438964844,36.0,91.0,190.0,418.0,661.0,52.12607955932617,32.95465850830078,10.0,32.0,53.0,74.0,93.0,3.5392580032348633,70.74750518798828,-59.0,-17.5,14.0,42.0,67.0,14.306495666503906,44.24211883544922,-43.09999999999991,-14.0,16.0,45.0,69.0,342.6705627441406,261.50311279296875,82.0,143.0,279.0,463.0,719.3000000000011,27.747323989868164,37.7986946105957,-20.0,4.0,29.0,52.0,75.0,29.364004135131836,36.594200134277344,-17.0,6.0,30.0,53.0,75.0,40.56958770751953,36.350311279296875,-5.0,17.0,41.0,65.0,86.0,34.456214904785156,36.30406188964844,-12.0,13.0,37.0,58.0,78.0,32.527164459228516,58.76692199707031,-20.0,14.0,40.0,62.0,82.0,-14.843488693237305,130.84169006347656,-101.0,-26.0,17.0,47.0,71.0,31.571334838867188,25.23872184753418,0.0,17.0,33.0,48.0,62.0,,,,,,,
s0580,,,,,,,,,,,,,,,,,,,,,,,,,,,,,118.8304672241211,31.49831199645996,77.0,109.0,125.0,138.0,149.0,-116.79183959960938,376.74224853515625,-967.0,-31.0,68.0,92.0,106.0,68.12791442871094,37.39961624145508,15.0,47.0,75.0,93.0,108.0,,,,,,,,,,,,,,,,,,,,,,66.59832763671875,22.184537887573242,43.0,55.0,66.0,78.0,90.0,81.05306243896484,36.080718994140625,41.0,59.0,78.0,98.0,127.0,199.36090087890625,49.64619827270508,128.0,178.0,213.0,234.0,247.0,4.869757175445557,117.31326293945312,-56.0,3.0,34.0,55.0,72.0,107.38168334960938,35.04887390136719,67.0,91.0,108.0,129.0,150.0,,,,,,,
s0581,38.25809860229492,86.07099151611328,-71.0,-18.0,38.0,96.0,147.0,226.57321166992188,259.9138488769531,-22.0,54.0,159.0,324.0,578.0,396.61712646484375,363.46282958984375,40.0,134.0,277.0,585.0,991.0,395.3379821777344,351.3791198730469,47.0,141.0,283.0,580.0,968.0,,,,,,,,28.944305419921875,88.61438751220703,-85.0,-27.0,33.0,85.0,140.79999999999995,78.87458801269531,100.2196273803711,-47.0,9.0,77.0,144.75,208.0,383.92401123046875,334.8860778808594,52.0,156.0,299.0,523.0,880.0,137.94879150390625,94.51099395751953,17.0,75.0,139.0,200.0,257.20000000000437,130.85491943359375,99.21095275878906,3.0,65.0,132.0,196.0,256.0,82.7811279296875,77.30225372314453,-15.0,32.0,83.0,135.0,180.0,95.83043670654297,104.1871566772461,-38.0,26.0,95.0,166.0,226.0,149.0,195.0593719482422,-16.0,50.0,125.0,205.0,288.6999999999998,,,,,,,,,,,,,,,,,,,,,
s0582,,,,,,,,,,,,,,,,,,,,,,,,,,,,,39.126094818115234,26.452184677124023,11.0,28.0,42.0,55.0,66.0,29.217815399169922,22.609399795532227,4.0,17.0,30.0,42.0,54.0,-4.365137577056885,35.064544677734375,-55.0,-20.0,2.0,19.0,33.0,,,,,,,,,,,,,,,20.376930236816406,22.5180721282959,-3.0,11.0,23.0,34.0,44.0,57.06723403930664,18.668554306030273,34.0,46.0,58.0,69.0,79.0,,,,,,,,91.34042358398438,69.86168670654297,32.0,50.0,77.0,123.0,168.0,-36.010013580322266,218.6956787109375,-179.0,-2.0,32.0,54.0,72.0,283.1983337402344,244.51219177246094,18.0,59.0,246.0,496.0,558.0,,,,,,,
s0583,-4.614524841308594,24.676002502441406,-32.0,-17.0,-3.0,10.0,23.0,188.56568908691406,176.65963745117188,-21.0,59.0,166.0,284.0,426.0,385.20458984375,269.49072265625,109.0,184.0,307.0,536.0,793.0,356.08380126953125,252.94741821289062,95.0,166.0,285.0,497.0,739.0,95.40715026855469,25.09676170349121,67.0,85.0,99.0,111.0,122.0,-114.19824981689453,359.3831481933594,-884.0,-58.5,62.0,90.0,106.0,77.53768157958984,29.31005096435547,40.0,61.0,80.0,97.0,112.0,287.5686340332031,172.58331298828125,132.0,170.0,238.0,350.0,511.0,113.17303466796875,36.71755599975586,62.0,93.0,120.0,139.0,154.0,120.21585845947266,38.35858917236328,67.0,99.0,128.0,147.0,162.0,98.63021087646484,28.2840633392334,69.0,85.0,100.0,114.0,127.0,105.49115753173828,44.617088317871094,66.0,83.0,102.0,124.0,147.0,118.49092102050781,35.4400520324707,69.0,104.0,127.0,142.0,153.0,-120.24520111083984,279.8631286621094,-618.2,-121.0,-1.0,41.0,65.0,110.57566833496094,39.60260009765625,63.0,90.0,115.0,138.0,154.0,,,,,,,
s0584,195.21136474609375,256.4951477050781,21.0,41.0,65.0,191.0,685.0,196.10848999023438,174.8370819091797,17.0,74.0,159.0,270.0,423.0,366.19097900390625,255.3312225341797,108.0,179.0,293.0,500.0,754.0,367.3744812011719,252.0135040283203,113.0,182.0,296.0,501.0,747.0,53.572731018066406,25.064464569091797,21.0,45.0,58.0,69.0,79.0,-252.45999145507812,413.94610595703125,-978.0,-621.0,0.0,51.0,69.0,48.08806228637695,25.84843635559082,16.0,34.0,51.0,65.0,78.0,336.7362976074219,221.99365234375,125.0,173.0,269.0,439.0,655.7000000000007,75.08318328857422,34.91994857788086,37.0,58.0,76.0,92.0,109.0,70.48623657226562,33.73780059814453,32.0,54.0,71.0,87.0,104.0,58.69675827026367,21.13908576965332,35.0,48.0,60.0,72.0,83.0,63.74919128417969,21.48419952392578,37.0,50.0,64.0,78.0,91.0,84.999267578125,90.68025970458984,38.0,53.0,69.0,85.0,107.0,,,,,,,,,,,,,,,,,,,,,
s0585,82.75942993164062,34.7204704284668,34.0,69.0,92.0,106.0,115.0,90.5527114868164,123.9609375,-49.0,-7.0,73.0,162.0,255.0,219.091552734375,191.58106994628906,16.0,77.0,178.0,315.0,482.0,214.3721466064453,197.9609375,5.0,67.0,171.0,313.0,489.0,73.50883483886719,28.466222763061523,39.0,57.0,74.0,93.0,109.0,-52.85136032104492,243.63633728027344,-182.0,-9.0,21.0,46.0,66.0,57.66944122314453,36.45737838745117,6.0,36.0,65.0,84.0,97.0,221.14443969726562,151.93759155273438,60.0,100.0,189.0,307.0,433.0,115.40218353271484,52.49936294555664,44.0,73.0,123.0,159.0,178.0,111.1037826538086,51.18478012084961,41.0,70.0,119.0,154.0,173.0,52.66476821899414,19.252967834472656,32.0,44.0,54.0,64.0,73.0,63.34400939941406,37.0433235168457,24.0,39.0,57.0,87.0,112.0,303.2823181152344,92.57862854003906,173.0,280.0,322.0,345.0,362.0,0.5291696190834045,89.32441711425781,-52.0,-15.0,17.0,41.0,65.20000000000073,218.86074829101562,104.46105194091797,79.0,112.0,246.0,304.0,338.0,22.486955642700195,19.32415008544922,0.0,8.0,21.0,36.0,48.0
s0586,14.204117774963379,50.47869873046875,-52.0,-16.0,17.0,48.0,75.0,260.28277587890625,239.25778198242188,9.0,83.0,202.0,384.0,602.0,414.8128662109375,311.8468322753906,95.0,175.0,318.0,601.0,919.0,401.07635498046875,305.5335998535156,91.0,169.0,305.0,574.0,896.0,104.07463836669922,34.08028793334961,60.0,83.0,105.0,127.0,146.0,20.973737716674805,195.523681640625,-18.0,29.0,63.0,95.0,123.0,71.21737670898438,45.35165023803711,11.0,43.0,74.0,102.0,127.0,367.2483215332031,266.0158386230469,103.0,167.0,292.0,497.0,776.0,167.51683044433594,47.0999870300293,107.0,142.0,172.0,199.0,222.0,165.18856811523438,50.80527877807617,98.0,138.0,171.0,199.0,223.0,114.4498519897461,35.00248336791992,71.0,93.0,115.0,137.0,157.0,115.49064636230469,42.75151824951172,60.0,88.0,117.0,145.0,168.0,124.4986572265625,58.279876708984375,56.0,94.0,128.0,156.0,182.0,-5.820006370544434,75.34678649902344,-61.19999999999999,-28.0,0.0,29.0,59.0,106.60974884033203,41.213382720947266,57.0,84.0,108.0,134.0,157.0,17.060802459716797,33.263431549072266,-24.0,-4.0,17.0,39.0,60.0
s0587,2.78206729888916,35.788475036621094,-40.0,-20.0,2.0,24.0,45.0,111.71649169921875,190.36770629882812,-77.0,-30.0,65.0,205.0,357.0,237.47003173828125,269.8460388183594,-22.0,43.0,157.0,358.0,621.0,256.5389709472656,288.27093505859375,-20.0,47.0,168.0,386.0,670.0,116.24410247802734,29.78702163696289,83.0,103.0,120.0,135.0,148.0,-147.3687286376953,438.023193359375,-974.0,-223.0,92.0,124.0,143.0,82.72159576416016,34.38106155395508,40.0,63.0,85.0,105.0,123.0,210.33045959472656,224.43829345703125,-18.0,42.0,158.0,317.0,515.0,151.73574829101562,52.92342758178711,79.0,115.0,162.0,192.0,212.0,153.75711059570312,55.58213424682617,76.0,115.0,165.0,197.0,217.0,125.9698257446289,30.310630798339844,91.0,110.0,127.0,144.0,160.0,140.4291534423828,68.70291137695312,44.0,77.0,155.0,197.0,223.0,226.38955688476562,69.71240997314453,146.0,202.0,232.0,262.0,285.0,73.97869110107422,37.85783386230469,26.0,52.0,75.0,99.0,121.0,176.75506591796875,67.08336639404297,87.0,131.0,180.0,228.0,259.0,,,,,,,
s0589,11.921576499938965,36.72509765625,-39.0,-5.0,18.0,36.0,52.0,156.5770721435547,190.90399169921875,-26.0,23.0,113.0,235.0,388.0,353.69293212890625,295.1933898925781,71.0,136.0,257.0,498.0,802.0,356.6239318847656,299.0275573730469,70.0,137.0,257.0,509.0,809.0,111.00140380859375,22.226388931274414,86.0,99.0,113.0,125.0,136.0,22.70148277282715,95.39469146728516,-12.0,3.0,24.0,61.0,90.0,105.8839111328125,30.66592025756836,69.0,89.0,107.0,124.0,140.0,332.0971984863281,259.6212158203125,108.0,151.0,247.0,422.0,680.0,177.83148193359375,39.52244186401367,125.0,165.0,188.0,203.0,215.0,157.041015625,38.08617401123047,105.0,142.0,165.0,182.0,196.0,91.1990737915039,29.66090965270996,52.0,73.0,93.0,111.0,127.0,117.48168182373047,33.57158660888672,79.0,96.0,116.0,138.0,159.0,200.23338317871094,49.28776168823242,135.0,182.0,207.0,231.0,251.0,27.52199935913086,137.75408935546875,-57.0,22.0,57.0,88.0,117.0,179.8984832763672,62.2452392578125,96.0,140.0,184.0,227.0,255.0,78.46928405761719,39.37809371948242,23.0,50.0,82.0,110.0,129.0
s0590,,,,,,,,259.0738525390625,180.80148315429688,82.0,128.0,215.0,340.0,486.0,307.6264953613281,227.2494354248047,70.0,126.0,255.0,441.0,616.1000000000022,296.1609191894531,221.6118927001953,64.0,121.0,245.0,420.0,597.0,73.286376953125,23.759143829345703,47.0,63.0,76.0,88.0,99.0,31.979419708251953,104.81226348876953,-4.0,34.0,53.0,69.0,81.0,55.04340362548828,36.989410400390625,4.0,31.0,60.0,82.0,98.0,329.953125,239.1203155517578,106.0,157.0,260.0,416.0,686.0,103.51548767089844,39.8481330871582,48.0,74.0,112.0,135.0,148.0,104.06172180175781,42.856407165527344,45.0,72.0,113.0,138.0,152.0,55.772499084472656,17.924484252929688,40.0,49.0,57.0,65.0,72.0,68.43739318847656,59.31243133544922,24.0,40.0,55.0,77.0,136.0,317.6481018066406,139.6565399169922,189.0,279.0,301.0,320.0,436.0,13.797073364257812,36.04390335083008,-23.0,1.0,21.0,35.0,46.0,172.33091735839844,126.69554138183594,54.0,86.0,193.0,273.0,299.0,,,,,,,
s0591,15.006629943847656,39.863094329833984,-39.0,-2.0,20.0,38.0,57.0,161.58164978027344,199.3282012939453,-40.0,18.0,115.0,251.0,428.0,290.76300048828125,291.0120544433594,30.0,83.0,184.0,415.0,732.0,309.5878601074219,423.781494140625,26.0,77.0,173.0,394.0,737.0,128.72593688964844,37.16968536376953,91.0,117.0,135.0,150.0,163.0,-36.753868103027344,266.2932434082031,-256.0,1.0,40.0,85.0,114.0,63.437278747558594,46.099952697753906,-2.0,35.0,71.0,97.0,116.0,389.9528503417969,237.5732421875,146.0,205.0,332.0,518.0,745.0,155.5915985107422,49.04552459716797,90.0,134.0,167.0,189.0,205.0,164.34072875976562,51.499507904052734,95.0,142.0,176.0,199.0,216.0,101.3136978149414,28.439716339111328,71.0,87.0,103.0,119.0,133.0,102.54009246826172,36.77857971191406,60.0,80.0,101.0,125.0,149.0,235.2593231201172,107.98897552490234,143.0,203.0,236.0,256.0,274.0,-78.4059829711914,303.5067443847656,-685.0,-16.0,48.0,75.0,95.0,151.7202911376953,46.41387176513672,92.0,123.0,156.0,184.0,208.0,8.485352516174316,46.450416564941406,-27.0,-8.0,11.0,31.0,49.0
s0592,-5.799291610717773,62.873634338378906,-83.0,-45.0,-5.0,34.0,70.0,132.67315673828125,351.5710754394531,-127.0,-48.0,58.0,212.0,459.0,242.4752655029297,334.21734619140625,-62.0,20.0,139.0,359.0,746.0,228.93629455566406,318.2769775390625,-63.0,17.0,132.0,342.0,710.0,20.57904624938965,63.817405700683594,-60.0,-21.0,21.0,62.0,101.0,-1.2050901651382446,131.21299743652344,-81.0,-29.0,16.0,58.0,97.0,9.166136741638184,90.11687469482422,-80.0,-38.0,7.0,53.0,94.0,255.4062957763672,260.93658447265625,-13.0,74.0,200.0,378.0,600.3999999999996,16.869537353515625,71.484130859375,-73.0,-30.0,17.0,64.0,107.0,12.796546936035156,66.2724838256836,-71.0,-31.0,12.0,56.0,97.0,46.145896911621094,63.06221389770508,-32.0,6.0,47.0,87.0,124.0,34.113773345947266,60.96554183959961,-43.0,-4.0,34.0,73.0,111.0,59.322872161865234,144.71533203125,-44.0,-2.0,40.0,87.0,143.0,14.30199909210205,129.9337615966797,-59.0,-14.0,29.0,70.0,107.0,29.913185119628906,59.34818649291992,-43.0,-8.0,29.0,67.0,103.0,22.487232208251953,67.6299819946289,-60.0,-21.0,24.0,67.0,108.0
s0593,15.8401460647583,24.191755294799805,-6.0,6.0,17.0,29.0,42.0,239.84678649902344,183.33705139160156,84.0,127.0,191.0,298.0,459.0,472.9471130371094,326.7727355957031,126.0,210.0,374.0,716.0,979.0,424.250732421875,286.7910461425781,150.0,216.0,330.0,581.0,874.0,88.12654113769531,17.71792984008789,68.0,78.0,89.0,99.0,109.0,13.543166160583496,140.4176025390625,4.0,20.0,35.0,49.0,63.0,53.03901672363281,34.1514892578125,8.0,35.0,57.0,75.0,91.0,360.4277648925781,234.21719360351562,150.0,208.0,286.0,430.0,713.0,90.36016845703125,26.649682998657227,60.0,79.0,94.0,107.0,118.0,87.00545501708984,27.17205238342285,55.0,75.0,91.0,104.0,116.0,69.72559356689453,25.02411460876465,35.0,55.0,73.0,87.0,99.0,91.54804992675781,23.962221145629883,61.0,79.0,94.0,108.0,119.0,112.33464050292969,33.51771926879883,68.0,104.0,121.0,132.0,142.0,30.97150993347168,104.07177734375,-30.0,28.0,55.0,75.0,95.0,107.43928527832031,31.274641036987305,67.0,95.0,115.0,128.0,138.0,29.87617301940918,31.10417938232422,-4.0,7.0,23.0,50.0,77.0
s0594,,,,,,,,,,,,,,,,,,,,,,,,,,,,,70.302978515625,45.807960510253906,12.0,40.0,70.0,100.0,129.0,20.46205711364746,54.5613899230957,-46.0,-13.0,21.0,55.0,87.0,,,,,,,,,,,,,,,,,,,,,,,,,,,,,44.80027770996094,44.43215560913086,-10.0,16.0,45.0,73.0,100.0,84.0900650024414,54.39153289794922,15.0,46.0,83.0,121.0,154.0,379.19134521484375,106.28749084472656,226.0,347.0,403.0,446.0,480.0,5.235871315002441,119.89198303222656,-67.0,-18.0,23.0,61.0,97.0,260.4439697265625,199.63877868652344,72.0,131.0,213.0,416.0,483.0,,,,,,,
s0595,,,,,,,,,,,,,,,,,,,,,,,,,,,,,25.125288009643555,78.37117004394531,-71.0,-27.0,23.0,75.0,127.0,,,,,,,,,,,,,,,,,,,,,,,,,,,,,,,,,,,,24.509471893310547,78.8907470703125,-75.0,-27.0,24.0,76.0,125.0,44.891658782958984,78.7602767944336,-54.0,-6.0,44.0,97.0,145.0,48.883689880371094,87.69477844238281,-32.0,5.0,43.0,82.0,122.0,2.8981692790985107,137.2388458251953,-77.0,-25.0,19.0,64.0,105.0,34.40822219848633,72.21288299560547,-56.0,-12.0,34.0,81.0,125.0,,,,,,,
s0597,,,,,,,,,,,,,,,,,,,,,,,,,,,,,,,,,,,,,,,,,,,,,,,,,,,,,,,,,,,,,,,,,,,,,,,,,,,,,,,,,,,,,420.5658264160156,84.6732177734375,329.0,414.0,442.0,465.0,485.0,36.429229736328125,99.86795043945312,-15.5,22.0,52.0,80.0,104.0,543.4149169921875,94.21514892578125,487.0,524.0,557.0,590.0,619.0,,,,,,,
s0598,,,,,,,,,,,,,,,,,,,,,,,,,,,,,68.0048828125,20.298370361328125,44.0,59.0,70.0,81.0,90.0,34.9849967956543,151.4072265625,8.0,43.0,69.0,85.0,97.0,68.06144714355469,25.820980072021484,34.0,54.0,71.0,84.0,96.0,,,,,,,,,,,,,,,,,,,,,,32.26369857788086,16.876462936401367,12.0,22.0,33.0,43.0,53.0,80.63016510009766,35.668148040771484,44.0,62.0,79.0,96.0,114.0,210.4400177001953,51.23085403442383,137.0,201.0,226.0,240.0,251.0,-85.9168472290039,238.94700622558594,-424.0,-56.0,7.0,32.0,48.0,225.24688720703125,127.71807098388672,71.0,114.0,223.0,328.0,409.0,7.4966607093811035,13.51132583618164,-9.0,-1.0,7.0,16.0,25.0
s0600,22.187068939208984,34.73511505126953,-12.0,4.0,21.0,39.0,56.0,232.05458068847656,223.55743408203125,1.0,87.0,186.0,316.0,504.0,377.11871337890625,295.7146301269531,97.0,164.0,269.0,532.0,848.0,367.8666076660156,288.7486572265625,98.0,158.0,263.0,517.0,824.0,82.74617767333984,22.16814422607422,55.0,70.0,84.0,97.0,109.0,-134.3352508544922,373.565185546875,-954.0,-70.0,45.0,75.0,97.0,76.0457534790039,24.880868911743164,44.0,60.0,77.0,93.0,107.0,399.92999267578125,261.7994689941406,173.0,220.0,302.5,491.0,807.0,106.17024993896484,28.87203025817871,69.0,91.0,110.0,125.0,138.0,108.54367065429688,28.3577823638916,71.0,94.0,112.0,128.0,141.0,97.71916961669922,22.36988067626953,70.0,84.0,99.0,112.0,125.0,91.99874877929688,29.206905364990234,56.0,72.0,91.0,112.0,131.0,99.62531280517578,28.698225021362305,63.0,83.0,102.0,119.0,134.0,-87.16535186767578,260.60687255859375,-522.4,-29.0,19.0,43.0,63.0,97.1617202758789,31.43720054626465,59.0,81.0,102.0,118.0,131.0,44.32280349731445,36.3188362121582,-3.0,15.0,43.0,74.0,93.0
s0601,18.482879638671875,99.00811767578125,-107.0,-46.0,18.0,83.0,143.0,147.8362579345703,268.09185791015625,-129.0,-36.0,90.0,272.0,504.0,274.8951721191406,366.59967041015625,-72.0,25.0,164.0,418.0,838.0,274.72235107421875,380.73699951171875,-87.0,13.0,156.0,433.0,865.0,,,,,,,,,,,,,,,,,,,,,,,,,,,,,,,,,,,,,,,,,,,,,,,,,,,,,,,,,,,,,,,,,,,,,,,,,,,,,,,,,,,,
s0602,5.139410018920898,36.88505935668945,-42.0,-6.0,10.0,25.0,43.0,623.58544921875,247.72605895996094,288.0,427.0,635.0,819.0,946.0,827.6200561523438,310.8277587890625,386.0,589.0,862.0,1083.0,1208.0,891.3668212890625,321.468994140625,410.0,672.0,966.0,1133.0,1259.0,99.04610443115234,22.185163497924805,78.0,96.0,104.0,111.0,117.0,-35.57025909423828,231.84230041503906,-202.29999999999927,1.0,39.0,65.0,79.0,84.7027816772461,25.45036506652832,51.0,76.0,89.0,99.0,109.0,815.8604125976562,260.0766906738281,456.0,625.0,841.0,1014.0,1142.0,141.228271484375,32.162261962890625,95.0,131.0,151.0,162.0,171.0,143.4093475341797,35.08931350708008,90.0,134.0,155.0,166.0,175.0,83.51350402832031,20.109777450561523,66.0,77.0,85.0,93.0,102.0,109.2240982055664,30.28278350830078,75.0,94.0,108.0,124.0,150.0,164.0382080078125,45.656944274902344,102.0,144.0,170.0,195.0,215.0,-35.20162582397461,120.89611053466797,-189.0,-67.0,0.0,38.0,67.0,156.7663116455078,54.15816879272461,87.0,122.0,165.0,196.0,220.0,10.037432670593262,11.96509838104248,-3.0,2.0,10.0,17.0,25.0
s0603,19.600034713745117,22.220781326293945,-5.0,7.0,20.0,34.0,47.0,175.61155700683594,192.8966064453125,-12.0,39.0,124.0,256.0,436.0,293.63995361328125,249.0152130126953,53.0,112.0,215.0,411.0,666.0,303.12646484375,254.8384246826172,54.0,116.0,224.0,430.0,684.0,90.31733703613281,33.05558395385742,52.900000000000546,72.0,91.0,112.0,130.0,-17.149343490600586,217.11265563964844,-76.0,17.0,47.0,65.0,79.0,85.8275146484375,36.12527084350586,45.0,71.0,90.0,105.0,118.0,260.1501159667969,218.56248474121094,56.0,97.0,198.0,351.0,563.0,104.37002563476562,43.0467529296875,42.0,73.0,114.0,137.0,153.0,105.46453094482422,47.59920883178711,37.0,69.0,116.0,143.0,160.0,69.11055755615234,19.644245147705078,47.0,59.0,71.0,81.0,91.0,49.781394958496094,31.24060821533203,17.0,32.0,47.0,64.0,83.0,368.933837890625,136.83966064453125,194.0,337.0,385.0,409.0,435.0,-3.6666667461395264,134.2752685546875,-45.0,2.0,29.0,49.0,66.0,265.17999267578125,150.68280029296875,73.0,123.0,276.0,379.0,452.0,15.0565767288208,19.7233943939209,-6.0,4.0,14.0,26.0,36.0
s0604,,,,,,,,,,,,,,,,,,,,,,,,,,,,,96.7894287109375,93.60688781738281,-22.0,34.0,97.0,159.0,217.0,-172.15972900390625,410.8440856933594,-968.0,-162.0,2.0,86.0,155.0,73.6164321899414,111.1716079711914,-67.0,0.0,73.0,147.0,212.0,,,,,,,,,,,,,,,,,,,,,,66.28688049316406,92.0357894897461,-49.0,6.0,66.0,126.0,183.0,69.24166107177734,102.8720932006836,-56.0,2.0,64.0,133.0,201.0,297.4445495605469,110.15509796142578,143.0,242.0,313.0,370.0,421.0,-20.88841438293457,223.68133544921875,-147.0,-39.0,27.0,84.0,138.0,136.67144775390625,104.38743591308594,12.0,66.0,128.0,200.0,278.0,,,,,,,
s0605,,,,,,,,,,,,,,,,,,,,,,,,,,,,,66.23438262939453,21.325231552124023,40.0,54.0,67.0,80.0,91.0,48.861366271972656,15.213422775268555,31.0,40.0,49.0,58.0,68.0,,,,,,,,,,,,,,,,,,,,,,,,,,,,,73.32882690429688,19.661985397338867,46.0,59.0,76.0,89.0,97.0,83.3294677734375,43.68044662475586,47.0,58.0,69.0,89.0,156.0,351.316162109375,171.33242797851562,152.0,254.0,360.0,410.0,461.0,65.7113037109375,24.16851234436035,38.0,51.0,65.0,82.0,96.0,256.4872741699219,133.9375762939453,92.0,126.0,253.0,381.0,427.0,,,,,,,
s0606,,,,,,,,,,,,,,,,,,,,,,,,,,,,,46.45454406738281,33.430294036865234,4.0,26.0,48.0,68.0,87.0,-64.92987060546875,264.64971923828125,-256.0,-17.0,18.0,46.0,68.0,53.98146057128906,43.827659606933594,-3.0,30.0,59.0,84.0,104.0,,,,,,,,54.52733612060547,37.041412353515625,7.0,31.0,56.0,79.0,100.0,53.135467529296875,39.614295959472656,1.0,27.0,55.0,80.0,103.0,50.2785758972168,30.747783660888672,12.0,31.0,51.0,70.0,88.0,42.95049285888672,34.71669006347656,0.0,21.0,43.0,65.0,86.0,239.10731506347656,95.63671112060547,140.0,207.0,243.0,271.0,298.0,15.856302261352539,67.47846221923828,-35.0,-3.0,24.0,48.0,70.0,144.23583984375,74.07807922363281,53.0,88.0,135.0,203.0,248.0,29.006113052368164,29.317188262939453,-6.0,8.0,28.0,48.0,68.0
s0607,17.060091018676758,63.319087982177734,-27.0,-4.0,16.0,36.0,54.0,193.46578979492188,208.54074096679688,-2.0,45.0,138.0,273.0,481.0,331.9609069824219,260.7115478515625,67.0,134.0,253.0,477.0,728.0,331.9752502441406,263.00482177734375,64.0,131.0,254.0,482.0,735.0,102.02890014648438,27.266225814819336,70.0,89.0,105.0,119.0,132.0,-7.0293192863464355,263.7769775390625,-165.0,39.0,78.0,102.0,119.0,78.81069946289062,42.710784912109375,36.0,61.0,81.0,98.0,113.0,290.41192626953125,229.10955810546875,89.0,126.0,212.0,378.0,630.0,130.02442932128906,42.9111442565918,70.0,100.0,139.0,162.0,178.0,126.40925598144531,41.6949348449707,67.0,98.0,135.0,158.0,173.0,81.01863098144531,24.644004821777344,53.0,68.0,82.0,96.0,109.0,97.4781265258789,47.70519256591797,33.0,62.0,101.0,133.0,158.0,105.9046401977539,46.15378189086914,44.0,84.0,111.0,129.0,148.0,4.046842575073242,125.81133270263672,-58.0,1.0,32.0,58.0,79.0,87.80593872070312,115.32537841796875,53.0,83.0,102.0,118.0,131.0,39.48393630981445,31.260889053344727,1.0,16.0,36.0,60.75,83.0
s0608,,,,,,,,,,,,,,,,,,,,,,,,,,,,,31.808679580688477,41.162506103515625,-20.0,5.0,33.0,59.0,83.0,24.745874404907227,49.87900161743164,-36.0,-6.0,25.0,57.0,86.0,,,,,,,,,,,,,,,,,,,,,,,,,,,,,46.9409065246582,45.19395446777344,-9.0,17.0,47.0,77.0,104.0,36.40845489501953,42.64716339111328,-17.0,10.0,37.0,63.0,88.0,44.082149505615234,38.868980407714844,2.0,24.0,45.0,65.0,83.0,2.0168190002441406,117.8786849975586,-46.0,-9.0,22.0,48.0,71.0,40.2719612121582,34.2381591796875,-1.0,19.0,41.0,62.0,82.0,,,,,,,
s0610,,,,,,,,,,,,,,,,,,,,,,,,,,,,,,,,,,,,,,,,,,,,,,,,,,,,,,,,,,,,,,,,,,,,,,,,,,,,,,,,,,,,,269.5711669921875,84.11558532714844,175.0,235.0,277.0,312.0,339.0,-13.598735809326172,170.12571716308594,-114.89999999999998,-12.0,28.0,63.0,91.90000000000009,278.1060791015625,55.121803283691406,216.0,258.0,287.0,312.0,333.0,,,,,,,
s0611,25.74275779724121,64.85350036621094,-46.0,-10.0,26.0,62.0,94.0,135.89051818847656,272.5416259765625,-103.0,-45.0,51.0,227.0,492.0,295.57183837890625,400.8169250488281,-51.0,24.0,143.0,441.0,958.0,300.8212585449219,413.86456298828125,-52.0,22.0,137.0,453.0,992.0,,,,,,,,,,,,,,,,,,,,,,,,,,,,,,,,,,,,,,,,,,,,,,,,,,,,,,,,,,,,,,,,,,,,,,,,,,,,,,,,,,,,
s0612,-1.2720363140106201,43.628570556640625,-65.0,-23.0,5.0,28.0,47.0,221.98280334472656,195.85418701171875,15.0,84.0,182.0,319.0,475.0,359.85113525390625,313.3417053222656,56.0,122.0,259.0,520.0,834.0,350.4834899902344,318.3731689453125,56.0,117.0,238.0,501.0,840.0,110.6736831665039,33.54714584350586,77.0,101.0,116.0,130.0,142.0,32.1673698425293,179.57369995117188,-4.0,40.0,70.0,94.0,113.0,66.14283752441406,39.54475402832031,16.0,46.0,71.0,92.0,111.0,476.0415954589844,264.5472106933594,176.0,274.0,426.0,629.0,854.0,128.1436309814453,53.87165451049805,57.0,93.0,136.0,169.0,191.0,130.0966796875,54.04965591430664,58.0,94.0,137.0,171.0,193.0,72.27285766601562,30.339248657226562,39.0,55.0,71.0,88.0,106.0,132.69822692871094,45.3513069152832,75.0,102.0,133.0,167.0,190.0,189.1754913330078,110.4297103881836,114.0,159.0,184.0,203.0,219.0,31.31809425354004,63.00143814086914,-18.0,15.0,41.0,62.0,81.0,151.53408813476562,47.82587432861328,88.0,128.0,163.0,183.0,199.0,12.146785736083984,27.960405349731445,-19.0,-4.0,11.0,28.0,46.0
s0613,10.151703834533691,31.313411712646484,-26.0,-6.0,12.0,30.0,47.0,271.1131286621094,293.6175842285156,-38.0,42.0,197.0,432.0,694.0,409.59698486328125,358.2759704589844,30.0,125.0,302.0,638.0,977.0,378.8162841796875,351.32366943359375,18.0,97.0,266.0,602.0,931.0,98.64759826660156,27.76941680908203,67.0,85.0,101.0,116.0,130.0,5.8497467041015625,203.22549438476562,-33.0,21.0,55.0,83.0,106.0,59.55025100708008,41.351016998291016,4.0,34.0,64.0,89.0,108.0,338.5871276855469,286.36260986328125,54.0,117.0,261.0,483.0,759.0,122.23942565917969,38.33172607421875,72.0,99.0,128.0,150.0,166.0,117.52835845947266,41.22353744506836,63.0,93.0,124.0,147.0,163.0,115.73341369628906,27.72422981262207,84.0,101.0,117.0,133.0,148.0,107.83456420898438,30.294788360595703,70.0,89.0,108.0,127.0,146.0,148.33963012695312,58.5153923034668,87.0,130.0,156.0,173.0,186.0,-26.074390411376953,192.58995056152344,-205.0,-14.0,31.0,63.0,88.0,130.94203186035156,41.591732025146484,77.0,108.0,138.0,160.0,176.0,19.92128562927246,24.49898910522461,-10.0,3.0,18.0,35.0,52.0
s0614,13.131319999694824,59.16411209106445,-62.0,-23.0,14.0,52.0,86.0,168.1464080810547,264.3642578125,-79.0,-8.0,95.0,265.0,520.0,259.9532165527344,333.8074951171875,-28.0,44.0,148.0,364.0,761.0,254.30430603027344,337.8182067871094,-40.0,34.0,139.0,363.0,767.0,,,,,,,,,,,,,,,,,,,,,,,,,,,,,,,,,,,,,,,,,,,,,,,,,,42.234962463378906,59.59227752685547,-32.9,0.0,41.0,79.25,117.90000000000003,,,,,,,,,,,,,,,,,,,,,,,,,,,,
s0615,,,,,,,,,,,,,,,,,,,,,,,,,,,,,65.00677490234375,21.851884841918945,38.0,53.0,66.0,79.0,91.0,-11.05082893371582,227.26141357421875,-39.0,25.0,50.0,71.0,88.0,43.174171447753906,32.60421371459961,0.0,23.0,46.0,66.0,83.0,309.8209533691406,222.4065704345703,98.0,146.0,247.0,408.0,623.0,91.43537139892578,40.226226806640625,52.0,74.0,92.0,110.0,125.0,89.95429229736328,38.3486213684082,50.0,73.0,92.0,109.0,124.0,64.87642669677734,22.43840217590332,38.0,53.0,66.0,80.0,91.0,71.31575775146484,24.61670684814453,41.0,56.0,72.0,88.0,101.0,109.37757873535156,169.67176818847656,35.0,54.0,72.0,91.0,128.0,39.84233474731445,31.574642181396484,-1.0,22.0,44.0,62.0,76.0,60.51323318481445,26.78558921813965,28.0,49.0,65.0,77.0,89.0,23.822303771972656,24.04696273803711,-5.5,7.0,22.0,39.0,55.5
s0616,12.564910888671875,22.522390365600586,-8.0,10.0,17.0,23.0,30.0,185.5819854736328,157.3621826171875,24.0,79.0,154.0,253.0,386.0,317.2717590332031,188.137939453125,126.0,184.0,273.0,408.0,576.0,309.58197021484375,190.06871032714844,117.0,173.0,264.0,400.0,575.0,111.31185913085938,29.690494537353516,72.0,102.0,119.0,130.0,138.0,-226.61569213867188,393.1424255371094,-946.0,-461.0,-8.0,25.0,48.0,55.49361038208008,23.21685791015625,26.0,43.0,57.0,70.0,81.0,301.51593017578125,172.53089904785156,144.0,179.0,250.0,371.0,533.0,150.9145050048828,42.00447463989258,93.0,119.0,160.0,186.0,198.0,148.3215789794922,45.05158996582031,87.0,114.0,157.0,186.0,200.0,76.99625396728516,18.409557342529297,56.0,67.0,78.0,88.0,99.0,99.9480972290039,31.196914672851562,65.0,79.0,97.0,119.0,140.0,234.3404083251953,43.5086784362793,170.0,223.0,246.0,261.0,273.0,-10.787833213806152,148.0713348388672,-86.0,-3.0,30.0,53.0,69.0,151.80052185058594,52.25481414794922,85.0,118.0,156.0,186.0,221.0,-3.083634614944458,19.381385803222656,-26.0,-13.0,-1.0,9.0,19.0
s0617,23.611652374267578,29.548124313354492,-8.0,6.0,24.0,45.0,59.0,238.89767456054688,239.73812866210938,-13.0,61.0,188.0,357.0,545.0,386.92034912109375,307.67620849609375,78.0,150.0,290.0,568.0,853.0,387.14825439453125,312.11456298828125,71.0,146.0,289.0,575.0,857.0,97.25051879882812,20.34341812133789,75.0,87.0,98.0,110.0,120.0,10.277769088745117,183.1161346435547,-21.0,32.0,53.0,71.0,86.0,72.51972961425781,26.770404815673828,41.0,60.0,75.0,89.0,102.0,349.7253723144531,242.37466430664062,117.0,166.0,287.0,454.5,679.0,127.08426666259766,28.59432601928711,94.0,117.0,132.0,145.0,155.0,122.57251739501953,30.724123001098633,85.0,111.0,128.0,142.0,153.0,72.29950714111328,22.138444900512695,48.0,60.0,72.0,84.0,97.0,96.79353332519531,24.471492767333984,67.0,82.0,97.0,112.0,128.0,113.78467559814453,29.350177764892578,78.0,104.0,120.0,131.0,141.0,30.6046085357666,94.77780151367188,-3.0,30.0,49.0,64.0,78.0,107.3180160522461,30.26118278503418,70.0,94.0,113.0,127.0,138.0,37.533103942871094,24.863176345825195,9.0,23.0,38.0,54.0,68.0
s0618,,,,,,,,,,,,,,,,,,,,,,,,,,,,,106.48242950439453,82.97380828857422,1.0,52.0,107.0,161.0,212.0,-68.84170532226562,295.1845703125,-430.0,-75.0,12.0,86.0,149.0,72.47632598876953,96.43573760986328,-48.0,8.0,72.0,136.0,196.0,,,,,,,,134.00013732910156,97.01103210449219,9.0,71.0,135.0,198.0,257.0,130.01498413085938,97.89274597167969,4.0,66.0,133.0,197.0,253.0,108.15032958984375,86.45803833007812,0.0,52.0,108.0,165.0,218.0,143.51853942871094,86.88407897949219,32.0,92.0,148.0,199.0,246.0,173.27479553222656,157.40505981445312,52.0,109.0,160.0,207.0,256.0,-14.669814109802246,193.79844665527344,-150.0,-42.0,26.0,82.0,132.39999999999964,128.40994262695312,74.76396179199219,31.0,81.0,132.0,179.0,220.0,23.37322998046875,80.42454528808594,-83.0,-27.0,23.0,80.0,122.0
s0619,-26.46299934387207,115.67439270019531,-111.0,-57.0,1.0,30.0,60.0,244.33729553222656,186.32249450683594,41.0,119.0,208.0,329.0,481.0,443.80023193359375,434.1363220214844,122.0,208.0,330.0,521.0,816.0,442.1984558105469,426.18011474609375,119.0,213.0,334.0,519.0,807.0,117.55643463134766,22.363374710083008,87.0,112.0,123.0,131.0,138.0,-135.05422973632812,369.6363220214844,-971.0,-126.0,33.0,83.0,121.0,97.17388153076172,27.80621910095215,62.0,80.0,98.0,115.0,131.0,482.0251159667969,273.1480407714844,180.0,263.0,414.0,656.25,904.0,142.97341918945312,37.35753631591797,92.0,122.0,151.0,171.0,182.0,146.38836669921875,35.12910079956055,97.0,125.0,154.0,174.0,184.0,98.16629791259766,19.943788528442383,80.0,92.0,101.0,108.0,115.0,122.66570281982422,23.357858657836914,92.0,108.0,124.0,139.0,151.0,196.36111450195312,55.466331481933594,134.0,174.0,199.0,222.0,236.0,36.66058349609375,104.67201232910156,-52.0,41.0,65.0,82.0,100.0,149.44937133789062,41.88486099243164,99.0,129.0,155.0,175.0,190.0,41.41352844238281,22.378538131713867,14.0,24.0,40.0,56.0,72.0
s0620,3.9277114868164062,37.22684097290039,-39.0,-11.0,8.0,25.0,41.0,271.3968811035156,223.51116943359375,42.0,114.0,216.0,367.0,584.0,371.33404541015625,289.5397033691406,80.0,152.0,282.0,526.0,830.0,415.1468200683594,546.3011474609375,59.0,128.0,256.0,493.0,849.0,42.73545837402344,18.2759952545166,20.0,31.0,43.0,55.0,65.0,-32.61480712890625,223.22506713867188,-31.0,6.0,27.0,43.0,57.0,33.12810134887695,25.6911678314209,0.0,17.0,34.0,50.0,65.0,360.4475402832031,263.7209777832031,111.0,165.0,272.0,481.0,757.0,26.69972038269043,22.898834228515625,0.0,13.0,27.0,41.0,54.0,26.714252471923828,20.39671516418457,1.0,13.0,27.0,40.0,52.0,47.38575744628906,19.786073684692383,23.0,35.0,48.0,60.0,71.0,31.431711196899414,22.472469329833984,2.0,18.0,33.0,46.0,58.0,44.35474395751953,76.23761749267578,4.0,19.0,34.0,50.0,69.0,14.666435241699219,67.25574493408203,-17.0,4.0,23.0,41.0,56.0,32.106300354003906,22.674901962280273,12.0,24.0,34.0,44.0,52.0,21.374420166015625,20.38722801208496,-3.0,8.0,21.0,35.0,47.0
s0621,7.946280002593994,30.769306182861328,-36.0,-1.0,14.0,27.0,39.0,191.64344787597656,190.37713623046875,-1.0,50.0,148.0,279.0,447.0,273.5204772949219,211.4764404296875,48.0,116.0,224.0,385.0,577.0,294.51593017578125,235.50897216796875,46.0,117.0,236.0,418.0,636.0,84.22541046142578,27.729394912719727,46.0,77.0,91.0,101.0,110.0,-8.624857902526855,214.6513671875,-54.0,19.0,52.0,74.0,89.0,18.272153854370117,39.258548736572266,-34.0,-10.0,19.0,48.0,69.0,237.9911651611328,223.3672637939453,14.0,66.0,183.0,343.0,537.0,116.84392547607422,44.94730758666992,52.0,81.0,128.0,154.0,167.0,108.68171691894531,47.708335876464844,40.0,71.0,120.0,149.0,162.0,80.98531341552734,23.194887161254883,58.0,72.0,83.0,94.0,104.0,82.38621520996094,32.213199615478516,41.0,61.0,84.0,105.0,122.0,180.8883056640625,49.612213134765625,105.0,166.0,196.0,212.0,223.0,-27.332826614379883,193.54127502441406,-170.39999999999986,0.0,35.0,55.0,69.0,159.1612548828125,67.29139709472656,73.0,108.0,166.0,213.0,240.0,,,,,,,
s0622,,,,,,,,,,,,,,,,,,,,,,,,,,,,,,,,,,,,,,,,,,,,,,,,,,,,,,,,,,,,,,,,,,,,,,,,,,,,,,,,,,,,,120.26824188232422,69.4324722290039,87.0,104.0,119.0,132.0,145.0,39.573570251464844,131.42495727539062,-0.2999999999999545,34.0,59.0,79.0,97.0,,,,,,,,,,,,,,
s0623,21.530406951904297,42.043907165527344,-2.0,8.0,19.0,31.0,44.0,370.50830078125,264.8677978515625,117.0,173.0,285.0,500.0,769.0,465.03863525390625,331.140380859375,146.0,211.0,347.0,659.0,994.0,468.1623840332031,333.9627380371094,147.0,214.0,349.0,660.0,1002.0,81.21248626708984,21.33099937438965,59.0,71.0,83.0,93.0,103.0,-34.48579406738281,275.6415710449219,-175.0,21.0,52.0,74.0,91.0,77.86402893066406,23.749906539916992,49.0,64.0,79.0,92.0,106.0,493.162841796875,321.2074890136719,169.0,232.0,402.0,670.0,1007.0,104.90037536621094,27.01090431213379,71.0,90.0,108.0,123.0,136.0,102.6541976928711,27.450408935546875,67.0,86.0,105.0,122.0,135.0,89.83476257324219,21.63291358947754,63.0,77.0,90.0,103.0,116.0,96.81233215332031,30.317550659179688,59.0,76.0,95.0,119.0,137.0,132.44346618652344,77.40626525878906,88.0,111.0,125.0,137.0,150.0,-70.1529312133789,298.4608459472656,-575.0,-7.25,54.0,78.0,98.0,111.00106811523438,29.79548454284668,80.0,98.0,116.0,129.0,139.0,45.959041595458984,31.662878036499023,12.0,28.0,45.0,62.0,81.59999999999991
s0624,9.943000793457031,29.06708335876465,-28.0,-6.0,13.0,30.0,43.0,203.38058471679688,182.13800048828125,0.0,65.0,176.0,297.0,443.0,375.97735595703125,232.14263916015625,116.0,201.0,329.0,511.0,717.0,370.7173156738281,231.88320922851562,114.0,193.0,323.0,506.0,712.0,51.454219818115234,26.179059982299805,21.0,40.0,55.0,68.0,79.0,-19.607160568237305,167.37832641601562,-36.0,-6.0,13.0,33.0,52.0,48.74183654785156,33.09373474121094,5.0,29.0,52.0,71.0,87.0,337.6832580566406,199.88787841796875,123.0,172.0,298.0,458.0,623.0,57.66339111328125,36.89595031738281,8.0,31.25,61.0,85.0,103.0,52.24598693847656,36.32603073120117,3.0,26.0,54.0,80.0,98.0,50.34819793701172,20.599916458129883,26.0,40.0,52.0,63.0,74.0,54.089420318603516,45.85022735595703,10.0,27.0,46.0,69.0,104.0,266.191650390625,99.72753143310547,155.0,231.0,268.0,291.0,330.0,2.305891752243042,101.65940856933594,-51.09999999999991,-7.0,21.0,44.0,64.0,186.5876007080078,94.74942779541016,67.0,94.0,207.0,254.0,304.0,15.930243492126465,15.974883079528809,-4.0,5.0,16.0,26.0,36.0
s0625,10.181021690368652,34.566375732421875,-51.0,7.0,20.0,32.0,42.0,189.44631958007812,153.30770874023438,28.0,80.0,158.0,261.0,391.0,343.8210144042969,227.89793395996094,106.0,176.0,285.0,454.0,686.0,343.8861999511719,232.66261291503906,100.0,171.0,285.0,459.0,692.0,86.42015075683594,24.064544677734375,53.0,85.0,94.0,100.0,105.0,-51.60714340209961,260.98455810546875,-196.0,7.0,29.0,52.0,66.0,73.2104263305664,26.913036346435547,34.0,63.0,81.0,91.0,98.0,295.94482421875,221.4747772216797,110.0,141.0,215.0,367.0,636.0,125.95755767822266,30.521862030029297,79.0,115.0,137.0,146.0,152.0,122.6910171508789,32.857425689697266,72.0,109.0,135.0,145.0,152.0,62.24958801269531,18.50665855407715,45.0,54.0,62.0,71.0,81.0,94.85041046142578,24.11859893798828,68.0,83.0,95.0,109.0,126.0,115.61328887939453,28.62688446044922,76.0,109.0,124.0,134.0,140.0,12.057408332824707,111.14696502685547,-49.0,14.0,44.0,58.0,69.0,102.63109588623047,35.06298065185547,66.0,90.0,111.0,125.0,133.0,14.415473937988281,18.2816104888916,-3.0,6.0,15.0,24.0,36.0
s0626,16.672109603881836,39.93098449707031,-30.0,-6.0,16.0,40.0,66.0,216.21890258789062,192.83053588867188,30.0,79.0,164.0,302.0,476.0,405.0661315917969,283.4474792480469,121.0,190.0,317.0,562.0,845.0,427.6762390136719,291.1966857910156,122.0,194.0,346.0,613.0,877.0,104.54235076904297,27.071578979492188,73.0,90.0,107.0,122.0,136.0,-34.99750900268555,297.0453186035156,-513.0,38.0,71.0,93.0,111.0,88.3956298828125,33.20240783691406,48.0,69.0,90.0,110.0,128.0,355.6407470703125,245.27725219726562,138.0,181.0,276.0,446.0,715.2000000000007,130.01370239257812,52.56016540527344,54.0,93.0,141.0,170.0,190.0,128.60255432128906,53.550724029541016,51.0,90.0,141.0,170.0,189.0,112.6446762084961,28.342403411865234,79.0,96.0,113.0,130.0,146.0,104.62726593017578,39.56423568725586,55.0,76.0,102.0,132.0,158.0,128.38270568847656,47.304805755615234,78.0,111.0,134.0,151.0,166.0,-0.4333954453468323,141.5818328857422,-54.0,3.0,33.0,57.0,79.0,127.17129516601562,41.505958557128906,75.0,104.0,132.0,155.0,174.0,44.11989974975586,27.771883010864258,10.0,25.0,43.0,62.0,80.0
s0627,,,,,,,,,,,,,,,,,,,,,,,,,,,,,,,,,,,,,,,,,,,,,,,,,,,,,,,,,,,,,,,,,,,,,,,,,,,,,,,,,,,,,485.4744873046875,190.51638793945312,320.0,445.0,485.0,512.0,546.0,45.40043640136719,35.06943893432617,7.0,25.25,46.0,66.0,85.0,437.36859130859375,50.90665054321289,391.0,429.0,448.0,466.0,479.0,,,,,,,
s0628,86.11528015136719,39.61764144897461,33.0,72.0,100.0,111.0,118.0,184.61721801757812,155.9950714111328,21.0,74.0,153.0,258.0,393.0,279.4202575683594,213.07366943359375,76.0,127.0,216.0,372.0,585.0,273.01422119140625,200.97250366210938,77.0,130.0,217.0,363.0,554.0,83.2734375,20.305517196655273,59.0,80.0,88.0,95.0,100.0,-1.4829635620117188,160.45257568359375,-13.0,14.0,30.0,54.0,70.0,79.6522216796875,18.402362823486328,57.0,72.0,83.0,91.0,98.0,322.7143249511719,195.1572723388672,130.0,178.0,270.0,411.0,595.0,136.2832794189453,28.850435256958008,94.0,126.0,144.0,155.0,164.0,134.2257843017578,32.21519088745117,87.0,123.0,144.0,155.0,163.0,100.4942626953125,14.929112434387207,87.0,96.0,102.0,108.0,114.0,108.075927734375,14.825182914733887,93.0,100.0,108.0,116.0,127.0,127.76475524902344,49.4305305480957,94.0,121.0,131.0,137.0,142.0,13.99936580657959,101.79509735107422,-53.0,26.0,44.0,55.0,64.0,109.08283996582031,27.54947853088379,76.0,96.0,117.0,128.0,134.0,61.36280822753906,15.645075798034668,41.0,51.0,62.0,73.0,80.0
s0629,23.572975158691406,29.314069747924805,-8.0,11.0,27.0,42.0,55.0,158.49264526367188,205.361572265625,-49.0,8.5,116.0,239.0,423.0,289.5405578613281,285.1856384277344,15.0,69.0,193.0,449.0,734.0,258.33099365234375,283.1712341308594,5.0,54.0,149.0,390.0,703.0,,,,,,,,-130.60040283203125,362.4591064453125,-993.0,-9.0,21.0,46.0,69.0,62.45430374145508,23.711912155151367,34.0,49.0,65.0,78.0,90.0,283.5350646972656,261.01397705078125,28.0,84.0,207.0,413.0,679.0,81.9296646118164,28.00554847717285,52.0,71.0,86.0,99.0,110.0,80.71438598632812,28.707162857055664,49.0,70.0,85.0,98.0,109.0,85.30497741699219,21.814632415771484,62.0,75.0,87.0,99.0,109.0,77.73474884033203,23.922523498535156,48.0,63.0,79.0,93.0,106.0,80.67042541503906,21.04477882385254,54.0,70.0,83.0,94.0,104.0,8.928609848022461,160.31129455566406,-17.0,25.0,46.0,63.0,79.0,75.61685943603516,37.33627700805664,48.0,65.0,79.0,93.0,104.0,,,,,,,
s0632,,,,,,,,,,,,,,,,,,,,,,,,,,,,,44.9240608215332,27.000293731689453,11.0,34.0,49.0,62.0,73.0,-39.73740768432617,241.66148376464844,-144.0,9.0,36.0,53.0,67.0,21.570083618164062,35.51385498046875,-27.0,0.0,25.0,46.0,63.0,,,,,,,,,,,,,,,50.424827575683594,27.354629516601562,13.0,35.0,54.0,70.0,82.0,31.296464920043945,21.814237594604492,5.0,18.0,32.0,45.0,57.0,38.326507568359375,25.939498901367188,7.0,23.0,39.0,54.0,71.0,243.55343627929688,125.72434997558594,131.0,212.0,242.0,259.0,281.0,-140.38514709472656,326.2308044433594,-800.8,-143.0,15.0,46.0,69.0,164.8688507080078,93.97506713867188,52.0,88.0,158.0,236.0,286.0,,,,,,,
s0633,8.02473258972168,33.14766311645508,-33.0,-12.0,8.0,30.0,49.0,,,,,,,,582.509033203125,776.8241577148438,48.0,120.0,283.0,702.0,1293.0,,,,,,,,,,,,,,,,,,,,,,,,,,,,,,,,,,,,,,,,,,,,,,,,,,,,,,,,,,,,,,,,,,,,,,,,,,,,,,,,,,,,,,,,,,,
s0635,-0.5459826588630676,20.55980682373047,-18.0,-9.0,0.0,8.0,18.0,117.75015258789062,191.29061889648438,-54.0,-21.0,57.0,198.0,371.0,274.2650146484375,286.92254638671875,7.0,58.0,169.0,421.0,719.0,282.8771057128906,287.7865295410156,9.0,65.0,179.0,436.0,740.0,91.6494369506836,22.194875717163086,70.0,85.0,95.0,104.0,113.0,54.7894172668457,96.53953552246094,35.0,52.0,68.0,80.0,91.0,78.10478210449219,24.05706214904785,50.0,67.0,81.0,93.0,104.0,210.63302612304688,213.66839599609375,17.0,53.0,145.0,300.0,506.0,127.29553985595703,29.010786056518555,90.0,118.0,133.0,145.0,155.0,125.58412170410156,30.376598358154297,85.0,117.0,133.0,144.0,154.0,99.67342376708984,19.073707580566406,79.0,90.0,101.0,111.0,120.0,108.05941772460938,36.33808898925781,67.0,81.0,101.0,133.0,164.0,125.87394714355469,32.08793640136719,95.0,119.0,131.0,141.0,148.0,3.5076725482940674,171.98419189453125,-19.0,24.0,44.0,60.0,73.0,111.1597900390625,34.25910186767578,71.0,96.0,119.0,133.0,143.0,18.77137565612793,19.427034378051758,-2.0,6.0,17.0,30.0,43.0
s0636,7.509450912475586,28.570358276367188,-25.0,-8.0,8.0,25.0,41.0,257.0874938964844,218.04913330078125,50.0,107.0,197.0,344.0,547.0,395.8485412597656,291.9817810058594,112.0,178.0,301.0,555.0,842.0,410.6433410644531,310.6075439453125,112.0,178.0,304.0,577.0,887.0,168.8633270263672,43.961421966552734,110.0,143.0,175.0,199.0,219.0,-126.41645812988281,344.38946533203125,-946.0,-24.0,11.0,42.0,73.0,63.119483947753906,46.842472076416016,1.0,36.0,68.0,94.0,116.0,419.1126403808594,285.8171691894531,164.0,213.0,316.0,538.0,858.0,186.0337371826172,70.22136688232422,81.0,131.0,205.0,240.0,263.0,173.40904235839844,67.81523895263672,73.0,119.0,192.0,225.0,248.0,121.27710723876953,32.74382019042969,82.0,101.0,121.0,142.0,161.0,85.2111587524414,49.55411911010742,28.0,50.0,80.0,113.0,150.0,422.6708984375,92.84668731689453,278.0,404.0,452.0,480.0,502.0,35.99335861206055,49.18659591674805,-13.0,14.0,40.0,63.5,85.0,358.72259521484375,148.1848907470703,133.0,258.0,382.0,461.0,543.0,,,,,,,
s0637,44.309967041015625,22.622987747192383,26.0,35.0,44.0,53.0,62.0,219.8127899169922,220.1602325439453,0.0,63.0,167.0,306.0,515.0,355.8572998046875,274.344482421875,88.0,155.0,268.0,493.0,785.0,349.70721435546875,269.11907958984375,89.0,152.0,261.0,487.0,770.0,85.90969848632812,24.498781204223633,57.0,75.0,89.0,101.0,112.0,58.458282470703125,58.01194381713867,21.0,47.0,67.0,82.0,94.0,76.84964752197266,25.955015182495117,45.0,65.0,79.0,92.0,105.0,350.56011962890625,246.8082275390625,119.0,167.0,270.0,458.0,729.0,111.72510528564453,39.26462173461914,59.0,83.0,122.0,142.0,154.0,100.99254608154297,40.69533157348633,47.0,73.0,110.0,133.0,146.0,95.99354553222656,18.04241371154785,77.0,88.0,97.0,106.0,114.0,89.72233581542969,22.993133544921875,62.0,75.0,90.0,106.0,118.0,169.95407104492188,57.25776672363281,120.0,159.0,175.0,187.0,197.0,-32.412776947021484,209.7494659423828,-231.0,8.0,39.0,57.0,70.0,111.79240417480469,30.713397979736328,75.0,97.0,115.0,131.0,146.0,,,,,,,
s0638,,,,,,,,,,,,,,,,,,,,,,,,,,,,,,,,,,,,,,,,,,,,,,,,,,,,,,,,,,,,,,,,,,,,,,,,,,,,,,,,,,,,,,,,,,,,13.903225898742676,90.02903747558594,-102.0,-43.0,14.0,74.0,130.20000000000005,,,,,,,,,,,,,,
s0639,-0.13151556253433228,17.514863967895508,-16.0,-7.0,0.0,8.0,17.0,191.72779846191406,134.24220275878906,52.0,102.0,164.0,247.0,371.0,328.0322265625,183.6818084716797,148.0,202.0,280.0,407.0,590.0,322.4752502441406,181.52101135253906,147.0,198.0,275.0,399.0,583.0,93.8678207397461,21.944860458374023,68.0,90.0,99.0,106.0,113.0,48.28447341918945,46.55411911010742,10.0,38.0,57.0,71.0,82.0,56.463619232177734,30.44881248474121,14.0,36.0,61.0,79.0,92.0,333.21966552734375,219.5404052734375,144.0,180.0,256.0,416.0,645.0,135.27947998046875,38.01008987426758,77.0,118.0,146.0,162.0,173.0,138.76661682128906,41.52701187133789,74.0,119.0,152.0,169.0,179.0,87.41490936279297,21.006261825561523,67.0,80.0,90.0,100.0,108.0,95.49505615234375,26.722278594970703,63.0,83.0,96.0,109.0,125.0,136.2435302734375,37.82672882080078,85.0,123.0,141.0,157.0,180.0,18.4129581451416,59.27006530761719,-28.0,6.0,31.0,49.0,63.0,151.395751953125,47.99002456665039,89.0,122.0,161.0,182.0,201.0,13.93123722076416,16.3348388671875,-5.0,3.0,13.0,23.0,34.0
s0640,,,,,,,,178.48736572265625,185.9047088623047,0.0,49.0,139.0,247.0,408.0,345.806396484375,280.0084533691406,87.0,151.0,250.0,460.0,759.0,337.3717956542969,279.8659362792969,87.0,146.0,239.0,440.0,753.0,,,,,,,,,,,,,,,,,,,,,,,,,,,,,,,,,,,,,,,,,,,,,,,,,,,,,,,,,,,,,,,,,,,,,,,,,,,,,,,,,,,,
s0641,,,,,,,,,,,,,,,,,,,,,,,,,,,,,89.74581146240234,38.8044319152832,44.0,64.0,87.0,114.0,141.0,27.051280975341797,96.21126556396484,-12.0,10.0,34.0,61.0,89.0,84.30224609375,36.30049514770508,38.0,63.0,87.0,108.0,127.0,,,,,,,,106.8556137084961,50.92505645751953,35.0,71.0,115.0,144.0,165.0,105.70948028564453,50.4668083190918,36.0,70.0,114.0,143.0,164.0,56.38760757446289,27.91292953491211,23.0,40.0,57.0,73.0,90.0,62.13288879394531,42.55573654174805,13.0,35.0,59.0,85.0,113.0,367.9578857421875,86.09442138671875,233.0,355.0,393.0,419.0,441.0,41.716732025146484,47.07577133178711,-6.0,19.0,44.0,69.0,90.0,260.7769470214844,121.64004516601562,92.0,160.0,266.0,365.0,419.0,12.512245178222656,22.330556869506836,-15.0,-2.0,12.0,27.0,41.0
s0642,,,,,,,,,,,,,,,,,,,,,,,,,,,,,,,,,,,,,,,,,,,,,,,,,,,,,,,,,,,,,,,,,,,,,,,,,,,,,,,,,,,,,,,,,,,,-220.02992248535156,404.0509948730469,-970.0,-488.0,12.0,69.0,92.0,,,,,,,,,,,,,,
s0643,,,,,,,,,,,,,,,,,,,,,,,,,,,,,,,,,,,,,,,,,,,,,,,,,,,,,,,,,,,,,,,,,,,,,,,,,,,,,,,,,,,,,205.13876342773438,186.05764770507812,-15.0,91.0,202.0,312.0,420.0,-60.77566909790039,267.8321533203125,-409.9,-157.0,-12.0,101.0,207.90000000000055,125.34618377685547,164.22718811035156,-79.79999999999995,20.0,126.0,229.0,331.0,,,,,,,
s0644,18.089712142944336,33.398284912109375,-25.0,0.0,22.0,40.0,56.0,188.5614776611328,160.74703979492188,37.0,79.0,148.0,253.0,388.0,342.5497741699219,272.9872741699219,94.0,147.0,252.0,456.0,747.0,324.2342224121094,266.6717834472656,86.0,137.0,236.0,426.0,709.0,103.49658966064453,20.206239700317383,81.0,93.0,105.0,116.0,126.0,-109.48099517822266,351.0571594238281,-965.0,-13.0,41.0,67.0,87.0,66.79093170166016,38.43248748779297,16.0,45.0,71.0,92.0,111.0,344.6656188964844,247.57705688476562,112.0,168.0,274.0,440.5,687.0,124.52935028076172,31.42942237854004,84.90000000000009,111.0,130.0,145.0,157.0,120.6971435546875,32.51935577392578,76.0,106.0,127.0,142.0,155.0,88.60417175292969,20.316036224365234,66.0,77.0,89.0,100.0,112.0,113.83320617675781,25.778461456298828,82.0,99.0,115.0,131.0,145.0,143.00950622558594,50.2574577331543,92.0,123.0,147.0,165.0,178.0,47.656402587890625,39.20194625854492,9.0,29.0,50.0,68.0,87.0,123.76526641845703,33.769561767578125,80.0,106.0,129.0,147.0,161.0,24.038999557495117,21.1584415435791,0.0,9.0,22.0,37.0,52.0
s0645,,,,,,,,,,,,,,,,,,,,,,,,,,,,,64.68602752685547,154.87643432617188,-129.0,-37.0,63.0,166.0,261.0,36.02507019042969,163.03575134277344,-169.0,-70.0,37.0,143.0,241.0,,,,,,,,,,,,,,,,,,,,,,,,,,,,,63.83085250854492,141.69125366210938,-113.0,-27.0,63.0,155.0,241.0,48.99074172973633,145.19146728515625,-127.0,-43.0,47.0,140.0,230.0,159.82342529296875,116.99458312988281,17.0,92.0,165.0,231.0,292.0,-49.41011428833008,245.04263305664062,-242.0,-84.0,4.0,80.0,148.0,71.42426300048828,116.05348205566406,-72.0,-3.0,70.0,145.0,218.0,,,,,,,
s0646,3.6296465396881104,28.698486328125,-25.0,-9.0,5.0,19.0,32.0,95.01424407958984,172.6368865966797,-66.0,-26.0,46.0,166.0,317.0,182.3919219970703,234.57017517089844,-23.0,22.0,103.0,266.0,521.0,155.6519012451172,231.27587890625,-45.0,-1.0,81.0,237.0,477.0,,,,,,,,,,,,,,,,,,,,,,,,,,,,,,,,,,,,,,,,,,,,,,,,,,,,,,,,,218.64016723632812,265.07891845703125,16.0,38.0,97.5,318.5,626.5999999999999,,,,,,,,,,,,,,,,,,,,,
s0647,9.00850772857666,72.77726745605469,-84.0,-37.0,11.0,57.0,99.0,245.57504272460938,200.78585815429688,18.0,112.0,220.0,351.0,509.0,368.1548767089844,268.0989990234375,70.0,180.0,318.0,522.0,759.0,387.5281066894531,267.7721252441406,91.0,195.0,335.0,541.0,783.0,36.715660095214844,106.46766662597656,-100.0,-33.0,37.0,106.0,171.3000000000011,8.639530181884766,115.54134368896484,-136.0,-66.0,10.0,83.0,154.0,24.27824592590332,99.66801452636719,-104.0,-41.0,26.0,90.0,149.10000000000036,341.9993591308594,255.73635864257812,72.0,165.0,290.0,463.0,713.0,31.04572105407715,112.56719207763672,-112.0,-43.0,30.5,105.0,173.0,29.49772071838379,109.02468872070312,-109.0,-42.0,29.0,101.0,168.0,41.39606475830078,108.92200469970703,-97.0,-30.0,41.0,113.0,180.0,36.57439422607422,103.95178985595703,-95.0,-31.0,36.0,105.0,169.0,42.82061004638672,105.30091857910156,-91.0,-26.0,43.0,112.0,176.0,,,,,,,,,,,,,,,,,,,,,
s0648,19.380756378173828,35.8976936340332,-24.0,0.0,17.0,46.0,67.0,151.1681671142578,163.6583251953125,-18.0,38.0,120.0,219.0,360.0,337.33782958984375,221.07325744628906,119.0,175.0,274.0,441.0,664.0,400.47235107421875,252.43772888183594,133.0,212.0,342.0,534.0,776.0,82.78434753417969,23.230621337890625,60.0,78.0,88.0,96.0,103.0,-24.585174560546875,194.62501525878906,-70.0,-2.0,26.0,48.0,65.0,51.36335754394531,31.6778564453125,6.0,33.0,57.0,73.0,86.0,243.64114379882812,128.84779357910156,113.0,146.0,218.0,304.0,411.0,105.70460510253906,35.15956497192383,56.0,83.0,114.0,133.0,144.0,101.11888885498047,36.953670501708984,49.0,77.0,109.0,130.0,142.0,80.70529174804688,21.18598175048828,61.0,72.0,82.0,92.0,101.0,101.7100601196289,28.26482582092285,67.0,90.0,105.0,117.0,131.0,186.93858337402344,49.059574127197266,115.0,174.0,199.0,215.0,228.0,-84.81956481933594,204.95907592773438,-379.0,-93.0,-6.0,32.0,55.0,143.02322387695312,54.535377502441406,74.0,101.0,152.0,190.0,205.0,13.136735916137695,15.517159461975098,-3.0,4.0,12.0,21.0,32.0
s0649,-2.255683422088623,18.679262161254883,-24.0,-13.0,-2.0,9.0,20.0,266.8336181640625,207.9633026123047,71.0,121.0,204.0,351.0,564.0,393.7895202636719,267.74871826171875,134.0,188.0,302.0,547.0,819.0,397.5266418457031,269.14508056640625,136.0,192.0,307.0,550.0,823.0,97.09928894042969,23.676956176757812,72.0,87.0,100.0,111.0,122.0,2.6195802688598633,133.89173889160156,-57.0,0.0,27.0,57.0,83.0,79.19487762451172,23.58269691467285,50.0,67.0,82.0,95.0,106.0,388.9906921386719,250.6424560546875,148.0,202.0,307.0,505.0,790.0,128.6057891845703,35.12810516357422,91.0,114.0,134.0,150.0,163.0,131.75350952148438,34.595462799072266,94.0,118.0,137.0,154.0,166.0,92.96021270751953,22.940418243408203,67.0,82.0,95.0,107.0,118.0,112.80513763427734,34.23830795288086,78.0,93.0,109.0,128.0,160.0,119.16534423828125,28.783416748046875,84.0,106.0,123.0,137.0,149.0,-16.593862533569336,176.69007873535156,-67.0,4.0,30.0,48.0,63.0,150.8271942138672,52.75357437133789,90.0,114.0,142.0,187.0,221.0,10.387560844421387,29.580907821655273,-21.0,-5.0,11.0,28.0,42.0
s0650,7.381901264190674,52.4779167175293,-20.0,-3.0,7.0,19.0,36.0,116.81448364257812,157.2048797607422,-31.0,5.0,73.0,188.0,318.0,253.32420349121094,249.3334503173828,20.0,72.0,170.0,367.0,632.0,247.77468872070312,248.11549377441406,15.0,68.0,165.0,364.0,626.0,58.55619812011719,21.37175941467285,33.0,47.0,60.0,73.0,84.0,55.79027557373047,54.510101318359375,22.0,41.0,59.0,74.0,88.0,43.801231384277344,27.068946838378906,10.0,30.0,47.0,61.0,75.0,215.85079956054688,185.6781768798828,54.0,84.0,157.0,288.0,456.0,77.20584869384766,28.863407135009766,42.0,65.0,81.0,96.0,108.0,80.8038101196289,28.456623077392578,46.0,69.0,85.0,99.0,111.0,48.34016036987305,20.55467414855957,23.0,36.0,49.0,62.0,73.0,72.1423110961914,27.85649299621582,40.0,55.0,72.0,88.0,103.0,91.28963470458984,50.01871109008789,53.0,75.0,90.0,102.0,116.0,95.29721069335938,170.2514190673828,20.0,41.0,60.0,83.0,172.0,74.9423599243164,30.692188262939453,33.0,62.0,81.0,95.0,106.0,1.6782885789871216,19.574207305908203,-22.0,-11.0,0.0,13.0,27.0
s0651,,,,,,,,,,,,,,,,,,,,,,,,,,,,,56.158836364746094,18.816268920898438,37.0,49.0,58.0,67.0,75.0,-232.1295928955078,459.4733581542969,-993.0,-834.0,31.0,90.0,135.0,55.882240295410156,32.55059814453125,12.0,40.0,62.0,77.0,88.0,281.62835693359375,184.40817260742188,93.0,139.0,245.0,371.0,526.0,79.82880401611328,36.000946044921875,32.0,52.0,85.0,108.0,122.0,79.07127380371094,35.057640075683594,33.0,53.0,85.0,107.0,120.0,48.82760238647461,17.888628005981445,30.0,40.0,49.0,58.0,67.0,118.65150451660156,71.6693344116211,33.0,57.0,114.0,171.0,213.0,291.8868408203125,95.71692657470703,178.0,269.0,299.0,319.0,341.0,-10.7558012008667,114.5280532836914,-47.0,-12.0,14.0,32.0,48.0,213.46060180664062,140.10792541503906,63.0,98.0,231.0,307.0,351.0,7.367002964019775,14.506096839904785,-10.0,-1.0,7.0,16.0,25.0
s0652,,,,,,,,,,,,,,,,,,,,,,,,,,,,,,,,,,,,,,,,,,,,,,,,,,,,,,,,,,,,,,,,,,,,,,,67.46350860595703,19.326356887817383,43.0,55.0,68.0,80.0,91.0,147.58932495117188,99.78904724121094,55.0,79.0,125.0,182.0,267.0,325.2501220703125,140.82044982910156,158.0,280.0,353.0,383.0,406.0,-5.096839427947998,183.1993865966797,-56.0,6.0,38.0,64.0,88.0,268.89105224609375,134.0287628173828,79.0,167.0,308.0,346.0,377.0,,,,,,,
s0653,,,,,,,,,,,,,,,,,,,,,,,,,,,,,,,,,,,,,,,,,,,,,,,,,,,,,,,,,,,,,,,,,,,,,,,,,,,,,,250.42428588867188,39.03058624267578,209.0,229.0,247.0,272.0,304.4,351.1114501953125,210.53334045410156,50.0,172.0,428.0,494.0,535.0,-44.53672409057617,264.4681701660156,-390.5,9.0,45.0,70.0,92.0,317.7094421386719,151.42062377929688,112.0,212.0,300.0,459.0,535.0,,,,,,,
s0654,,,,,,,,,,,,,,,,,,,,,,,,,,,,,89.73017120361328,158.9488983154297,-111.0,-14.0,89.0,193.0,291.0,-102.97762298583984,349.3872985839844,-872.0,-137.0,-3.0,103.0,195.0,131.53553771972656,156.69146728515625,-67.0,30.0,132.0,235.0,329.0,,,,,,,,,,,,,,,252.94932556152344,171.39694213867188,36.0,137.0,252.0,369.75,474.0,87.36866760253906,143.7762908935547,-92.0,-5.0,86.0,179.0,269.0,135.3004150390625,133.96022033691406,-30.0,48.0,132.0,221.0,305.0,489.1488342285156,200.8842010498047,231.0,388.0,509.0,610.0,698.0,48.418453216552734,179.91790771484375,-117.0,-18.0,65.0,148.0,228.0,314.1530456542969,214.11441040039062,40.0,153.0,310.0,473.0,590.0,,,,,,,
s0655,,,,,,,,,,,,,,,,,,,,,,,,,,,,,152.64364624023438,76.45651245117188,61.0,105.0,159.0,199.0,236.0,88.99252319335938,115.88290405273438,-39.0,9.0,88.0,177.0,224.0,,,,,,,,,,,,,,,,,,,,,,,,,,,,,64.46441650390625,32.676090240478516,25.0,44.0,64.0,84.0,104.0,69.44034576416016,37.81935501098633,34.0,52.0,70.0,88.0,108.0,808.8290405273438,196.19686889648438,497.0,789.0,872.0,921.0,964.0,-53.94208908081055,266.970458984375,-386.4,-16.0,30.0,69.0,102.0,311.61700439453125,300.3304748535156,69.0,99.0,152.0,630.0,824.0,,,,,,,
s0656,35.86570739746094,87.88178253173828,-77.0,-18.0,40.0,91.0,138.0,188.44577026367188,159.84832763671875,27.0,78.0,156.0,255.0,385.20000000000437,418.8383483886719,377.6834716796875,134.0,201.0,323.0,506.0,743.0,382.87042236328125,252.17752075195312,149.0,214.0,328.0,501.0,688.0,95.33427429199219,24.387788772583008,68.0,85.0,99.0,110.0,121.0,1.4167572259902954,189.22708129882812,-19.0,12.0,39.0,70.0,91.0,47.7147331237793,37.38219451904297,-3.0,23.0,51.0,75.0,93.0,328.527099609375,191.36065673828125,146.0,188.0,273.0,412.0,609.0,129.78099060058594,37.24637985229492,76.0,116.0,139.0,155.0,167.0,127.32559204101562,36.75988006591797,73.0,112.0,136.0,152.0,164.0,68.61936950683594,22.496671676635742,44.0,57.0,69.0,81.0,93.0,109.98180389404297,32.48002243041992,69.0,90.0,111.0,131.0,151.0,143.5824737548828,52.39118957519531,78.0,124.0,151.0,169.0,183.0,52.008941650390625,29.640689849853516,16.0,39.0,56.0,70.0,82.0,127.5630874633789,43.70233917236328,71.0,105.0,139.0,158.0,171.0,16.658498764038086,18.100675582885742,-4.0,5.0,16.0,28.0,39.0
s0657,16.32186508178711,35.168155670166016,-33.0,4.0,23.0,39.0,52.0,138.1414337158203,148.45672607421875,-31.0,18.0,116.0,230.0,340.0,238.5754852294922,191.19989013671875,55.0,101.0,180.0,329.0,520.0,244.69662475585938,204.01893615722656,49.0,99.0,182.0,342.0,542.0,92.99617004394531,21.797327041625977,66.0,79.0,94.0,107.0,120.0,-33.52228546142578,267.4302978515625,-236.0,18.0,54.0,77.0,96.0,63.236595153808594,32.240787506103516,23.0,44.0,64.0,84.0,103.0,247.65127563476562,169.91709899902344,79.0,121.0,206.0,332.0,469.0,110.40489196777344,33.81805419921875,69.0,94.0,115.0,132.0,148.0,109.18309783935547,34.079280853271484,67.0,93.0,113.0,131.0,147.0,90.55745697021484,25.133913040161133,60.0,76.0,92.0,107.0,120.0,103.2357406616211,32.62172317504883,62.0,82.0,105.0,127.0,144.0,109.86361694335938,35.24424362182617,65.0,99.0,118.0,131.0,143.0,-108.20320892333984,325.6820983886719,-738.0,-85.25,35.0,77.0,105.0,104.51876831054688,41.12392807006836,61.0,87.0,112.0,130.0,143.0,15.99917984008789,24.834598541259766,-14.0,0.0,15.0,32.0,47.0
s0658,,,,,,,,,,,,,,,,,,,,,,,,,,,,,122.2488784790039,93.2321548461914,3.0,61.0,123.0,184.0,241.0,26.851818084716797,282.1039733886719,-84.0,18.0,91.0,158.0,219.0,85.45857238769531,111.07447052001953,-55.0,11.0,85.0,159.5,228.0,,,,,,,,,,,,,,,115.91796112060547,110.31673431396484,-23.0,43.0,116.0,189.0,254.0,86.91434478759766,89.64991760253906,-25.0,28.0,87.0,145.0,200.0,88.01785278320312,94.781982421875,-26.0,29.0,87.0,145.0,204.0,157.4956817626953,88.7486572265625,48.0,105.0,161.0,214.0,260.0,-95.47452545166016,316.68829345703125,-713.1999999999996,-71.0,7.0,69.0,123.0,95.25392150878906,75.55830383300781,2.0,47.0,96.0,144.0,189.0,,,,,,,
s0659,,,,,,,,,,,,,,,,,,,,,,,,,,,,,50.50972366333008,34.731849670410156,8.0,29.0,52.0,73.0,93.0,34.008174896240234,59.8679313659668,-18.0,11.0,40.0,66.0,89.0,,,,,,,,,,,,,,,82.10163879394531,49.0843620300293,8.0,55.0,90.0,118.0,137.0,,,,,,,,49.650630950927734,28.840024948120117,14.0,31.0,50.0,68.0,85.0,43.468204498291016,29.212413787841797,7.0,25.0,44.0,62.0,80.0,314.64251708984375,70.427978515625,236.0,312.0,334.0,351.0,365.0,-13.022550582885742,153.3839111328125,-54.0,-15.0,14.0,39.0,61.0,162.3428955078125,105.75253295898438,51.0,81.0,128.0,251.0,330.0,,,,,,,
s0660,,,,,,,,,,,,,,,,,,,,,,,,,,,,,,,,,,,,,,,,,,,,,,,,,,,,,,,,,,,,,,,,,,,,,,,,,,,,,,,,,,,,,216.36087036132812,133.8080596923828,64.0,140.0,217.0,289.0,358.0,-175.45498657226562,382.9630432128906,-913.0,-234.75,-16.0,69.25,143.0,,,,,,,,,,,,,,
s0661,2.583291530609131,25.567638397216797,-17.0,-8.0,1.0,10.0,20.0,222.90664672851562,139.12686157226562,68.0,127.0,200.0,295.0,407.0,394.6771545410156,230.02040100097656,165.0,228.0,334.0,509.0,723.0,407.1738586425781,239.98837280273438,170.0,232.0,344.0,529.0,744.0,105.43699645996094,13.80107593536377,89.0,98.0,107.0,114.0,121.0,-26.70819854736328,296.697998046875,-439.0,51.0,78.0,94.0,105.0,84.10778045654297,42.0604362487793,31.0,66.0,91.0,108.0,127.0,362.44281005859375,197.1383514404297,173.0,227.0,310.0,441.0,620.0,140.2868194580078,31.99159049987793,94.0,123.0,149.0,163.0,172.0,137.61302185058594,32.67518615722656,89.0,122.0,148.0,160.0,169.0,107.79507446289062,16.946325302124023,91.0,100.0,108.0,116.0,125.0,134.76438903808594,23.02389144897461,106.0,121.0,137.0,150.0,161.0,153.0688934326172,63.221099853515625,100.0,137.0,156.0,168.0,180.0,-80.81765747070312,277.5584411621094,-556.3999999999999,-47.0,37.0,63.0,83.0,138.53900146484375,40.26941680908203,84.0,117.0,146.0,167.0,182.0,12.809653282165527,16.954404830932617,-4.0,2.0,10.0,20.0,36.0
s0662,9.950088500976562,26.905040740966797,-12.0,2.0,12.0,23.0,37.0,282.57147216796875,227.93016052246094,55.0,120.0,218.0,393.0,615.0,370.3756408691406,279.13079833984375,99.0,166.0,274.0,522.0,806.0,368.857421875,281.17645263671875,96.0,163.0,270.0,522.0,808.0,84.86724853515625,22.833162307739258,60.0,74.0,87.0,99.0,109.0,-65.43155670166016,274.88037109375,-302.0,-9.0,28.0,50.0,69.0,70.66043853759766,27.44548797607422,38.0,59.0,74.0,88.0,99.0,403.651123046875,252.9331512451172,176.0,214.0,320.0,508.0,787.0,128.42115783691406,31.66287612915039,91.0,115.0,133.0,148.0,162.0,126.46898651123047,34.571136474609375,86.0,114.0,132.0,147.0,161.0,92.68223571777344,20.9099178314209,69.0,82.0,94.0,105.0,116.0,99.99474334716797,30.12222671508789,66.0,81.0,97.0,119.0,142.0,127.68463897705078,36.37049865722656,81.5,116.0,136.0,149.0,159.0,8.333271026611328,128.3441619873047,-63.0,9.0,39.0,63.25,84.0,113.51978302001953,36.753055572509766,68.0,92.0,119.0,139.0,153.0,35.79386520385742,22.762184143066406,8.0,21.0,34.0,49.25,64.0
s0663,7.747419357299805,20.457252502441406,-12.0,-2.0,7.0,19.0,34.0,177.03932189941406,172.778564453125,-9.0,53.0,145.0,258.0,409.0,307.2530822753906,252.40113830566406,69.0,127.0,224.0,420.0,701.0,292.6236572265625,240.00579833984375,73.0,127.0,215.0,386.0,659.0,100.8880615234375,22.07958984375,80.0,93.0,104.0,114.0,123.0,-13.578450202941895,248.80137634277344,-101.59999999999945,35.0,63.0,81.0,95.0,90.04975891113281,20.310558319091797,66.0,79.0,92.0,103.0,113.0,281.7188720703125,191.04583740234375,110.0,149.0,229.0,348.0,541.0,136.8852081298828,30.337356567382812,104.0,130.0,144.0,155.0,163.0,130.44418334960938,31.894052505493164,94.0,122.0,138.0,149.0,159.0,106.00521087646484,18.313268661499023,86.0,97.0,107.0,117.0,126.0,98.72216796875,27.398820877075195,66.0,78.0,96.0,118.0,137.0,143.40890502929688,35.209617614746094,99.0,134.0,152.0,163.0,172.0,45.11905288696289,49.4992790222168,19.0,37.0,51.0,64.0,74.0,114.61738586425781,35.211570739746094,73.0,95.0,121.0,139.0,151.0,27.385337829589844,19.149049758911133,4.0,14.0,26.0,39.0,53.0
s0664,17.39260482788086,60.77519607543945,-26.0,5.0,20.0,33.0,46.0,191.3887176513672,211.42559814453125,-1.0,40.0,133.0,275.0,458.0,276.18389892578125,252.8002166748047,38.0,88.0,191.0,399.0,653.0,282.8077392578125,254.06484985351562,40.0,94.0,200.0,407.0,663.0,99.39350128173828,26.018951416015625,77.0,92.0,103.0,114.0,123.0,-26.6993408203125,191.79696655273438,-18.0,-5.0,6.0,22.0,56.0,83.21554565429688,43.420257568359375,22.0,62.0,93.0,113.0,129.0,307.2377624511719,239.9126739501953,84.0,129.0,229.0,414.0,689.0,121.90742492675781,34.35662841796875,81.0,106.0,129.0,144.0,157.0,118.6771469116211,38.38488006591797,70.0,102.0,128.0,144.0,156.0,93.91356658935547,19.51253318786621,72.0,83.0,94.0,105.0,116.0,105.55828094482422,29.43919563293457,69.0,86.0,105.0,126.0,144.0,136.1078338623047,34.80739974975586,84.0,125.0,146.0,159.0,167.0,39.9102668762207,82.12477111816406,0.0,16.0,42.0,63.0,82.0,112.17424774169922,38.41200256347656,63.0,90.0,120.0,141.0,153.0,,,,,,,
s0665,,,,,,,,,,,,,,,,,,,,,,,,,,,,,158.79946899414062,66.22090148925781,77.0,119.0,161.0,202.0,239.0,-135.50164794921875,412.5486755371094,-966.0,-62.0,40.0,103.0,168.0,131.0945587158203,75.83706665039062,31.700000000000045,84.0,137.0,183.0,222.0,323.8345642089844,292.48211669921875,78.0,131.0,217.0,416.0,749.0,233.15586853027344,102.02735137939453,92.0,161.0,247.0,310.0,354.0,230.85458374023438,101.52915954589844,88.0,159.0,247.0,308.0,350.0,99.76008605957031,56.7836799621582,32.0,65.0,99.0,133.0,168.0,163.52113342285156,69.204833984375,76.0,117.0,165.0,212.0,252.0,444.2281799316406,137.0665740966797,266.0,405.5,462.0,504.0,542.0,76.60616302490234,61.38203048706055,4.0,41.0,79.0,116.0,150.0,302.311279296875,129.815185546875,134.0,194.0,312.0,406.0,472.0,35.063419342041016,88.92493438720703,-41.0,-8.0,26.0,64.0,104.0
s0666,17.23980140686035,24.954586029052734,-5.0,11.0,22.0,31.0,40.0,250.1336669921875,183.59121704101562,46.0,123.0,225.0,331.0,483.8000000000002,355.7459716796875,237.56117248535156,121.0,186.0,283.0,479.0,712.0,399.7283935546875,274.21942138671875,121.0,202.0,314.0,555.0,818.0,,,,,,,,,,,,,,,,,,,,,,,,,,,,,,,,,,,,,,,,,,,,,,,,,,,,,,,,,,,,,,,,,,,,,,,,,,,,,,,,,,,,
s0667,17.345178604125977,36.5494270324707,-24.0,-2.0,18.0,38.0,57.0,229.82432556152344,232.846435546875,0.0,70.0,176.0,319.0,537.0,354.2596740722656,312.0679626464844,76.0,136.0,239.0,486.0,844.0,352.4126281738281,311.8819580078125,74.0,135.0,238.0,483.0,840.0,87.51820373535156,28.076860427856445,52.0,72.0,89.0,106.0,121.0,-43.683284759521484,257.1155700683594,-91.0,6.0,30.0,52.0,73.0,77.82758331298828,29.629037857055664,41.0,60.0,79.0,97.0,113.0,378.064453125,272.0260009765625,133.0,189.0,294.0,474.0,766.0,118.41521453857422,32.92353057861328,77.0,101.0,122.0,140.0,156.0,117.84555053710938,34.6937255859375,73.0,100.0,122.0,141.0,157.0,86.56576538085938,25.06690216064453,56.0,71.0,87.0,103.0,117.0,110.26020812988281,32.255226135253906,69.0,90.0,111.0,132.0,150.0,122.88883972167969,54.58234405517578,78.0,102.0,123.0,142.0,159.0,-56.97263717651367,245.7268524169922,-380.0,-42.0,31.0,67.0,98.0,100.46117401123047,40.915557861328125,54.0,79.0,103.0,126.0,146.0,29.20487403869629,24.099634170532227,0.0,13.0,28.5,45.0,60.900000000000546
s0668,17.094158172607422,41.584014892578125,-23.0,-6.0,11.0,35.0,62.0,272.2149353027344,248.3465576171875,24.0,91.0,210.0,382.0,608.0,463.9882507324219,343.7535095214844,115.0,194.0,358.0,662.0,1010.0,452.1122131347656,343.0786437988281,108.0,184.0,348.0,638.0,993.0,69.68782806396484,21.534374237060547,47.0,58.0,70.0,81.0,92.0,15.56900405883789,261.4355163574219,-193.0,58.0,98.0,130.0,147.0,85.32785034179688,19.79713249206543,60.2,72.0,86.0,98.0,109.0,525.2918090820312,320.0073547363281,186.0,268.0,451.0,704.0,1002.0,127.30204010009766,49.72152328491211,54.0,86.0,141.0,167.0,183.0,122.73318481445312,47.967227935791016,52.0,85.0,134.0,161.0,178.0,69.8333740234375,26.11895179748535,45.0,56.0,68.0,80.0,92.0,100.42401123046875,53.799102783203125,42.0,64.0,93.0,125.0,164.0,309.0148010253906,84.17302703857422,197.0,295.0,327.0,347.0,362.0,13.809523582458496,64.60445404052734,-42.5,0.0,24.0,45.0,69.0,191.3573760986328,111.98340606689453,66.0,96.0,166.0,292.0,349.0,,,,,,,
s0669,23.542078018188477,26.98519515991211,-1.0,13.0,26.0,39.0,51.0,158.8560028076172,191.08119201660156,-44.0,13.0,123.0,258.0,412.0,304.0843811035156,282.5597229003906,32.0,93.0,208.0,451.0,737.0,289.7818298339844,268.9755859375,27.0,90.0,203.0,428.0,703.0,95.56253051757812,30.042640686035156,63.0,83.0,99.0,114.0,127.0,-82.88715362548828,332.40679931640625,-900.0,5.0,52.0,80.0,100.0,87.60440826416016,35.26646423339844,42.0,71.0,93.0,111.0,126.0,275.92681884765625,195.16500854492188,81.0,124.0,226.0,379.5,544.0,114.69328308105469,50.58115768432617,46.0,74.0,121.0,156.0,176.0,116.03092956542969,51.19523239135742,45.0,75.0,126.0,157.0,176.0,46.2712516784668,27.03692626953125,7.0,32.0,50.0,64.0,77.0,56.87622833251953,27.00542449951172,24.0,39.0,56.0,74.0,90.0,282.81243896484375,90.89224243164062,128.0,276.0,309.0,333.0,351.0,-3.705533027648926,150.94886779785156,-47.0,5.0,30.0,51.0,71.0,183.6667022705078,88.88229370117188,79.0,114.0,167.0,256.0,317.0,10.640968322753906,23.14266586303711,-12.699999999999818,-1.0,10.0,22.0,34.0
s0670,15.752710342407227,45.74123001098633,-6.0,3.0,14.0,28.0,46.0,110.13134002685547,155.65708923339844,-60.0,-17.0,84.0,202.0,319.0,278.1063232421875,242.25343322753906,33.0,98.0,209.0,405.0,631.0,280.4936828613281,239.168212890625,38.0,103.0,211.0,408.0,632.0,130.518798828125,24.1430606842041,105.0,123.0,135.0,144.0,153.0,19.697477340698242,201.8146514892578,1.0,25.0,65.0,95.0,113.0,99.65856170654297,44.77446746826172,54.0,85.0,106.0,121.0,133.0,251.71658325195312,174.11370849609375,67.0,121.0,219.0,343.0,483.0,195.95501708984375,42.7492561340332,137.0,182.0,209.0,223.0,234.0,190.15460205078125,46.1605224609375,122.0,169.0,207.0,222.0,232.0,126.42776489257812,22.885528564453125,104.0,115.0,126.0,137.0,149.0,156.9271240234375,34.3834114074707,117.0,135.0,153.0,181.0,204.0,194.19053649902344,49.46666717529297,134.0,187.0,204.0,215.0,224.0,-9.689237594604492,230.1653289794922,-125.89999999999998,38.0,58.0,75.0,91.0,172.38916015625,42.12004852294922,113.0,154.0,186.0,201.0,212.0,,,,,,,
s0671,,,,,,,,,,,,,,,,,,,,,,,,,,,,,48.230857849121094,141.58132934570312,-131.0,-40.25,46.0,137.0,229.0,10.470547676086426,130.06716918945312,-152.0,-73.75,10.0,95.0,174.0,,,,,,,,,,,,,,,,,,,,,,,,,,,,,44.184478759765625,127.41324615478516,-112.0,-37.0,42.0,124.0,202.0,201.99539184570312,131.73561096191406,36.0,116.0,202.0,290.0,367.0,343.5454406738281,159.38624572753906,124.0,254.0,363.0,449.0,524.0,36.13431930541992,123.11241149902344,-117.0,-43.5,37.0,115.0,190.0,238.42074584960938,173.0410614013672,19.0,115.0,232.0,356.0,469.0,,,,,,,
s0672,,,,,,,,,,,,,,,,,,,,,,,,,,,,,52.324989318847656,41.427974700927734,0.0,25.0,53.0,80.0,104.0,22.369281768798828,126.53195190429688,-25.0,8.0,40.0,70.0,97.0,36.595237731933594,52.48197555541992,-29.099999999999994,2.0,37.0,73.0,101.0,,,,,,,,,,,,,,,43.6568717956543,42.939788818359375,-10.0,15.0,43.0,73.0,98.0,46.952396392822266,39.74332046508789,-3.0,21.0,47.0,73.0,97.0,59.280269622802734,40.440372467041016,10.0,34.0,59.0,85.0,108.0,201.65762329101562,75.47225952148438,111.0,170.0,210.0,242.0,271.0,17.48388671875,98.39042663574219,-37.0,0.0,30.0,58.5,84.0,160.9326629638672,93.2872085571289,46.0,87.0,149.0,238.0,291.0,,,,,,,
s0673,2.4273180961608887,105.80735778808594,-117.0,-58.0,3.0,65.0,122.0,291.0223693847656,355.01373291015625,-74.0,44.0,205.0,462.0,821.0,442.7284240722656,494.8077087402344,-50.0,93.0,296.0,747.0,1169.0,375.59423828125,453.1423645019531,-70.0,63.0,235.0,592.0,1121.0,,,,,,,,,,,,,,,,,,,,,,,,,,,,,,,,,,,,,,,,,,,,,,,,,,,,,,,,,,,,,,,,,,,,,,,,,,,,,,,,,,,,
s0674,,,,,,,,,,,,,,,,,,,,,,,,,,,,,64.03377532958984,123.64710998535156,-91.0,-15.0,63.0,143.0,219.0,-74.2215576171875,313.3062438964844,-635.8999999999996,-114.0,7.0,106.0,193.0,52.587162017822266,138.83602905273438,-123.0,-36.0,54.0,145.0,227.79999999999927,,,,,,,,65.35562896728516,122.84615325927734,-90.0,-14.0,65.0,146.0,220.0,64.06189727783203,115.07823181152344,-82.0,-12.0,64.0,140.0,208.0,32.53709030151367,122.0682144165039,-119.0,-45.0,32.0,110.0,185.0,53.416385650634766,121.33596801757812,-96.0,-21.0,52.0,127.0,203.0,181.17909240722656,111.32801055908203,40.0,113.0,185.0,252.0,315.0,-61.05879211425781,258.3389587402344,-267.79999999999995,-88.0,0.0,75.0,141.0,146.1696014404297,128.54762268066406,-18.0,56.0,146.0,235.0,311.0,20.24723243713379,121.16178894042969,-120.5,-55.75,14.5,100.75,172.90000000000003
s0675,,,,,,,,,,,,,,,,,,,,,,,,,,,,,24.203651428222656,32.582210540771484,-16.0,4.0,25.0,46.0,64.0,-81.57239532470703,282.8320007324219,-297.39999999999964,-30.0,8.0,38.0,64.0,28.680362701416016,39.53484344482422,-21.0,3.0,29.0,55.0,78.0,,,,,,,,22.651456832885742,36.01289367675781,-23.0,0.0,23.0,47.0,67.0,19.568389892578125,36.5618782043457,-26.0,-3.0,20.0,44.0,65.0,44.03623962402344,32.987953186035156,2.0,23.0,44.0,66.0,85.0,36.6497802734375,36.858970642089844,-10.0,13.0,38.0,61.0,82.0,37.866050720214844,55.74123764038086,-1.0,18.0,36.0,53.0,70.0,15.528185844421387,92.31939697265625,-31.0,-2.25,22.0,47.0,76.0,37.87167739868164,137.6287078857422,-9.0,12.0,31.0,50.0,69.0,8.818130493164062,31.549755096435547,-30.0,-12.0,8.0,29.0,49.0
s0676,,,,,,,,,,,,,,,,,,,,,,,,,,,,,36.98139190673828,50.648502349853516,21.0,36.0,45.0,53.0,59.0,12.860854148864746,23.144306182861328,-8.0,1.0,12.0,26.0,41.0,35.62765884399414,14.016512870788574,19.0,28.0,36.0,45.0,52.0,,,,,,,,,,,,,,,25.734912872314453,20.12539291381836,7.0,20.0,29.0,37.0,44.0,54.169769287109375,17.093461990356445,40.0,48.0,56.0,63.0,69.0,40.1715202331543,13.567797660827637,24.0,32.0,40.0,49.0,57.0,,,,,,,,,,,,,,,,,,,,,,14.65286636352539,13.179210662841797,-1.0,6.0,13.5,22.0,32.0
s0677,,,,,,,,262.4542236328125,211.0955810546875,60.0,118.0,206.0,348.0,543.0,320.61212158203125,247.6709747314453,85.0,138.0,246.0,443.0,651.0,297.826904296875,218.66783142089844,78.70000000000027,145.0,245.0,400.0,576.0,84.46895599365234,32.69483184814453,44.0,66.0,86.0,106.0,123.0,-96.0527572631836,311.2599182128906,-869.5999999999985,-23.0,16.0,45.0,71.0,72.23997497558594,48.60493850708008,5.0,48.0,80.0,105.0,126.0,345.37103271484375,211.5060272216797,133.0,186.0,292.0,457.0,637.0,109.8424301147461,48.87745666503906,42.0,78.0,116.0,145.0,167.0,116.81806945800781,50.38299560546875,47.0,84.0,125.0,153.0,175.0,60.47517776489258,28.208101272583008,27.0,44.0,61.0,78.0,94.0,87.74046325683594,37.95461654663086,40.0,63.0,88.0,113.0,136.0,208.51516723632812,61.09671401977539,115.0,189.0,223.0,247.0,267.0,33.73491668701172,24.549266815185547,1.0,19.0,36.0,50.0,62.0,,,,,,,,36.724510192871094,33.91465759277344,-6.0,15.0,37.0,59.0,79.0
s0679,28.21910858154297,78.26988983154297,-72.6,-20.0,29.0,81.0,127.60000000000002,305.8047790527344,256.97174072265625,13.0,120.75,263.0,457.0,669.0,326.4172668457031,229.47091674804688,64.0,167.0,294.0,457.0,633.6000000000004,,,,,,,,,,,,,,,22.419374465942383,137.49362182617188,-130.0,-49.0,29.0,109.5,178.0,55.43031311035156,109.99453735351562,-77.0,-19.0,52.0,125.0,196.0,336.9838562011719,243.59939575195312,76.0,167.0,289.0,457.0,674.0,,,,,,,,100.69668579101562,118.61226654052734,-49.0,19.0,102.0,180.0,248.0,82.75991821289062,113.42021179199219,-62.0,7.0,82.0,159.0,227.0,82.24407958984375,108.75060272216797,-54.0,10.0,81.0,155.0,220.0,99.39856719970703,106.10594177246094,-34.0,29.0,100.0,169.0,234.0,7.492785930633545,159.3946990966797,-145.59999999999997,-51.0,26.0,101.0,168.0,103.3873062133789,104.02818298339844,-27.0,36.0,102.0,171.0,235.0,,,,,,,
s0680,20.105606079101562,34.363983154296875,-17.0,2.0,21.0,40.0,58.0,190.09657287597656,200.5030517578125,-21.0,45.0,152.0,282.0,453.0,265.89111328125,225.4708251953125,48.0,110.0,201.0,364.0,587.0,257.56756591796875,221.04856872558594,41.0,102.0,196.0,355.0,571.0,99.91827392578125,29.135372161865234,69.0,89.0,104.0,117.0,129.0,-64.19486236572266,265.7463684082031,-320.0,-49.0,26.0,69.0,94.0,60.48562240600586,43.247684478759766,3.0,37.0,66.0,88.0,107.0,318.60504150390625,227.82681274414062,100.0,151.0,262.0,415.0,624.0,146.70980834960938,44.31918716430664,86.0,126.0,156.0,177.0,192.0,147.01637268066406,45.807350158691406,82.0,124.0,158.0,179.0,194.0,105.7352523803711,25.95014190673828,77.0,92.0,107.0,121.0,134.0,103.6022720336914,34.59121322631836,62.0,81.0,102.0,126.0,149.0,204.29501342773438,69.18540954589844,122.0,185.0,213.0,234.0,252.0,-16.81317710876465,209.86270141601562,-130.0,16.0,46.0,67.0,84.0,165.2456817626953,53.55773162841797,92.0,132.0,171.0,204.0,230.0,,,,,,,
s0681,,,,,,,,,,,,,,,,,,,,,,,,,,,,,53.53020477294922,104.83486938476562,-76.0,-12.0,53.0,120.0,184.0,60.89201354980469,104.29084014892578,-70.0,-7.0,61.0,130.0,193.0,,,,,,,,,,,,,,,74.11056518554688,112.55622863769531,-69.0,2.0,72.0,150.0,215.0,,,,,,,,58.81375503540039,98.28498840332031,-64.0,-4.0,58.0,122.0,183.0,61.32245635986328,86.84329223632812,-47.0,7.0,61.0,117.0,169.0,70.99151611328125,77.4699935913086,-7.0,33.0,71.0,109.0,150.0,55.530330657958984,84.6170654296875,-41.0,10.0,57.0,102.0,152.0,62.53532409667969,84.35946655273438,-36.0,12.0,63.0,112.0,161.0,,,,,,,
s0682,20.82716178894043,40.774147033691406,-27.0,-2.0,21.0,45.0,67.0,240.99961853027344,194.1404266357422,44.0,112.0,201.0,323.0,489.0,340.7638244628906,243.16934204101562,107.0,168.0,269.0,455.0,693.0,340.51202392578125,243.87220764160156,106.0,170.0,268.0,453.0,697.0,95.5178451538086,36.01015853881836,50.0,72.0,96.0,119.0,141.0,-41.67924118041992,295.4302062988281,-403.0,-9.0,58.0,98.0,129.0,73.04491424560547,41.656959533691406,21.0,48.0,74.0,100.0,124.0,369.07025146484375,242.86106872558594,144.0,200.0,294.0,461.0,732.0,108.78858947753906,41.057212829589844,56.0,83.0,111.0,136.0,159.0,108.9438705444336,42.7047119140625,54.0,83.0,112.0,138.0,161.0,99.97440338134766,34.68026351928711,57.0,78.0,100.0,122.0,143.0,96.59371185302734,37.5481071472168,49.0,72.0,97.0,121.0,144.0,110.62158203125,41.11101531982422,61.0,87.0,112.0,136.0,157.0,-125.86770629882812,389.1251525878906,-926.5999999999999,-149.5,60.0,111.0,152.0,101.83670043945312,42.204132080078125,60.0,84.0,106.0,126.0,143.0,23.582853317260742,38.80533981323242,-24.0,-2.0,22.0,49.0,74.0
s0683,248.36924743652344,116.9339599609375,53.0,146.0,307.0,335.0,350.0,191.88278198242188,189.68115234375,6.0,53.0,145.0,270.0,446.0,312.1777648925781,249.41517639160156,65.0,126.0,237.0,440.0,682.0,314.1030578613281,247.39569091796875,69.0,129.0,238.0,441.0,688.0,41.057769775390625,19.363040924072266,17.0,32.0,44.0,54.0,62.0,-255.10443115234375,427.4897766113281,-968.0,-774.0,23.0,48.0,60.0,46.18232345581055,20.070335388183594,19.0,38.0,50.0,59.0,67.0,305.0,205.09121704101562,93.0,148.0,252.0,410.0,603.0,62.1800422668457,22.159408569335938,35.0,52.0,65.0,75.0,85.0,62.59779739379883,23.652301788330078,33.0,52.0,66.0,76.0,86.0,60.07297134399414,17.021541595458984,40.0,53.0,63.0,71.0,77.0,58.01179885864258,17.789173126220703,37.0,50.0,61.0,69.0,76.0,67.45125579833984,57.20504379272461,37.0,51.0,62.0,73.0,83.0,26.601600646972656,50.36894226074219,-19.0,17.0,38.0,52.0,64.0,52.411399841308594,43.68459701538086,25.0,51.0,63.0,71.0,76.0,17.67130470275879,13.65388011932373,2.0,11.0,19.0,26.0,33.0
s0684,,,,,,,,,,,,,,,,,,,,,,,,,,,,,,,,,,,,,,,,,,,,,,,,,,,,,,,,,,,,,,,,,,,,,,,28.90335464477539,17.07345962524414,6.0,21.0,32.0,40.0,47.0,76.70072937011719,21.98328399658203,48.599999999999994,67.0,80.0,90.0,101.0,398.1443786621094,100.21634674072266,235.0,368.0,431.0,466.0,487.0,2.894843578338623,76.36961364746094,-51.0,-19.0,14.0,43.0,63.0,182.28033447265625,136.00308227539062,66.0,90.0,115.0,345.0,404.0,,,,,,,
s0685,10.005997657775879,51.392093658447266,-66.0,-14.0,18.0,44.0,67.0,239.78578186035156,189.08584594726562,29.0,106.0,210.0,336.0,483.0,332.3955383300781,241.49732971191406,95.0,159.0,261.0,450.0,684.0,362.2767333984375,250.63536071777344,114.0,181.0,290.0,486.0,730.0,100.5558090209961,37.75516891479492,53.0,80.0,103.0,125.0,145.0,-33.99855041503906,203.61196899414062,-92.0,-29.0,12.0,50.0,82.0,68.26522827148438,46.01870346069336,8.0,40.0,71.0,99.0,124.0,292.489990234375,199.25946044921875,104.0,150.0,240.0,373.0,559.0,98.02249145507812,47.502052307128906,36.0,68.0,101.0,131.0,156.0,102.62728118896484,46.69287109375,41.0,72.0,105.0,136.0,160.0,40.012088775634766,37.00412368774414,-6.0,16.0,40.0,64.0,86.0,81.47636413574219,44.60663604736328,25.0,52.0,81.0,111.0,138.0,110.76411437988281,52.1899528503418,43.0,77.0,112.0,146.0,175.0,,,,,,,,,,,,,,,16.31697654724121,37.04127883911133,-30.0,-7.0,15.0,39.0,63.0
s0686,14.900897979736328,29.31700897216797,-18.0,5.0,19.0,33.0,45.0,111.81210327148438,186.47494506835938,-68.0,-29.0,62.0,198.0,365.0,226.99282836914062,263.7970275878906,-22.0,31.0,140.0,355.0,621.0,242.3381805419922,272.0591735839844,-20.0,37.0,153.0,381.0,649.0,80.12010192871094,26.273483276367188,51.0,68.0,83.0,97.0,109.0,-120.51069641113281,336.38433837890625,-942.0,-19.0,18.0,44.0,65.0,58.68027114868164,30.636384963989258,20.0,43.0,61.0,78.0,94.0,220.86880493164062,211.0382537841797,11.700000000000045,56.0,169.0,326.0,513.0,109.58446502685547,31.650787353515625,71.0,96.0,114.0,130.0,143.0,108.34989166259766,32.79884719848633,67.0,96.0,114.0,129.0,142.0,83.0911865234375,24.840721130371094,55.0,71.0,85.0,98.0,111.0,90.42266082763672,27.193941116333008,57.0,75.0,92.0,109.0,123.0,144.26930236816406,97.64381408691406,88.0,117.0,136.0,149.0,162.0,-11.417877197265625,139.67262268066406,-88.79999999999995,-9.0,30.0,51.0,66.0,96.48402404785156,36.76963806152344,51.0,80.0,104.0,121.0,133.0,5.5792388916015625,23.964616775512695,-22.0,-7.0,6.0,20.0,34.0
s0687,15.276439666748047,32.969017028808594,-13.0,-2.0,10.0,28.0,51.0,274.4067687988281,239.5830535888672,28.0,102.0,218.0,385.0,604.0,435.2108154296875,320.5121765136719,134.0,200.0,319.0,605.0,937.0,434.0418701171875,322.5387878417969,128.0,193.0,319.0,609.0,938.0,164.09494018554688,26.337825775146484,138.0,152.0,165.0,179.0,191.0,7.320295333862305,130.65757751464844,-51.0,4.0,24.0,54.0,95.0,131.38320922851562,29.10297393798828,96.0,114.0,132.0,149.0,165.0,406.8840637207031,275.611328125,187.0,221.0,297.0,499.0,806.0,212.49790954589844,66.5046157836914,108.0,162.0,237.0,265.0,281.0,203.56903076171875,66.88655090332031,102.0,151.0,226.0,257.0,274.0,104.00680541992188,29.79178810119629,73.0,88.0,104.0,118.0,132.0,145.36032104492188,44.11112976074219,88.0,106.0,147.0,181.0,202.0,269.9638977050781,46.78641891479492,216.0,258.0,279.0,297.0,312.0,-1.2250093221664429,197.43917846679688,-160.5999999999999,27.0,57.0,78.0,100.80000000000018,181.10409545898438,43.7981071472168,125.0,160.0,185.0,210.0,232.0,,,,,,,
s0688,,,,,,,,,,,,,,,,,,,,,,,,,,,,,81.95709228515625,73.12316131591797,-10.0,34.0,82.0,130.0,175.0,21.520177841186523,213.27932739257812,-69.0,3.0,62.0,117.0,166.0,51.507171630859375,77.36893463134766,-44.0,0.0,52.0,102.0,149.0,,,,,,,,,,,,,,,,,,,,,,29.512954711914062,71.80084228515625,-60.0,-16.0,29.0,75.0,120.0,90.33362579345703,75.63275909423828,-4.0,43.0,90.0,138.0,186.0,224.2938690185547,78.64600372314453,124.0,189.0,235.0,273.0,305.0,-217.42813110351562,404.32183837890625,-954.0,-463.0,-19.0,55.0,118.0,150.10304260253906,87.63664245605469,41.0,92.0,152.0,211.0,260.0,16.618724822998047,70.53527069091797,-75.69999999999999,-28.0,18.0,61.0,105.0
s0690,11.405550956726074,36.93666076660156,-20.0,-6.0,9.0,25.0,43.0,124.89663696289062,152.5572967529297,-46.399999999999636,11.0,106.0,204.0,318.0,260.9351501464844,239.4031524658203,23.0,94.0,199.0,361.0,598.0,248.99072265625,232.3576202392578,16.0,85.0,190.0,351.0,575.0,144.45436096191406,35.39384841918945,101.0,125.0,147.0,167.0,185.0,-16.706323623657227,265.9458312988281,-334.5,27.0,68.0,101.0,128.0,125.72127532958984,43.38416290283203,71.0,99.0,127.0,154.0,179.0,290.7667541503906,226.86111450195312,58.700000000000045,121.0,239.0,401.75,607.0,174.073974609375,58.07892608642578,94.0,135.0,181.0,217.0,243.0,180.6780242919922,59.51272964477539,98.0,140.0,189.0,225.0,250.0,104.76506042480469,32.51215362548828,65.0,84.0,105.0,125.0,145.0,112.08821105957031,40.533016204833984,62.0,85.0,112.0,137.0,161.0,307.7861328125,84.42144012451172,194.0,276.0,323.0,352.0,375.0,55.99165344238281,76.06118774414062,7.5,41.0,67.0,91.0,113.0,179.06854248046875,63.050010681152344,111.0,140.0,167.0,215.0,278.0,8.445650100708008,29.877546310424805,-29.199999999999932,-12.0,8.0,28.0,47.0
s0691,,,,,,,,,,,,,,,,,,,,,,,,,,,,,92.16244506835938,38.28074264526367,44.0,70.0,94.0,117.0,138.0,28.723407745361328,128.10214233398438,-21.0,17.0,50.0,79.0,103.0,,,,,,,,,,,,,,,,,,,,,,,,,,,,,98.34835815429688,41.866790771484375,46.0,72.0,99.0,125.0,149.0,150.52598571777344,50.04161834716797,79.0,116.0,162.0,187.0,205.0,162.86363220214844,47.05538558959961,98.0,146.0,176.0,194.0,207.0,-31.887676239013672,214.3357696533203,-191.0,-11.0,33.0,64.0,86.0,145.25221252441406,48.930625915527344,77.0,118.0,158.0,181.0,196.0,,,,,,,
s0692,21.087175369262695,42.725650787353516,-35.0,1.0,26.0,48.0,68.0,273.0415954589844,239.76011657714844,32.0,107.0,213.0,375.0,611.0,359.71240234375,295.424560546875,74.0,146.0,265.0,500.0,818.0,367.5061340332031,304.8354187011719,76.0,148.0,268.0,511.0,834.0,109.27203369140625,42.91667556762695,56.0,83.0,111.0,138.0,162.0,47.88648223876953,115.40235137939453,-6.0,28.0,63.0,95.0,122.0,72.04560089111328,56.07403564453125,0.0,37.0,75.0,109.0,141.0,349.58843994140625,248.29171752929688,123.0,179.0,274.5,440.0,693.0,140.4159698486328,72.73019409179688,39.0,90.0,148.0,194.0,229.0,122.76403045654297,62.935546875,40.0,81.0,126.0,167.0,200.0,67.41749572753906,36.56013870239258,22.0,44.0,67.0,91.0,113.0,64.52373504638672,48.61493682861328,3.0,35.0,66.0,93.0,121.0,206.65029907226562,113.94979858398438,60.0,122.0,193.0,304.0,370.0,-137.82711791992188,318.27642822265625,-751.0,-197.0,14.0,59.0,90.0,184.85610961914062,100.10037994384766,76.0,112.0,160.0,239.0,352.0,23.543611526489258,44.303131103515625,-31.0,-6.0,22.0,52.0,80.0
s0693,,,,,,,,,,,,,,,349.2679748535156,246.718994140625,94.0,152.0,279.0,506.0,708.0,334.30023193359375,204.02145385742188,96.0,164.0,296.0,482.75,633.7000000000003,,,,,,,,,,,,,,,40.32958221435547,32.29216003417969,0.0,19.0,41.0,60.0,80.0,258.663818359375,204.03758239746094,67.0,119.0,207.0,336.0,510.0,27.36913299560547,31.952495574951172,-13.0,6.0,28.0,49.0,68.0,24.70469093322754,32.71504592895508,-16.0,3.0,25.0,47.0,66.0,50.63241958618164,34.54987716674805,6.0,28.25,52.0,74.0,94.0,42.94001770019531,34.001731872558594,0.0,20.0,43.0,66.0,86.0,60.40754318237305,94.29141998291016,1.0,23.0,47.0,74.0,103.0,,,,,,,,,,,,,,,,,,,,,
s0694,5.219326019287109,118.69396209716797,-145.0,-73.0,5.0,83.0,155.0,348.0797119140625,295.99505615234375,30.0,142.0,285.0,496.0,788.3000000000029,493.144287109375,398.7607421875,74.0,197.0,371.0,763.0,1132.0,487.73284912109375,391.5558776855469,73.0,195.0,369.0,759.0,1111.0,89.32145690917969,75.77537536621094,-6.0,39.0,89.0,139.0,186.0,-368.8675842285156,493.2424011230469,-1004.0,-952.0,-57.0,65.0,131.0,84.7760009765625,98.18572235107422,-39.0,19.0,84.0,149.0,210.10000000000218,494.5506896972656,349.2901916503906,134.0,247.0,402.0,665.0,1066.0,117.81031036376953,102.19862365722656,-11.0,50.0,118.0,186.0,247.0,118.78189849853516,102.31767272949219,-10.0,52.0,120.0,187.0,247.0,99.13496398925781,77.64214324951172,1.0,49.0,99.0,149.0,197.0,104.84478759765625,102.3348159790039,-22.0,40.0,105.0,169.0,233.0,107.6116714477539,101.90853118896484,-12.0,46.0,107.0,169.0,232.0,-18.84589385986328,204.9298095703125,-188.0,-41.5,27.0,87.0,139.0,96.58577728271484,69.20693969726562,21.0,59.0,99.0,138.0,174.0,23.1152286529541,80.31895446777344,-78.0,-30.0,23.0,76.0,125.80000000000109
s0695,,,,,,,,,,,,,,,,,,,,,,,,,,,,,124.39788818359375,168.86683654785156,-89.0,12.0,124.0,236.0,339.0,-3.668811798095703,224.81524658203125,-235.0,-108.0,13.0,133.0,241.0,,,,,,,,,,,,,,,143.8705291748047,166.7080535888672,-70.5,31.25,145.5,247.75,349.5,,,,,,,,44.4254150390625,162.7115936279297,-162.0,-62.0,44.0,152.0,251.60000000000582,65.40287780761719,138.78338623046875,-108.0,-22.0,66.0,152.0,239.0,497.2011413574219,184.38450622558594,272.0,406.0,511.0,604.0,692.0,26.750219345092773,144.8724365234375,-143.0,-62.0,27.0,117.0,202.0,222.46250915527344,203.11245727539062,-14.0,82.0,198.0,343.0,509.0,,,,,,,
s0696,,,,,,,,,,,,,,,,,,,,,,,,,,,,,63.21432876586914,134.8477783203125,-105.0,-24.0,63.0,150.0,233.0,-125.1591567993164,348.2181396484375,-823.0,-192.0,-28.0,93.0,200.0,25.488073348999023,168.61819458007812,-186.0,-84.0,26.0,134.0,239.0,,,,,,,,64.85909271240234,159.9176788330078,-136.0,-44.25,65.5,161.0,268.0,53.32170867919922,138.61534118652344,-119.0,-41.0,53.0,143.0,236.0,54.605430603027344,151.257568359375,-135.0,-43.0,54.0,152.0,245.0,51.19807815551758,133.9488525390625,-115.0,-32.0,53.0,136.0,214.3000000000011,362.8763732910156,148.78077697753906,168.0,280.0,374.0,459.0,536.0,1.4746387004852295,116.40453338623047,-141.0,-71.0,2.0,76.0,146.0,278.8767395019531,211.5232391357422,0.0,108.0,285.0,446.0,553.0,,,,,,,
s0697,,,,,,,,,,,,,,,,,,,,,,,,,,,,,76.60282135009766,38.91277313232422,29.0,55.0,79.0,102.0,123.29999999999995,-59.56507110595703,285.3252258300781,-520.0,-19.0,36.0,78.0,114.0,,,,,,,,,,,,,,,,,,,,,,,,,,,,,81.17341613769531,35.99595642089844,36.0,58.0,81.0,104.0,127.0,75.29058074951172,40.79505157470703,26.0,48.0,73.0,101.0,130.0,233.88626098632812,188.99156188964844,110.0,167.0,227.0,280.0,313.0,-34.926963806152344,195.64894104003906,-137.0,-34.0,14.0,49.0,80.0,232.18946838378906,119.04364013671875,78.0,139.0,241.0,316.0,372.0,,,,,,,
s0698,,,,,,,,,,,,,,,,,,,,,,,,,,,,,74.44529724121094,27.826663970947266,40.0,57.0,77.0,95.0,107.0,44.1676025390625,40.7086296081543,11.0,30.0,48.0,66.0,80.0,71.08875274658203,28.715112686157227,31.0,57.0,76.0,91.0,102.0,,,,,,,,98.91883087158203,47.11822509765625,29.0,63.0,107.0,139.0,154.0,103.36356353759766,36.633399963378906,49.0,80.0,110.0,132.0,146.0,49.57756042480469,16.742422103881836,32.0,42.0,51.0,59.0,68.0,66.65351867675781,26.566204071044922,37.0,51.0,64.0,81.0,101.0,289.61541748046875,102.3228988647461,177.0,282.0,305.0,323.0,336.0,5.9847259521484375,94.620361328125,-50.0,3.0,31.0,48.0,62.0,186.27520751953125,104.7020034790039,54.0,93.0,180.0,291.0,334.0,,,,,,,
s0699,6.876087665557861,28.685527801513672,-25.0,-8.0,7.0,25.0,42.0,167.6381072998047,194.81625366210938,-28.0,23.0,122.0,261.0,429.0,253.10546875,226.00473022460938,38.0,91.0,183.0,354.0,587.0,263.8144226074219,227.09974670410156,43.0,97.0,194.0,373.0,603.0,97.56155395507812,26.087533950805664,73.0,91.0,103.0,112.0,121.0,-251.45071411132812,457.2151184082031,-981.0,-915.0,42.0,74.0,91.0,50.10968780517578,32.5481071472168,10.0,32.0,52.0,69.0,85.0,250.56642150878906,214.03839111328125,48.0,91.0,189.0,347.0,545.0,118.63794708251953,32.06664276123047,78.0,100.0,124.0,142.0,154.0,117.38172149658203,34.18920135498047,75.0,98.0,124.0,142.0,155.0,107.18649291992188,19.92579460144043,86.0,98.0,109.0,119.0,128.0,108.188720703125,33.87124252319336,64.0,84.0,109.0,136.0,151.0,163.88406372070312,154.20498657226562,81.0,113.0,133.0,150.0,199.0,-134.63128662109375,330.9136047363281,-837.3,-126.75,22.5,57.0,82.0,114.00679779052734,53.673282623291016,70.0,94.0,116.0,136.0,150.0,19.547210693359375,18.385128021240234,-1.0,8.0,18.0,29.0,43.0
s0700,,,,,,,,124.3792495727539,268.0220031738281,-105.0,-45.0,63.0,238.0,459.0,141.73097229003906,216.3701629638672,-63.0,-13.0,77.0,243.0,436.0,189.4679412841797,247.45912170410156,-51.0,10.0,117.0,311.0,539.0,33.60868835449219,50.69142150878906,-30.0,0.0,34.0,67.0,97.0,21.60772705078125,64.50910949707031,-55.0,-16.0,24.0,63.0,99.0,-8.140481948852539,53.3549690246582,-76.0,-44.0,-6.0,27.0,58.0,261.98028564453125,258.2540283203125,0.0,71.0,199.0,388.0,623.0,18.251853942871094,56.81929397583008,-54.0,-19.0,19.0,56.0,90.0,19.037738800048828,55.10879135131836,-52.0,-16.0,20.0,56.0,87.0,50.47306823730469,55.051082611083984,-19.0,14.0,50.0,87.0,120.0,29.709430694580078,54.53052520751953,-39.0,-6.0,30.0,66.0,99.0,42.27433395385742,81.06417083740234,-24.0,4.75,36.0,68.0,100.0,-11.346643447875977,157.88731384277344,-75.89999999999986,-17.0,21.0,55.0,86.0,31.40794563293457,47.724143981933594,-29.0,0.0,31.0,63.0,92.0,,,,,,,
s0702,21.287147521972656,32.39319610595703,-8.0,6.0,19.0,34.0,55.0,125.95096588134766,185.1103973388672,-58.0,-14.0,81.0,219.0,370.0,283.8075256347656,283.323486328125,18.0,74.0,187.0,420.0,719.0,293.0271911621094,283.4800720214844,25.0,84.0,196.0,430.0,729.0,68.63736724853516,26.223527908325195,37.0,55.0,71.0,85.0,98.0,25.829914093017578,99.70709228515625,-4.0,24.0,43.0,59.0,71.0,66.55876159667969,26.946319580078125,34.0,52.0,68.0,83.0,97.0,250.59461975097656,213.44017028808594,57.0,103.0,188.0,332.0,532.0,89.9007797241211,38.84768295288086,47.0,69.0,93.0,112.0,127.0,69.24433898925781,43.50078582763672,3.0,40.0,78.0,101.0,117.0,51.21698760986328,18.582015991210938,29.0,41.0,52.0,63.0,73.0,59.472740173339844,25.91011619567871,31.0,44.0,57.0,72.0,89.0,345.19635009765625,106.08020782470703,222.0,318.0,363.0,385.0,405.0,-16.11571502685547,175.50527954101562,-67.0,-12.0,25.0,54.0,77.0,184.28121948242188,102.97266387939453,80.0,106.0,151.0,304.0,340.0,6.045045852661133,16.400707244873047,-13.0,-3.0,6.0,16.0,26.0
s0703,17.62795639038086,26.668315887451172,-5.0,5.0,17.0,33.0,48.0,116.16010284423828,180.4471435546875,-56.0,-15.0,70.0,194.0,340.0,218.1829376220703,261.3680114746094,-21.0,28.0,124.0,339.75,610.0,214.5454559326172,259.0119934082031,-22.0,27.0,120.0,336.0,600.0,92.62919616699219,24.418872833251953,75.0,86.0,96.0,105.0,113.0,51.441062927246094,31.949106216430664,15.0,38.0,56.0,71.0,83.0,69.0700454711914,32.078678131103516,30.0,59.0,75.0,88.0,99.0,266.4499206542969,229.5357208251953,34.0,95.0,209.0,375.0,587.0,105.49556732177734,35.743717193603516,63.0,89.0,113.0,129.0,140.5,104.05345916748047,37.877384185791016,57.0,84.0,113.0,130.0,142.0,89.00843811035156,21.182804107666016,69.0,80.0,91.0,101.0,110.0,86.8709716796875,22.219058990478516,62.0,73.0,86.0,100.0,115.0,141.5691375732422,71.17642211914062,96.0,125.0,143.0,156.0,166.0,-157.3185577392578,365.0941162109375,-941.0,-192.0,33.0,58.0,77.0,109.82398223876953,27.524473190307617,75.0,95.0,115.0,129.0,139.0,30.916467666625977,28.33917808532715,1.0,13.0,28.0,50.0,69.0
s0704,,,,,,,,,,,,,,,,,,,,,,,,,,,,,52.64299774169922,20.23872947692871,28.0,41.0,54.0,66.0,77.0,34.51105499267578,47.3535041809082,6.0,24.0,40.0,54.0,67.0,44.43288803100586,23.4273681640625,16.0,31.0,45.0,59.0,72.0,306.1828308105469,254.69931030273438,82.0,124.0,223.0,410.0,660.0,52.90352249145508,24.259979248046875,22.0,37.0,53.0,69.0,83.0,50.52059555053711,22.971904754638672,22.0,36.0,52.0,66.0,79.0,69.62825012207031,28.489595413208008,41.0,54.0,68.0,82.0,97.0,171.04888916015625,133.87753295898438,28.0,48.0,124.5,301.0,357.0,174.4374237060547,52.68484878540039,101.0,153.0,183.0,206.0,227.0,16.75716209411621,87.15882873535156,-13.0,9.75,29.0,48.0,65.0,266.0146179199219,155.8472442626953,72.0,170.0,264.0,344.0,426.0,17.43864631652832,17.566417694091797,-4.0,6.0,17.0,29.0,40.0
s0705,8.235252380371094,34.272804260253906,-31.0,-4.0,13.0,29.0,43.0,196.87234497070312,197.33566284179688,-33.0,50.0,169.0,305.0,464.0,293.849365234375,251.45742797851562,34.0,102.0,225.0,431.0,665.0,300.3359680175781,253.03160095214844,36.0,108.0,233.0,438.0,675.0,102.0822525024414,28.543710708618164,69.0,88.0,105.0,120.0,134.0,-34.51042175292969,309.1368408203125,-531.0,22.0,71.0,105.0,130.0,26.268428802490234,51.17755126953125,-45.0,-8.0,31.0,64.0,88.0,304.3694152832031,220.0498504638672,69.0,129.25,258.0,428.0,618.0,130.57591247558594,47.25216293334961,63.0,101.0,141.0,166.0,183.0,126.26099395751953,50.59800720214844,55.0,93.0,136.0,164.0,183.0,93.74468231201172,28.406312942504883,60.0,78.0,95.0,112.0,127.0,101.43077850341797,43.74775695800781,45.0,70.0,103.0,135.0,157.0,120.43737030029297,46.89679718017578,54.0,98.0,129.0,150.25,168.0,0.7200606465339661,124.7646713256836,-51.0,-2.0,27.0,51.0,74.0,115.8134536743164,39.6047248840332,68.0,96.0,122.0,142.0,158.0,8.315185546875,27.216142654418945,-25.0,-8.0,9.0,26.0,42.0
s0707,14.094849586486816,99.24542236328125,-39.0,-4.0,16.0,34.0,50.0,106.7208023071289,166.78634643554688,-80.0,-23.0,84.0,197.0,317.0,206.99256896972656,239.34442138671875,-32.0,29.0,146.0,316.0,543.0,189.8694610595703,227.40916442871094,-37.0,20.0,130.0,298.0,504.0,91.20769500732422,29.3792724609375,55.0,77.0,95.0,110.0,123.0,-160.36158752441406,387.7011413574219,-978.0,-26.0,15.0,54.0,88.0,74.72637176513672,30.167198181152344,35.0,59.0,78.0,95.0,109.0,212.1843719482422,191.28005981445312,27.0,77.0,170.0,286.0,452.0,153.5179901123047,46.640350341796875,92.0,121.0,159.0,190.0,209.0,145.94976806640625,51.76110076904297,76.0,111.0,152.0,187.0,208.0,87.18722534179688,26.117258071899414,56.0,72.0,88.0,104.0,118.0,59.07297134399414,40.57645797729492,20.0,34.0,51.0,70.0,117.0,194.13389587402344,126.89208221435547,87.0,156.0,188.0,209.0,235.0,28.697168350219727,38.020320892333984,-16.0,10.0,34.0,53.0,70.0,99.31880187988281,45.30448913574219,38.0,76.0,103.0,129.0,155.0,24.753374099731445,17.236894607543945,3.0,13.0,24.0,36.0,47.0
s0708,37.876583099365234,34.3403205871582,10.0,25.0,38.0,53.0,77.0,270.37078857421875,193.00408935546875,78.0,139.0,223.0,354.0,533.0,458.29046630859375,301.2896728515625,150.0,222.0,363.0,654.0,940.0,459.6002197265625,301.152099609375,146.0,221.0,368.0,659.0,935.0,110.06774139404297,20.7138671875,91.0,103.0,113.0,122.0,130.0,-106.17449188232422,363.78802490234375,-975.0,0.0,44.0,83.0,101.0,101.83981323242188,20.46701431274414,79.0,90.0,102.0,113.0,125.0,444.66888427734375,277.5707702636719,203.0,245.0,338.0,554.0,924.0,161.15716552734375,24.625328063964844,135.0,152.0,165.0,176.0,185.0,158.70584106445312,27.877643585205078,130.0,151.0,164.0,175.0,184.0,112.44015502929688,20.248170852661133,92.0,102.0,112.0,122.0,133.0,139.3247528076172,24.653451919555664,109.0,122.0,139.0,156.0,171.0,148.4041748046875,31.70156478881836,112.0,140.0,157.0,167.0,175.0,5.51898717880249,190.9036102294922,-87.0,33.5,60.0,79.0,95.0,131.5737762451172,37.456233978271484,94.0,116.0,141.0,155.0,164.0,35.85990524291992,15.168604850769043,18.0,26.0,35.0,44.0,54.0
s0709,,,,,,,,,,,,,,,368.634521484375,253.5377197265625,64.0,166.0,340.0,526.0,723.3000000000002,363.0865173339844,254.77328491210938,59.10000000000002,152.0,330.0,526.25,725.0,111.05210876464844,39.83103942871094,60.0,84.0,112.0,138.0,160.0,-70.37571716308594,295.7354431152344,-600.0,-4.0,34.0,62.0,87.0,79.50262451171875,52.735225677490234,13.0,48.0,82.0,113.0,140.0,334.0505065917969,238.22218322753906,99.0,154.0,268.0,459.0,672.0,115.69912719726562,61.76561737060547,33.0,73.0,122.0,161.0,191.0,101.91159057617188,59.66645050048828,22.0,60.0,107.0,146.0,175.0,64.04341125488281,30.651329040527344,26.0,45.0,65.0,84.0,101.0,48.30715560913086,40.11890411376953,-1.0,22.0,47.0,73.0,99.0,354.70745849609375,88.40545654296875,217.0,337.0,381.0,408.0,431.0,-121.36415100097656,281.9305114746094,-679.3,-91.0,1.0,36.0,62.0,219.9297332763672,117.3834457397461,61.0,126.0,224.0,311.0,377.0,12.629597663879395,30.575210571289062,-25.0,-7.0,12.0,33.0,52.0
s0710,,,,,,,,,,,,,,,,,,,,,,,,,,,,,113.83487701416016,80.20121765136719,13.0,62.0,115.0,166.0,213.0,64.89750671386719,83.73392486572266,-31.0,16.0,66.0,117.0,164.0,,,,,,,,,,,,,,,,,,,,,,,,,,,,,61.08232498168945,70.21656036376953,-27.0,16.0,61.0,107.0,149.0,89.21249389648438,63.49995803833008,11.0,47.0,90.0,131.0,170.0,340.5980224609375,102.85442352294922,201.0,297.0,357.0,406.0,448.0,40.405494689941406,140.342529296875,-38.0,9.0,56.5,101.0,144.0,186.43905639648438,104.53458404541016,63.0,110.0,172.0,262.0,335.0,,,,,,,
s0711,34.69117736816406,98.01453399658203,-21.0,6.0,32.0,57.0,84.0,178.92161560058594,199.2663116455078,-38.0,31.0,146.0,277.0,441.0,319.87957763671875,265.2756042480469,59.0,129.0,241.0,443.0,720.0,321.44293212890625,268.1105041503906,59.0,127.0,240.0,448.0,734.0,138.01150512695312,32.093013763427734,100.0,120.0,140.0,159.0,176.0,-28.572355270385742,308.8775329589844,-654.3999999999996,25.0,78.0,119.0,148.0,96.77124786376953,41.25506591796875,45.0,72.0,99.0,124.0,147.0,327.61083984375,229.64759826660156,106.0,159.0,271.0,427.0,633.0,188.83184814453125,62.23689651489258,99.0,147.0,202.0,235.0,258.0,185.96165466308594,64.47747039794922,93.0,141.0,201.0,234.75,258.0,137.025390625,34.83284378051758,95.0,116.0,138.0,159.0,179.0,112.26002502441406,44.138851165771484,56.0,80.0,111.0,144.0,170.0,133.77745056152344,42.58396911621094,83.0,117.0,140.0,158.0,173.0,40.01931381225586,84.9224624633789,-3.0,24.0,51.0,76.0,99.0,146.8162841796875,43.39607620239258,98.0,126.0,152.0,174.0,192.0,40.73198318481445,30.74896240234375,4.0,21.0,40.0,60.0,79.5
s0712,5.290793418884277,99.0115966796875,-64.0,-25.0,13.0,49.0,82.0,165.99472045898438,324.7436218261719,-100.0,-33.0,65.0,244.0,574.0,359.6333312988281,436.6366271972656,-43.0,42.0,197.0,574.0,1074.0,335.7922668457031,418.7939758300781,-53.0,33.0,184.0,535.0,1010.0,,,,,,,,,,,,,,,,,,,,,,,,,,,,,34.56792449951172,53.04154968261719,-34.0,0.0,35.0,69.0,101.0,31.15643882751465,53.43008804321289,-36.0,0.0,33.0,66.0,97.0,,,,,,,,45.034523010253906,49.88996505737305,-14.299999999999997,14.0,42.0,79.0,111.0,136.389404296875,315.71337890625,-37.0,9.0,53.0,107.0,361.0,,,,,,,,,,,,,,,,,,,,,
s0714,,,,,,,,,,,,,,,,,,,,,,,,,,,,,38.97679901123047,115.12298583984375,-104.0,-35.0,37.0,112.0,184.0,-18.170940399169922,205.23326110839844,-158.0,-69.0,11.0,86.0,156.0,19.9522762298584,109.35151672363281,-121.5,-52.0,19.0,93.0,160.0,,,,,,,,24.021303176879883,135.2614288330078,-148.0,-65.75,24.0,112.0,197.0,20.29303741455078,123.84745025634766,-139.0,-61.0,21.0,102.0,176.0,47.28563690185547,107.13816833496094,-87.0,-22.0,47.0,116.0,183.0,36.231781005859375,106.20051574707031,-94.0,-27.0,34.0,100.0,170.0,40.67620849609375,79.85142517089844,-53.0,-6.0,41.0,88.0,135.0,-57.0499382019043,254.57162475585938,-337.0,-68.0,10.0,74.25,133.0,39.01898193359375,66.50370788574219,-44.0,-3.0,39.0,82.0,122.0,,,,,,,
s0715,,,,,,,,,,,,,,,,,,,,,,,,,,,,,,,,,,,,,,,,,,,,,,,,,,,,,,,,,,,,,,,,,,,,,,,,,,,,,,,,,,,,,41.15018081665039,17.1285343170166,23.0,32.0,41.0,50.0,59.0,-28.11508560180664,181.98423767089844,-158.0,0.0,24.0,46.0,65.0,,,,,,,,,,,,,,
s0716,,,,,,,,,,,,,,,,,,,,,,,,,,,,,86.44812774658203,26.007213592529297,57.0,74.0,89.0,103.0,115.0,-1.2594789266586304,180.69390869140625,-28.0,16.0,39.0,60.0,79.0,53.118370056152344,39.20896530151367,1.0,34.0,59.0,79.0,95.0,,,,,,,,79.6314468383789,38.99003601074219,28.0,55.0,86.0,108.0,123.0,80.54737091064453,41.34988784790039,27.0,55.0,89.0,110.0,126.0,60.573707580566406,19.1258487701416,39.0,50.0,62.0,73.0,82.0,50.045379638671875,23.16552734375,23.0,37.0,52.0,65.0,76.0,264.96337890625,92.75337982177734,136.0,257.0,283.0,302.0,317.0,6.670684337615967,124.9269027709961,-29.899999999999864,10.0,33.0,49.0,61.0,137.16021728515625,94.01372528076172,39.0,69.0,109.0,190.0,297.0,35.90018844604492,27.257566452026367,-3.0,17.0,39.0,56.0,69.0
s0717,,,,,,,,,,,,,,,,,,,,,,,,,,,,,77.47857666015625,54.54108810424805,9.0,41.0,77.0,112.0,147.0,-10.545746803283691,187.329345703125,-149.89999999999964,-42.0,28.0,88.0,133.0,,,,,,,,,,,,,,,151.71116638183594,76.45448303222656,49.0,103.0,158.0,204.0,242.0,157.70310974121094,78.3824234008789,50.0,110.0,163.0,211.0,254.0,56.40351867675781,52.791107177734375,-9.0,23.0,57.0,90.0,122.0,63.72386932373047,44.19279479980469,10.0,38.0,64.0,90.0,116.0,429.3219909667969,138.8575439453125,272.0,409.0,450.0,486.0,517.0,-25.72959327697754,135.06280517578125,-91.0,-44.0,-1.0,35.0,64.0,198.35301208496094,143.03004455566406,57.0,95.0,151.0,316.0,423.0,,,,,,,
s0718,,,,,,,,,,,,,,,,,,,,,,,,,,,,,148.7299041748047,36.36607360839844,104.0,127.0,150.0,172.0,192.0,1.196402907371521,156.7855682373047,-23.0,1.0,25.0,49.0,73.0,105.87101745605469,44.16631317138672,50.0,78.0,106.0,135.0,161.0,,,,,,,,147.9690399169922,48.89678955078125,86.0,118.0,150.0,180.0,207.0,140.5631866455078,50.248497009277344,75.0,108.0,144.0,175.0,202.0,115.56475067138672,35.22761917114258,73.0,94.0,115.0,137.0,158.0,144.30670166015625,49.952117919921875,79.0,112.0,147.0,177.0,205.0,181.94679260253906,48.18760299682617,123.0,162.0,187.0,208.0,227.0,-279.6077880859375,446.089599609375,-999.0,-768.0,-9.0,78.0,120.0,150.20986938476562,41.96449661254883,97.0,125.0,153.0,178.0,199.0,51.56144332885742,41.93410873413086,-1.0,22.0,51.0,79.5,105.0
s0719,,,,,,,,,,,,,,,,,,,,,,,,,,,,,65.58845520019531,39.92444610595703,16.0,41.0,67.0,92.0,115.0,35.3466911315918,99.06169891357422,-21.0,12.0,45.0,77.0,106.0,71.52824401855469,57.004241943359375,-1.0,37.0,74.0,109.0,141.0,,,,,,,,73.13648223876953,49.07564926147461,11.0,43.0,75.0,106.0,133.0,72.25127410888672,51.89690399169922,7.0,39.0,73.0,107.0,136.0,30.015531539916992,37.736671447753906,-16.0,6.0,30.0,53.0,76.0,45.59504699707031,39.825721740722656,-3.0,23.0,47.0,69.0,91.0,240.17791748046875,92.3251953125,138.0,217.0,252.0,275.0,296.0,7.180227756500244,77.23350524902344,-52.0,-16.0,16.0,44.0,68.0,141.82296752929688,105.26042175292969,43.0,77.0,129.0,210.0,256.0,,,,,,,
s0720,13.096492767333984,32.37165832519531,-24.0,0.0,17.0,33.0,47.0,263.060302734375,190.79356384277344,80.0,137.0,213.0,338.0,518.0,411.9066162109375,280.0957336425781,135.0,206.0,324.0,557.0,848.0,425.4970397949219,291.0921630859375,140.0,210.0,332.0,579.0,884.0,68.56175994873047,34.74468994140625,36.0,54.0,71.0,88.0,103.0,3.4520180225372314,144.03463745117188,-44.0,-2.0,29.0,55.0,78.0,55.26140213012695,38.32078170776367,7.0,34.0,59.0,81.0,100.0,386.8240051269531,227.47872924804688,180.0,224.0,310.5,481.0,725.0,91.24361419677734,40.334205627441406,45.0,72.0,95.0,117.0,136.0,84.82565307617188,41.538917541503906,37.0,65.0,89.0,111.0,131.0,28.63831329345703,28.8006534576416,-1.0,13.0,28.0,45.0,61.0,86.5914535522461,31.903270721435547,49.0,68.0,88.0,107.0,124.0,109.77554321289062,44.17362976074219,56.0,91.0,118.0,138.0,154.0,13.658529281616211,45.28265380859375,-43.0,-10.0,19.0,44.0,63.0,90.13372039794922,52.09729766845703,49.0,75.0,99.0,115.0,128.0,17.161218643188477,37.219337463378906,-27.0,2.0,22.0,41.0,56.0
s0721,12.53453254699707,26.943580627441406,-7.0,0.0,9.0,19.0,33.0,198.22154235839844,139.4603729248047,38.0,101.0,177.0,266.0,386.0,377.935302734375,228.93392944335938,148.0,211.0,319.0,491.0,706.0,380.40380859375,231.35972595214844,146.0,211.0,322.0,497.0,713.0,78.17073822021484,17.62071990966797,59.0,74.0,82.0,88.0,94.0,-19.736324310302734,173.2689666748047,-14.0,4.0,15.0,27.0,42.0,75.67491912841797,16.83062171936035,56.0,69.0,78.0,86.0,93.0,356.0111083984375,200.44558715820312,189.0,221.0,284.0,420.0,646.0,105.60887908935547,21.902334213256836,79.0,99.0,111.0,119.0,126.0,101.0074234008789,22.072551727294922,72.0,94.0,106.0,115.0,122.0,80.98050689697266,15.348647117614746,66.0,74.0,82.0,89.0,96.0,98.16654205322266,20.111249923706055,79.0,88.0,97.0,107.0,124.0,107.33696746826172,27.722007751464844,70.0,102.0,115.0,124.0,131.0,-27.04648208618164,167.8690643310547,-108.0,-8.0,24.0,41.0,53.0,88.39110565185547,45.56886672973633,51.0,79.0,96.0,114.0,126.0,11.308960914611816,12.53503131866455,-2.0,3.0,10.0,18.0,28.0
s0723,7.958386421203613,32.48567199707031,-17.0,-4.0,8.0,20.0,35.0,190.9983673095703,183.27560424804688,-8.0,55.0,159.0,282.0,425.0,319.8616027832031,208.90211486816406,91.0,166.0,279.0,434.0,607.0,338.13848876953125,217.79615783691406,101.0,178.0,292.0,456.0,648.1000000000058,103.65556335449219,22.63058853149414,78.0,98.0,108.0,117.0,124.0,-50.64934539794922,360.7061462402344,-859.0,-1.0,84.0,145.0,212.0,105.03672790527344,27.1705322265625,70.0,93.0,108.0,120.0,133.0,275.16046142578125,205.56642150878906,80.0,128.0,218.0,352.0,567.0,133.6327362060547,45.52688980102539,67.0,104.0,144.0,170.0,184.0,143.43504333496094,39.6708984375,83.0,120.0,156.0,173.0,184.0,116.89624786376953,18.941614151000977,99.0,110.0,119.0,127.0,134.0,115.53313446044922,27.67506217956543,78.0,98.0,118.0,133.0,150.0,211.87109375,44.3097038269043,148.0,198.0,222.0,239.0,254.0,-30.822425842285156,226.3590087890625,-328.0,-2.0,55.0,76.0,97.0,172.2923126220703,60.09479522705078,99.0,141.0,177.0,217.0,241.0,23.12815284729004,16.933937072753906,5.100000000000023,12.0,20.0,32.0,47.0
s0724,16.60710334777832,33.64598846435547,-6.0,9.0,20.0,30.0,40.0,205.89028930664062,223.3159637451172,-21.0,38.0,149.0,314.0,526.0,290.4294128417969,280.2063903808594,21.0,84.0,196.0,428.0,719.0,287.379638671875,282.63006591796875,16.0,77.0,193.0,430.0,720.0,,,,,,,,,,,,,,,,,,,,,,,,,,,,,40.43975830078125,31.943693161010742,-6.0,21.25,47.5,64.0,76.0,,,,,,,,,,,,,,,,,,,,,,220.20645141601562,74.54572296142578,126.0,203.0,227.0,243.0,260.0,,,,,,,,,,,,,,,,,,,,,
s0726,7.216040134429932,32.70228576660156,-34.0,-6.0,11.0,27.0,41.0,123.9860610961914,165.7714385986328,-45.0,4.0,84.0,202.0,346.0,287.3826904296875,270.577392578125,35.0,86.0,193.0,419.0,712.0,289.8000183105469,274.1784973144531,28.0,83.0,194.0,430.0,724.0,108.84736633300781,34.223575592041016,82.0,101.0,114.0,126.0,136.0,-82.91791534423828,328.9436340332031,-847.0,2.0,39.0,84.0,108.0,99.59676361083984,28.552213668823242,69.0,88.0,102.0,116.0,129.0,279.4734802246094,247.47039794921875,67.0,105.0,194.0,367.0,637.0,161.0042266845703,47.88569641113281,108.0,145.0,174.0,191.0,203.0,155.886474609375,46.685909271240234,100.0,137.0,168.0,186.0,199.0,64.15074920654297,28.4384822845459,38.0,50.0,63.0,76.0,91.0,125.91759490966797,27.41597557067871,93.0,110.0,127.0,144.0,159.0,157.6781768798828,48.02614212036133,114.0,143.0,162.0,177.0,188.0,17.437349319458008,170.24464416503906,-16.0,30.0,56.0,76.0,96.0,129.36062622070312,40.31524658203125,77.0,111.0,138.0,156.0,169.0,27.166730880737305,36.954158782958984,-6.0,5.0,19.0,48.0,84.0
s0727,11.067305564880371,127.70885467529297,-68.0,-25.0,18.0,61.0,103.0,191.80555725097656,184.78057861328125,-18.0,71.0,174.0,282.0,411.0,240.27606201171875,265.56390380859375,0.0,78.0,177.0,318.0,560.3000000000029,253.45449829101562,270.813720703125,11.0,91.0,189.0,329.0,568.0,167.11326599121094,76.56312561035156,71.0,121.0,170.0,218.0,261.0,-701.8524169921875,415.355224609375,-997.0,-975.0,-937.0,-477.0,39.0,94.12287902832031,98.71800231933594,-1.0,48.0,99.0,145.0,190.0,293.4359436035156,250.4451446533203,80.0,150.0,237.0,356.0,562.0,239.3114471435547,110.34204864501953,96.0,166.0,249.0,320.0,373.0,216.77769470214844,107.0765380859375,78.0,143.0,222.0,294.0,351.0,127.68189239501953,68.89453887939453,44.0,84.0,128.0,171.0,211.0,185.24378967285156,81.37223052978516,80.0,135.0,191.0,242.0,281.0,362.7074279785156,155.36695861816406,212.0,300.0,364.0,420.0,472.0,-85.79685974121094,370.5290832519531,-894.9,-50.0,51.0,118.0,182.0,197.64849853515625,91.2314453125,85.0,142.0,203.0,259.0,306.0,27.932382583618164,62.15331268310547,-47.19999999999999,-15.0,24.0,66.5,109.0
s0728,-0.7635278701782227,116.82720947265625,-149.0,-78.0,0.0,76.0,148.0,301.76837158203125,329.9736633300781,-51.0,69.0,232.0,469.0,777.0,402.5828857421875,420.8343200683594,-13.0,102.0,268.0,617.0,1088.0,433.27545166015625,425.7440490722656,2.0,120.0,298.0,676.75,1126.0,99.41407012939453,97.41204833984375,-23.0,34.0,99.0,164.0,223.0,-49.20311737060547,340.959716796875,-843.0,-38.0,55.0,131.0,197.0,82.98421478271484,130.30079650878906,-83.0,-2.0,82.0,171.0,249.3000000000011,452.96539306640625,405.44561767578125,34.0,163.0,343.0,661.25,1113.1000000000004,130.50369262695312,118.75581359863281,-20.0,52.0,131.0,210.0,280.0,128.71971130371094,115.52732849121094,-19.0,53.0,130.0,206.0,274.0,105.0594253540039,99.5040054321289,-18.0,41.0,105.0,169.0,230.0,117.37964630126953,125.07794952392578,-42.0,38.0,120.0,198.0,270.0,125.72917175292969,132.50794982910156,-19.0,48.0,121.0,196.0,267.0,41.623905181884766,83.1414566040039,-66.0,-12.0,43.0,97.0,147.0999999999999,118.7752685546875,80.32884979248047,16.0,66.0,120.0,172.0,220.0,25.51019287109375,105.6802749633789,-109.0,-42.0,25.0,94.0,159.0
s0729,,,,,,,,,,,,,,,,,,,,,,,,,,,,,111.34642791748047,35.24170684814453,63.0,96.0,119.0,135.0,148.0,48.98441696166992,62.70766067504883,17.0,39.0,59.0,74.0,85.0,56.04071807861328,31.118295669555664,14.0,39.0,60.0,76.0,89.0,,,,,,,,114.2260971069336,50.514259338378906,43.0,72.0,123.0,156.0,172.0,108.16310119628906,48.09223556518555,43.0,66.0,114.0,149.0,167.0,58.484580993652344,15.398669242858887,43.0,52.0,60.0,67.0,74.0,53.294742584228516,24.028087615966797,32.0,44.0,54.0,65.0,77.0,412.2054748535156,94.09391784667969,275.0,403.0,436.0,457.0,472.0,-31.215917587280273,205.20272827148438,-223.0,1.0,36.0,55.0,72.0,320.033935546875,129.37718200683594,140.0,222.0,316.0,442.0,471.0,11.552003860473633,19.14613151550293,-10.399999999999977,1.0,11.0,23.0,35.0
s0730,6.96839714050293,41.33475875854492,-44.0,-19.0,7.0,34.0,58.0,180.65664672851562,246.53016662597656,-56.0,16.0,126.0,268.0,482.5,288.8482971191406,305.2635192871094,20.0,95.0,198.0,387.0,703.0,311.8210754394531,325.9508361816406,22.0,96.0,212.0,426.0,782.2000000000044,,,,,,,,,,,,,,,,,,,,,,,,,,,,,,,,,,,,,,,,,,,,,,,,,,,,,,,,,,,,,,,,,,,,,,,,,,,,,,,,,,,,
s0731,-3.5388343334198,29.10166358947754,-37.0,-19.0,-2.0,14.0,30.0,256.9946594238281,210.6307830810547,51.0,111.0,203.0,345.0,535.0,415.46240234375,303.34552001953125,117.0,187.0,320.0,578.0,883.0,410.29278564453125,297.15264892578125,115.0,185.0,319.0,573.0,862.0,95.95721435546875,31.55345344543457,58.0,80.0,98.0,116.0,132.0,-87.05167388916016,324.1556091308594,-819.0,-13.0,41.0,72.0,96.0,61.792152404785156,43.37344741821289,5.0,37.0,66.0,91.0,112.0,450.9871826171875,313.9151611328125,153.0,216.0,351.0,592.0,953.0,124.8515625,37.12747573852539,80.0,107.0,129.0,149.0,166.0,122.5699691772461,39.2048454284668,73.0,104.0,128.0,148.0,166.0,83.51122283935547,30.1744327545166,48.0,66.0,84.0,102.0,120.0,102.403076171875,40.660491943359375,50.0,75.0,103.0,131.0,155.0,155.2591094970703,51.860782623291016,80.0,124.0,168.0,195.0,211.0,10.278569221496582,121.83222198486328,-32.0,9.0,36.0,56.0,73.0,119.13738250732422,42.064208984375,63.0,93.0,124.0,150.0,169.0,5.138754844665527,29.182884216308594,-32.0,-14.0,4.0,24.0,43.0
s0732,,,,,,,,,,,,,,,377.3453063964844,249.11239624023438,81.0,167.0,338.0,554.0,736.5,438.97869873046875,275.3916320800781,123.0,212.0,399.0,623.0,849.8000000000001,105.40886688232422,35.283939361572266,63.0,89.0,110.0,128.0,144.0,-265.7880859375,432.3844299316406,-975.0,-819.0,-13.0,46.0,85.0,93.41698455810547,37.72489547729492,47.0,73.0,96.0,117.0,136.0,269.4990539550781,220.99639892578125,77.0,122.0,202.0,346.0,550.0,157.75161743164062,48.86246109008789,94.0,130.0,165.0,191.0,213.0,150.664306640625,49.450618743896484,84.0,123.0,158.0,186.0,206.0,118.2233657836914,31.559892654418945,81.0,100.0,119.0,138.0,155.0,102.60658264160156,55.036319732666016,38.0,65.0,98.0,134.0,169.0,214.1110076904297,181.87184143066406,109.0,144.0,173.0,204.0,320.0,12.316020011901855,103.82894897460938,-63.0,-1.0,33.0,64.0,92.0,127.04390716552734,49.63336181640625,61.0,98.0,131.0,160.0,186.0,25.352224349975586,33.68987274169922,-14.0,3.0,23.0,46.0,70.0
s0733,19.551816940307617,49.4341926574707,-29.0,9.0,29.0,44.0,55.0,202.08935546875,166.822509765625,42.0,88.0,158.0,273.0,430.0,311.72686767578125,252.75344848632812,72.0,129.0,228.0,433.0,695.0,315.45477294921875,253.64024353027344,74.0,129.0,232.0,440.0,704.0,92.66004180908203,17.569625854492188,73.0,83.0,94.0,104.0,112.0,-20.483169555664062,243.24977111816406,-36.0,22.0,50.0,70.0,85.0,73.17162322998047,30.30919075012207,37.0,59.0,76.0,91.0,105.0,281.0751037597656,196.63262939453125,117.0,147.0,214.0,346.0,546.0,101.211181640625,31.08521842956543,60.0,82.0,107.0,124.0,136.0,101.10017395019531,31.86119842529297,60.0,82.0,107.0,124.0,136.0,90.29109954833984,20.59132194519043,68.0,80.0,91.0,102.0,113.0,98.40270233154297,26.1134090423584,66.0,80.0,98.0,117.0,133.0,131.67575073242188,60.86387252807617,83.0,117.0,135.0,146.0,155.0,3.3488831520080566,180.2396697998047,-8.0,26.0,43.0,59.0,73.0,107.20772552490234,34.40191650390625,65.0,91.0,115.0,131.0,141.0,30.070070266723633,17.5026912689209,9.0,19.0,30.0,41.0,51.0
s0734,,,,,,,,,,,,,,,,,,,,,,,,,,,,,,,,,,,,,,,,,,,,,,,,,,,,,,,,,,,,,,,,,,,,,,,,,,,,,,,,,,,,,99.78067779541016,87.09821319580078,-8.0,42.0,99.0,157.0,211.0,24.28882598876953,150.0257568359375,-109.79999999999995,-32.0,39.0,108.0,168.0,,,,,,,,,,,,,,
s0735,,,,,,,,,,,,,,,,,,,,,,,,,,,,,147.61297607421875,33.71100997924805,108.0,130.0,150.0,167.0,184.0,67.30426788330078,146.6534423828125,5.0,61.0,102.0,131.0,154.0,124.58087921142578,44.28334045410156,75.0,97.0,120.0,148.0,183.0,203.6732177734375,154.783935546875,56.0,98.0,166.0,269.0,393.40000000000055,155.2135009765625,68.33030700683594,62.0,105.0,165.0,204.0,233.0,150.49757385253906,68.20539093017578,58.700000000000045,98.0,159.0,201.0,229.3000000000011,86.15576171875,29.16551971435547,53.0,69.0,85.0,102.0,119.0,118.0101547241211,42.89421081542969,66.0,92.0,117.0,144.0,171.0,214.643798828125,56.6909294128418,136.0,180.0,220.0,259.0,282.0,-21.744548797607422,200.699462890625,-163.0,0.0,35.0,62.0,87.0,133.34469604492188,40.17173385620117,87.0,113.0,136.0,158.0,179.0,,,,,,,
s0736,,,,,,,,,,,,,,,,,,,,,,,,,,,,,21.43143653869629,38.662105560302734,-26.0,0.0,24.0,46.0,67.0,-50.472774505615234,196.14906311035156,-94.0,-42.0,-6.0,24.0,51.0,,,,,,,,,,,,,,,,,,,,,,,,,,,,,43.76008987426758,38.261383056640625,-3.0,19.0,43.0,68.0,92.0,26.087039947509766,35.822242736816406,-19.0,4.0,27.0,48.0,69.0,59.0456657409668,139.8386993408203,-1.0,19.0,39.0,59.0,84.0,6.740857124328613,65.33707427978516,-46.0,-13.0,16.0,40.0,59.0,28.978530883789062,31.864999771118164,-9.0,10.0,30.0,50.0,67.0,,,,,,,
s0737,14.707761764526367,24.018232345581055,-9.0,7.0,14.0,28.0,43.0,113.68162536621094,134.16281127929688,-36.0,12.0,99.0,184.0,274.0,250.20480346679688,209.87954711914062,44.0,108.0,194.0,335.0,542.0,252.20919799804688,209.53585815429688,41.0,104.0,200.0,342.0,544.0,112.85108184814453,19.70098876953125,88.0,109.0,118.0,124.0,130.0,17.46792221069336,145.88336181640625,0.0,28.0,43.0,62.0,80.0,94.79155731201172,21.149147033691406,67.0,84.0,97.0,108.0,118.0,264.82977294921875,176.76211547851562,97.0,138.0,216.0,339.0,508.0,,,,,,,,202.1626739501953,41.58757019042969,138.0,191.0,216.0,228.0,239.0,109.18360137939453,18.867807388305664,95.0,105.0,111.0,116.0,124.0,123.00310516357422,26.474681854248047,96.0,109.0,120.0,133.0,163.0,156.94357299804688,31.55479621887207,109.0,149.0,167.0,177.0,184.0,-25.492809295654297,207.27978515625,-276.0,-4.0,52.0,79.0,95.0,140.20436096191406,38.752418518066406,91.0,119.0,152.0,167.0,177.0,36.65416717529297,17.748228073120117,21.0,25.0,31.0,42.0,65.0
s0738,,,,,,,,,,,,,,,,,,,,,,,,,,,,,89.30569458007812,35.86948776245117,42.0,65.0,93.0,115.0,132.0,-147.4144744873047,387.65814208984375,-977.0,-11.0,35.0,60.0,82.0,,,,,,,,,,,,,,,,,,,,,,,,,,,,,59.758819580078125,25.316173553466797,30.0,44.0,59.0,75.0,90.0,90.8952407836914,42.44335174560547,41.0,60.0,89.0,116.0,147.0,529.519775390625,109.80534362792969,363.0,532.0,566.0,588.0,607.0,21.99141502380371,88.01202392578125,-24.0,8.0,35.0,61.0,84.0,258.5132751464844,175.1714630126953,90.0,139.0,189.0,472.0,539.0,,,,,,,
s0739,3.8275222778320312,39.932193756103516,-64.0,-8.0,10.0,31.0,46.0,230.75335693359375,182.76861572265625,46.0,103.0,186.0,314.0,473.90000000000146,383.4842224121094,276.8622741699219,111.0,176.0,293.0,533.0,812.0,380.2181701660156,282.5528259277344,102.0,170.0,286.0,532.0,822.0,70.7114028930664,18.956207275390625,51.0,62.0,73.0,82.0,91.0,-10.710773468017578,135.6935577392578,-79.0,-20.0,20.0,47.0,64.0,60.54060363769531,23.616905212402344,33.0,49.0,63.0,76.0,87.0,376.4917907714844,243.5294952392578,164.0,198.0,290.0,468.0,762.0,102.61927032470703,24.459522247314453,76.0,92.0,105.0,117.0,129.0,97.91566467285156,26.356304168701172,70.0,87.0,101.0,114.0,125.0,78.23006439208984,18.532522201538086,58.0,68.0,79.0,90.0,99.0,86.35287475585938,22.140460968017578,61.0,74.0,87.0,100.0,113.0,90.49677276611328,30.032278060913086,57.0,83.0,98.0,107.0,116.0,1.6339980363845825,135.85110473632812,-76.0,3.0,38.0,61.0,75.0,82.88751220703125,31.67629623413086,46.0,72.0,90.0,102.0,112.0,22.837749481201172,23.223194122314453,-4.0,8.0,22.0,38.0,52.0
s0740,14.826994895935059,78.78529357910156,-82.0,-35.0,15.0,65.0,113.0,197.18112182617188,255.62158203125,-66.0,26.0,149.0,306.0,531.9000000000015,293.3793640136719,283.6781311035156,3.0,91.75,222.0,458.25,715.9000000000001,264.4344787597656,263.5494384765625,-7.0,68.5,192.0,417.0,652.0,,,,,,,,13.055501937866211,95.78417205810547,-94.0,-38.0,18.0,70.0,124.0,19.95703125,65.29740905761719,-63.0,-21.0,20.0,63.0,102.0,386.6351013183594,300.427001953125,85.0,172.0,303.0,532.0,844.0,37.86079788208008,81.74095153808594,-60.0,-15.0,36.0,91.0,141.0,,,,,,,,48.96415328979492,72.8713150024414,-42.0,2.0,49.0,96.0,140.0,38.012603759765625,70.04256439208984,-48.0,-5.0,38.0,82.0,125.0,40.691280364990234,74.58660888671875,-50.0,-4.0,41.0,87.0,131.0,5.976798057556152,158.5588836669922,-98.0,-28.0,27.0,79.0,134.0,37.65639877319336,58.84536361694336,-35.0,1.0,38.0,75.0,110.0,,,,,,,
s0741,,,,,,,,310.55596923828125,171.4478302001953,131.0,193.0,279.0,393.0,527.0,394.50408935546875,212.52105712890625,184.0,234.0,337.0,509.0,696.0,421.1274719238281,253.31625366210938,183.0,225.0,341.0,564.0,788.0,,,,,,,,,,,,,,,,,,,,,,,,,,,,,,,,,,,,,,,,,,,,,,,,,,,,,,,,,,,,,,,,,,,,,,,,,,,,,,,,,,,,
s0743,,,,,,,,,,,,,,,,,,,,,,,,,,,,,72.33560943603516,172.86233520507812,-143.0,-39.0,71.0,184.0,289.0,-53.92029571533203,309.3226318359375,-385.0,-114.0,12.0,123.0,223.0,61.536319732666016,163.41177368164062,-146.0,-48.0,61.0,171.0,270.0,,,,,,,,71.35321044921875,191.87632751464844,-174.0,-52.0,71.0,198.0,312.0,88.0046157836914,178.37338256835938,-136.5,-29.0,90.0,197.75,311.5,61.58552551269531,143.86248779296875,-118.0,-30.0,61.0,154.0,241.0,50.07793426513672,157.76063537597656,-145.0,-51.0,48.0,148.0,246.39999999999964,231.54788208007812,137.1927490234375,60.0,153.0,238.0,315.0,389.0,-8.429998397827148,167.9895782470703,-157.0,-69.0,10.0,85.0,156.0,131.58853149414062,138.408203125,-38.0,40.0,126.0,217.0,310.0,4.918949127197266,143.33602905273438,-179.0,-89.0,7.0,102.0,185.0
s0746,13.788597106933594,108.7464370727539,-125.0,-57.0,14.0,85.0,151.0,248.83045959472656,291.5417785644531,-60.0,43.0,188.0,394.0,660.0,456.0174255371094,413.5604248046875,8.0,128.0,337.0,760.0,1101.0,436.69140625,405.28057861328125,2.0,121.0,319.0,720.0,1076.0,91.13288879394531,91.69937133789062,-24.0,31.0,91.0,151.0,206.0,-55.493812561035156,324.19879150390625,-728.0,-51.0,42.0,117.0,183.0,74.27983856201172,104.96314239501953,-59.0,4.0,74.0,145.0,208.0,394.1270751953125,337.97705078125,53.40000000000009,158.0,303.0,555.5,913.0,123.2291488647461,104.12773132324219,-10.0,55.0,124.0,193.0,255.0,126.70259094238281,103.2729721069336,-4.0,59.0,128.0,196.0,256.0,89.3754653930664,93.67310333251953,-27.0,29.0,90.0,150.0,207.0,91.29668426513672,115.97972869873047,-57.0,15.0,92.0,167.0,239.0,116.64502716064453,138.61170959472656,-27.0,39.0,111.0,182.0,254.0,8.363349914550781,176.94776916503906,-123.0,-43.0,29.0,102.0,166.0,104.6224594116211,84.86212158203125,0.0,52.0,106.0,160.0,208.0,14.309611320495605,85.62051391601562,-93.0,-42.0,13.0,71.0,123.0
s0747,,,,,,,,,,,,,,,,,,,,,,,,,,,,,21.037721633911133,42.556636810302734,-27.0,0.0,24.0,47.0,68.0,-139.6619873046875,343.9097900390625,-965.0,-41.0,1.0,29.0,52.0,3.226038932800293,50.93633270263672,-61.0,-25.0,6.0,34.0,58.0,,,,,,,,13.160451889038086,39.940757751464844,-36.0,-9.0,15.0,39.0,60.0,6.2697272300720215,43.62252426147461,-48.0,-19.0,8.0,34.0,59.0,42.64695358276367,39.24451446533203,0.0,21.0,44.0,66.0,87.0,32.07585906982422,36.46902084350586,-11.0,11.0,33.0,53.0,76.0,45.516876220703125,85.54651641845703,-1.0,19.0,37.0,54.0,74.0,-61.22464370727539,257.8836975097656,-197.39999999999986,-14.0,19.0,42.0,62.0,30.308977127075195,26.970516204833984,0.0,16.0,32.0,47.0,60.0,,,,,,,
s0749,7.36469841003418,34.85271453857422,-35.0,-9.0,11.0,30.0,47.0,149.42153930664062,188.22854614257812,-49.0,10.0,114.0,237.0,397.0,303.63861083984375,280.5272521972656,32.0,98.0,211.0,447.0,725.0,303.8241882324219,282.36492919921875,31.0,95.0,210.0,451.0,732.0,94.56146240234375,33.79536819458008,55.0,79.0,98.0,116.0,132.0,22.295917510986328,197.14508056640625,-19.0,35.0,71.0,98.0,118.0,57.9503059387207,46.695098876953125,-6.0,31.0,64.0,90.0,112.0,271.2890319824219,211.03424072265625,72.0,122.0,211.0,359.0,567.0,128.0561065673828,51.903953552246094,54.0,91.0,138.0,167.0,188.0,127.83731079101562,52.677947998046875,53.0,91.0,138.0,168.0,189.0,72.49064636230469,29.3745174407959,37.0,55.0,73.0,91.0,108.0,114.10078430175781,36.30180740356445,67.0,92.0,117.0,139.0,157.0,117.19236755371094,80.58335876464844,45.0,86.0,117.0,140.0,163.0,20.94542694091797,76.44070434570312,-29.0,5.0,32.0,56.0,79.0,100.27372741699219,43.35626220703125,50.0,81.0,106.0,128.0,146.0,12.546218872070312,27.64752769470215,-22.0,-4.0,13.0,31.0,46.0
s0750,,,,,,,,,,,,,,,,,,,,,,,,,,,,,50.04050064086914,65.00870513916016,-31.0,7.0,49.0,93.0,132.0,-96.48332977294922,323.9643859863281,-904.0,-50.0,12.0,62.0,106.0,,,,,,,,,,,,,,,53.695289611816406,68.99994659423828,-32.39999999999998,7.0,54.0,99.0,143.0,49.87297439575195,67.8466567993164,-36.0,2.25,50.0,96.0,134.20000000000027,63.2425422668457,60.36469650268555,-11.0,25.0,63.0,101.0,138.0,63.782745361328125,78.74118041992188,-19.0,16.0,57.0,103.0,154.0,434.2073669433594,190.6673583984375,221.0,362.0,444.0,517.0,578.0,-189.9382781982422,396.35247802734375,-967.0,-151.0,-9.0,50.0,103.0,518.0582275390625,335.1882629394531,59.0,166.0,572.0,821.0,925.0,,,,,,,
s0751,9.329001426696777,34.280357360839844,-11.0,-1.0,8.0,20.0,34.0,187.6253662109375,161.15380859375,21.0,69.0,154.0,263.0,399.0,317.1591796875,258.926025390625,65.0,134.0,247.0,433.0,687.0,328.8538818359375,257.7586975097656,70.0,137.0,261.0,456.0,700.0,98.04551696777344,25.399702072143555,65.0,84.0,101.0,116.0,127.0,-39.37551498413086,203.81663513183594,-183.0,-10.0,18.0,44.0,67.0,56.48625564575195,41.22431945800781,14.0,31.0,52.0,76.0,100.0,281.03033447265625,191.38719177246094,109.0,140.0,222.0,365.0,532.0,126.4820327758789,47.96666717529297,56.0,89.0,137.0,166.0,181.0,107.0418701171875,41.35397720336914,51.0,74.0,113.0,141.0,157.0,67.99823760986328,18.184053421020508,47.0,58.0,69.0,79.0,89.0,68.59783935546875,32.42881393432617,30.0,44.0,67.0,93.0,109.0,270.3843078613281,184.44305419921875,88.0,200.0,249.0,273.0,459.0,-85.04425048828125,220.14288330078125,-378.39999999999986,-69.0,0.0,29.0,49.0,128.49327087402344,65.3548355102539,60.0,87.0,113.0,178.0,227.0,36.076595306396484,20.89512062072754,9.0,21.0,36.0,51.0,63.0
s0752,,,,,,,,,,,,,,,,,,,,,,,,,,,,,56.37812805175781,24.12042236328125,27.0,44.0,58.0,72.0,84.0,-113.18841552734375,332.6553039550781,-940.0,-23.0,26.0,49.0,65.0,36.92464065551758,30.356956481933594,-3.0,19.0,40.0,58.0,72.0,,,,,,,,46.01398849487305,27.900880813598633,10.0,29.0,48.0,65.0,79.0,46.887611389160156,27.5667724609375,11.0,30.0,49.0,66.0,80.0,46.12812423706055,19.924795150756836,22.0,34.0,47.0,59.0,70.0,42.559913635253906,24.533645629882812,12.0,27.0,43.0,58.0,73.0,207.624267578125,54.62977600097656,128.0,186.0,218.0,244.0,264.0,8.024825096130371,98.72200775146484,-33.0,1.0,26.0,46.0,64.0,169.1077880859375,86.71623229980469,53.0,97.0,184.0,231.0,261.0,9.462836265563965,21.357406616210938,-16.0,-2.0,11.0,24.0,34.0
s0753,,,,,,,,,,,,,,,,,,,,,,,,,,,,,81.9559326171875,89.94375610351562,-32.0,22.0,82.0,141.0,196.0,-6.464409828186035,211.2357635498047,-139.0,-47.0,28.0,101.0,166.0,63.970401763916016,114.48446655273438,-74.0,-11.0,62.0,137.5,206.0,,,,,,,,,,,,,,,98.63170623779297,106.6356430053711,-37.0,28.0,99.0,169.0,237.0,57.47755432128906,91.47592163085938,-58.0,-2.0,57.0,117.0,173.0,60.71577072143555,97.50289154052734,-61.0,0.0,61.0,123.0,182.0,293.3547058105469,111.22956085205078,145.0,239.0,306.0,362.0,414.0,-22.339439392089844,193.46795654296875,-202.0,-58.0,18.0,81.0,138.5,147.3679656982422,130.80238342285156,-4.0,55.0,129.0,228.0,336.0,,,,,,,
s0754,17.79173469543457,20.41204071044922,-1.0,16.0,21.0,27.0,34.0,183.54344177246094,156.9874725341797,31.0,78.0,144.0,246.0,386.0,284.146728515625,212.47518920898438,78.0,132.0,222.0,379.0,598.0,289.3333435058594,216.03125,76.0,133.0,227.0,389.0,607.0,120.90807342529297,13.376396179199219,109.0,117.0,123.0,128.0,133.0,33.626075744628906,146.53018188476562,18.0,47.0,63.0,75.0,87.0,71.50862884521484,32.074928283691406,32.0,51.0,71.0,92.0,113.0,275.6553955078125,192.79623413085938,100.0,128.0,212.0,370.0,554.0,113.44901275634766,32.198570251464844,68.0,90.0,121.0,139.0,149.0,112.50657653808594,33.41084671020508,65.0,87.0,120.0,140.0,150.0,63.49855422973633,19.02712059020996,51.0,59.0,65.0,70.0,76.0,105.76488494873047,31.551349639892578,67.0,80.0,109.0,132.0,147.0,201.45367431640625,44.065635681152344,136.0,186.0,211.0,233.0,244.0,54.875831604003906,42.74502944946289,26.0,46.0,61.0,72.0,82.0,128.7767333984375,40.735591888427734,74.0,102.0,137.0,158.0,176.0,12.691550254821777,15.017792701721191,0.0,6.0,11.0,18.0,26.0
s0756,,,,,,,,,,,,,,,,,,,,,,,,,,,,,,,,,,,,,,,,,,,,,,,,,,,,,,,,,,,,,,,,,,,,,,,,,,,,,,,,,,,,,281.1119689941406,114.58495330810547,147.0,214.0,282.0,348.0,409.0,13.96661376953125,156.3749237060547,-90.0,-31.5,29.0,89.0,148.0,,,,,,,,,,,,,,
s0759,,,,,,,,,,,,,,,,,,,,,,,,,,,,,96.45744323730469,107.67892456054688,-37.0,26.0,96.0,166.0,233.0,68.20521545410156,109.29219818115234,-70.0,-1.0,68.0,139.0,208.0,77.91938018798828,111.5181655883789,-65.0,6.75,78.0,151.0,222.5999999999999,,,,,,,,121.04483795166016,122.51761627197266,-35.0,40.0,123.0,205.0,274.0,120.89395141601562,120.9773178100586,-30.0,42.0,120.0,200.0,273.0,83.2078628540039,105.88922119140625,-49.0,14.0,83.0,152.0,217.0,112.26184844970703,99.21397399902344,-14.0,49.0,113.0,177.25,236.0,117.9695053100586,121.20963287353516,1.0,59.0,117.0,175.0,231.0,-31.497760772705078,338.17919921875,-416.5,-31.0,57.0,134.0,210.0,103.5894775390625,101.26664733886719,-22.0,38.0,104.0,169.0,229.0,,,,,,,
s0760,5.324664115905762,21.838367462158203,-11.0,-1.0,7.0,16.0,25.0,264.3821716308594,234.04078674316406,25.0,94.0,201.0,382.0,587.0,498.0859680175781,332.87908935546875,150.0,228.0,401.0,714.0,1013.0,507.88214111328125,335.4634704589844,153.0,236.0,411.0,732.0,1026.0,102.41068267822266,19.449159622192383,81.0,93.0,104.0,114.0,123.0,-59.48217010498047,277.1055908203125,-524.5999999999995,0.0,33.0,73.0,95.0,91.54737854003906,19.51478385925293,68.0,80.0,92.0,104.0,115.0,464.196044921875,312.46435546875,170.0,223.0,356.0,625.0,962.0,167.3102264404297,37.03950500488281,122.0,150.0,170.0,190.0,211.0,162.11448669433594,36.73871612548828,117.0,145.0,165.0,185.0,205.0,110.20407104492188,20.199989318847656,88.0,100.0,111.0,122.0,132.0,129.88027954101562,24.625810623168945,103.0,116.0,129.0,142.0,156.0,133.99819946289062,31.140459060668945,97.0,121.0,138.0,153.0,166.0,-13.162886619567871,164.7373504638672,-195.0,-18.0,25.0,66.0,123.0,113.57427215576172,32.45370864868164,74.0,96.0,116.0,135.0,151.0,23.329837799072266,21.97783088684082,-1.0,9.0,22.0,36.0,51.0
s0762,35.911293029785156,33.70994186401367,0.0,17.0,36.0,57.0,76.0,185.89515686035156,180.20501708984375,10.0,61.0,143.0,264.0,413.0,335.9439392089844,297.2910461425781,67.0,129.0,231.0,462.0,780.0,317.5674133300781,274.2571105957031,62.0,125.0,225.0,440.0,719.0,100.8369369506836,34.57056427001953,61.0,85.0,105.0,123.0,138.0,82.2326431274414,41.99073028564453,29.0,59.0,87.0,110.0,131.0,77.39845275878906,43.496253967285156,21.0,54.0,82.0,105.0,126.0,354.9815979003906,233.7029571533203,123.0,179.0,293.0,474.0,683.0,155.90682983398438,71.12359619140625,97.0,134.0,162.0,185.0,205.0,165.0257568359375,58.96574783325195,114.0,146.0,172.0,193.0,211.0,95.00996398925781,34.84087371826172,56.0,76.0,96.0,116.0,135.0,121.63320922851562,37.95561218261719,76.0,99.0,122.0,146.0,168.0,148.87576293945312,42.82835006713867,96.0,128.0,154.0,175.0,194.0,80.40763854980469,41.572044372558594,27.0,55.0,82.0,109.0,131.0,132.42662048339844,47.801815032958984,74.0,109.0,138.0,164.0,185.0,29.15509605407715,30.30130958557129,-7.0,9.0,28.0,47.0,69.0
s0763,0.6013216972351074,26.22256088256836,-16.0,-6.0,2.0,10.0,19.0,231.091552734375,213.06826782226562,34.0,87.0,170.0,317.0,497.0,367.2018737792969,296.42474365234375,86.0,151.0,268.0,509.0,818.0,368.90472412109375,302.3309631347656,85.0,147.0,266.0,511.0,830.0,156.51177978515625,38.321556091308594,127.0,149.0,163.0,176.0,188.0,-92.0049057006836,361.8106994628906,-957.0,-6.0,65.0,99.0,120.0,108.305908203125,46.73746871948242,49.0,94.0,120.0,137.0,151.0,358.5733947753906,256.90972900390625,141.0,181.0,278.0,441.0,700.0,209.19578552246094,70.7661361694336,101.0,159.0,236.0,263.0,278.0,206.5316162109375,72.88549041748047,97.0,155.0,235.0,262.0,278.0,70.0604248046875,26.022228240966797,45.0,56.0,69.0,83.0,98.0,93.03577423095703,36.83699417114258,56.0,71.0,87.0,109.0,143.0,306.8737487792969,61.09383010864258,217.0,304.0,327.0,341.0,353.0,21.812278747558594,161.40675354003906,-18.0,37.0,61.0,78.0,92.0,206.9727325439453,78.99820709228516,105.0,145.0,213.0,259.0,318.0,17.358362197875977,30.442995071411133,-11.0,2.0,16.0,31.0,48.0
s0764,11.042914390563965,32.62467956542969,-17.0,-2.0,11.0,26.0,40.0,172.42359924316406,204.98660278320312,-14.0,28.0,112.0,255.0,444.0,299.0585632324219,311.42095947265625,22.0,71.0,176.0,449.0,790.0,319.3998107910156,323.359619140625,27.0,79.0,193.0,481.0,831.0,98.73987579345703,28.695772171020508,65.0,83.0,100.0,117.0,132.0,-38.21349334716797,297.5782775878906,-308.0,26.0,58.0,83.0,103.0,52.5980339050293,39.23469161987305,2.0,30.0,55.0,78.0,99.0,336.21728515625,287.5130920410156,56.0,111.0,245.0,492.0,784.0,121.55461883544922,38.906761169433594,72.0,103.0,127.0,147.0,164.0,120.15621948242188,41.39200210571289,67.0,100.0,126.0,147.0,166.0,106.00093078613281,28.93100929260254,72.0,89.0,107.0,124.0,140.0,96.80411529541016,37.23017883300781,51.0,71.0,95.0,123.0,148.0,130.7714080810547,86.98001861572266,81.60000000000036,108.0,127.0,142.0,157.0,30.413698196411133,126.68023681640625,-4.0,31.0,53.0,72.0,88.0,112.27296447753906,39.44801712036133,65.0,95.0,119.0,138.0,152.0,24.82604217529297,30.823774337768555,-12.0,4.0,23.0,43.0,65.0
s0765,6.689913749694824,25.374197006225586,-21.0,-7.0,6.0,20.0,34.0,227.6980438232422,208.8052215576172,0.0,73.0,188.0,330.0,512.0,411.3592529296875,293.9569396972656,120.0,195.0,319.0,570.0,861.0,413.0438232421875,296.311279296875,118.0,193.0,323.0,571.0,869.0,132.14122009277344,25.040771484375,104.0,119.0,134.0,147.0,161.0,58.386722564697266,118.24700927734375,19.0,52.0,77.0,101.0,120.0,131.66285705566406,28.323610305786133,98.0,115.0,132.0,148.0,165.0,418.2610778808594,280.6067810058594,166.0,216.0,332.0,518.0,833.8999999999996,229.3713836669922,44.98957443237305,172.0,209.0,235.0,258.0,279.0,219.28358459472656,47.652462005615234,155.0,199.0,228.0,250.0,269.0,141.88230895996094,25.019508361816406,114.0,128.0,142.0,155.0,169.0,148.64540100097656,32.138877868652344,113.0,127.0,144.0,166.0,193.0,177.07493591308594,39.0653076171875,123.0,163.0,186.0,202.0,215.0,52.67378234863281,135.24127197265625,10.5,54.0,81.0,103.0,122.0,173.70950317382812,39.9394416809082,119.0,156.0,183.0,200.0,213.0,,,,,,,
s0767,,,,,,,,,,,,,,,,,,,,,,,,,,,,,114.1712875366211,44.73154067993164,57.0,86.0,115.0,143.0,168.0,85.42245483398438,89.53459930419922,8.0,43.0,88.0,138.0,178.0,,,,,,,,,,,,,,,,,,,,,,,,,,,,,76.6061782836914,42.083763122558594,28.0,52.0,76.0,100.0,123.0,54.23021697998047,44.340049743652344,-4.0,22.0,54.0,86.0,111.40000000000009,522.4938354492188,128.70684814453125,316.0,512.0,563.0,597.0,625.0,-1.7540206909179688,204.43093872070312,-75.0,19.0,52.0,79.0,103.0,254.50942993164062,172.3915252685547,86.0,124.0,180.0,433.0,526.0,18.2788028717041,29.02490997314453,-16.0,0.0,17.0,37.0,55.0
s0768,3.360731601715088,26.83909034729004,-10.0,-4.0,1.0,7.0,16.0,151.38790893554688,150.04351806640625,-12.0,40.0,130.0,225.0,339.0,270.44903564453125,221.60879516601562,50.0,107.0,211.0,375.0,583.0,281.940185546875,226.40945434570312,56.0,120.0,223.0,386.0,594.0,98.99735260009766,16.221479415893555,82.0,93.0,101.0,109.0,115.0,-15.509926795959473,271.7821044921875,-227.30000000000018,51.0,75.0,91.0,101.0,91.71720886230469,15.333187103271484,74.0,84.0,93.0,101.0,109.0,242.57525634765625,177.86024475097656,80.0,126.0,194.0,297.0,481.0,136.271240234375,28.88091278076172,96.0,123.0,144.0,156.0,164.0,134.9813232421875,30.26729393005371,91.0,121.0,144.0,156.0,164.0,109.17832946777344,13.692562103271484,94.0,103.0,110.0,117.0,124.0,110.82823944091797,20.495330810546875,88.0,97.0,109.0,125.0,138.0,101.4077377319336,24.90849494934082,76.0,95.0,106.0,113.0,120.0,34.386558532714844,115.80550384521484,10.600000000000023,44.0,59.0,72.0,84.0,97.4162826538086,33.11899948120117,62.0,89.0,103.0,117.0,129.0,20.841339111328125,15.468988418579102,6.0,11.0,17.0,26.0,41.0
s0769,,,,,,,,,,,,,,,,,,,,,,,,,,,,,,,,,,,,,,,,,,,,,,,,,,,,,,,,,,,,,,,,,,,,,,,,,,,,,,,,,,,,,119.87562561035156,37.224796295166016,87.0,112.0,124.0,133.0,141.0,144.04248046875,346.7217712402344,-1.0,33.0,66.0,117.0,288.0,112.4735107421875,26.001895904541016,80.0,103.0,117.0,129.0,139.0,,,,,,,
s0770,,,,,,,,,,,,,,,,,,,,,,,,,,,,,111.7153549194336,112.31179809570312,-29.0,39.0,112.0,185.0,252.0,-9.205245018005371,219.33987426757812,-173.0,-64.0,24.0,105.0,179.0,53.893585205078125,117.9627685546875,-99.0,-25.0,55.0,133.0,203.0,,,,,,,,128.10565185546875,122.07557678222656,-26.0,51.0,128.0,209.0,283.0,129.90525817871094,117.19758605957031,-17.0,53.0,131.0,208.0,278.0,115.1417465209961,112.28491973876953,-24.0,42.0,115.0,187.0,256.0,134.4571075439453,103.09308624267578,2.0,70.0,139.0,201.0,257.0,165.82199096679688,205.73876953125,21.0,84.0,147.0,211.0,275.0,57.15256118774414,104.30352020263672,-53.0,3.0,61.0,117.0,170.0,116.5018081665039,95.14909362792969,-4.0,55.0,118.0,179.0,236.0,28.477825164794922,106.88232421875,-103.0,-43.0,27.0,96.0,162.0
s0771,,,,,,,,,,,,,,,,,,,,,,,,,,,,,115.3967514038086,40.097293853759766,66.0,92.0,117.0,142.0,164.0,-56.68344497680664,283.4970703125,-412.0,-29.0,30.0,80.0,120.0,79.25873565673828,58.48099136352539,4.0,43.0,82.0,118.0,150.10000000000218,,,,,,,,181.19253540039062,59.036964416503906,101.0,147.0,187.0,221.0,250.0,181.80575561523438,59.907798767089844,99.0,145.0,187.0,223.0,254.0,104.39635467529297,44.163997650146484,51.0,77.0,104.0,131.0,159.0,148.6743927001953,55.26036071777344,73.0,111.0,157.0,190.0,212.0,151.73367309570312,48.227294921875,91.0,132.0,160.0,181.0,200.0,33.79823684692383,122.00031280517578,-14.0,22.0,53.0,81.0,106.0,153.6331024169922,49.97313690185547,90.0,124.0,161.0,189.0,209.0,33.449607849121094,41.04099655151367,-19.0,5.0,34.0,61.0,85.0
s0772,10.42470932006836,75.43034362792969,-85.0,-37.0,11.0,60.0,104.0,170.59457397460938,270.87310791015625,-81.0,-3.0,105.0,263.0,504.0,364.41241455078125,401.0243835449219,-3.0,81.0,221.0,534.0,1021.0,353.9932861328125,391.6285095214844,-2.0,80.0,213.0,516.0,985.0,,,,,,,,,,,,,,,,,,,,,,,,,,,,,,,,,,,,,,,,,,,,,,,,,,40.73131561279297,71.5299301147461,-48.0,-9.0,35.0,86.0,136.0,,,,,,,,,,,,,,,,,,,,,,,,,,,,
s0773,,,,,,,,,,,,,,,,,,,,,,,,,,,,,92.46841430664062,32.734073638916016,51.0,73.0,95.0,114.0,131.0,50.88624572753906,33.3253173828125,9.0,29.0,52.0,73.0,92.0,,,,,,,,,,,,,,,,,,,,,,,,,,,,,55.61707305908203,25.56378746032715,25.0,40.0,55.0,71.0,86.0,37.32728576660156,24.094871520996094,7.0,21.0,37.0,53.0,68.0,293.84906005859375,66.9722900390625,200.0,285.0,314.0,333.0,347.0,21.14449119567871,136.2509765625,-23.0,17.0,46.0,69.0,90.0,133.87608337402344,88.72249603271484,50.0,73.0,98.0,222.0,276.0,,,,,,,
s0774,43.9300651550293,25.501617431640625,19.0,39.0,49.0,58.0,65.0,179.68133544921875,188.76065063476562,-3.0,46.0,137.0,252.0,418.0,285.9333190917969,228.856689453125,47.0,118.0,232.0,396.0,611.0,286.10980224609375,225.15028381347656,52.0,119.0,233.0,395.0,604.0,,,,,,,,,,,,,,,,,,,,,,,,,,,,,154.00933837890625,68.36074829101562,44.0,108.0,179.0,204.0,221.0,,,,,,,,,,,,,,,144.97169494628906,30.054481506347656,98.60000000000002,138.0,155.0,164.0,171.0,196.21441650390625,90.25737762451172,114.0,154.0,188.0,204.0,270.2,,,,,,,,,,,,,,,,,,,,,
s0775,,,,,,,,,,,,,,,,,,,,,,,,,,,,,116.52180480957031,117.16302490234375,-30.0,39.0,117.0,193.0,264.0,70.63536834716797,121.51253509521484,-76.0,-5.0,73.0,149.0,219.0,86.71578979492188,118.07083892822266,-61.0,8.0,87.0,165.0,234.4000000000001,,,,,,,,143.8666534423828,125.79795837402344,-12.0,61.0,144.0,225.0,306.0,147.3061065673828,126.60161590576172,-16.5,64.0,148.0,227.75,307.0,102.16017150878906,119.66136932373047,-48.0,23.0,101.0,180.0,253.0,105.64740753173828,110.95292663574219,-34.200000000000045,34.0,106.0,179.0,244.0,172.2911376953125,102.39910888671875,43.0,108.0,174.0,238.0,297.0,-13.52647590637207,254.5306396484375,-191.79999999999995,-39.0,41.0,114.0,177.0,130.01922607421875,110.62030029296875,-9.0,58.0,130.0,203.0,269.0,,,,,,,
s0776,7.669625282287598,66.89398193359375,-68.0,-32.0,6.0,45.0,82.0,161.69903564453125,216.7012939453125,-46.0,22.0,113.0,239.0,433.0,270.2616271972656,277.6428527832031,4.0,80.0,194.0,376.0,677.0,276.2760009765625,287.6423034667969,-2.0,81.0,200.0,384.0,700.0,,,,,,,,,,,,,,,,,,,,,,,,,,,,,37.59087371826172,80.00902557373047,-65.0,-14.0,37.0,89.0,140.0,,,,,,,,,,,,,,,,,,,,,,,,,,,,,,,,,,,,,,,,,,,,,,,,,
s0777,3.165492057800293,44.665653228759766,-83.0,0.0,20.0,31.0,40.0,161.89767456054688,212.11180114746094,-43.0,3.0,110.0,254.0,446.0,244.5354461669922,265.87921142578125,0.0,51.0,154.0,362.0,652.0,247.63356018066406,258.3799743652344,9.0,62.0,159.0,364.0,638.0,118.3636703491211,32.298465728759766,99.0,114.0,124.0,134.0,142.0,-79.73562622070312,328.62908935546875,-882.0,2.0,45.0,75.0,94.0,50.746299743652344,49.411598205566406,-21.0,20.0,61.0,88.0,105.0,227.50865173339844,221.77406311035156,38.0,76.0,163.0,291.0,513.0,144.6775665283203,46.84476852416992,81.0,112.0,161.0,180.0,191.0,142.24786376953125,48.26240539550781,78.0,110.0,159.0,179.0,190.0,75.45280456542969,22.37464714050293,57.0,67.0,77.0,87.0,96.0,83.38045501708984,30.910938262939453,50.0,61.0,78.0,106.0,127.0,244.37562561035156,65.72236633300781,149.0,242.0,264.0,276.0,285.0,11.555389404296875,151.5819091796875,-34.0,22.0,48.0,66.0,82.0,137.58563232421875,59.00819778442383,73.0,101.0,132.0,163.0,233.0,18.423368453979492,20.206045150756836,0.0,10.0,20.0,30.0,40.0
s0778,13.034504890441895,33.15482711791992,-24.0,1.0,17.0,34.0,49.0,184.5583038330078,200.49560546875,3.0,46.0,128.0,264.0,437.0,301.46728515625,293.060546875,40.0,97.0,202.0,411.0,732.0,297.032470703125,287.539306640625,40.0,96.0,198.0,408.0,720.0,88.28043365478516,28.82866859436035,54.0,73.0,90.0,107.0,122.0,13.136300086975098,165.6781768798828,-15.599999999999454,18.0,45.0,68.0,88.0,72.38338470458984,29.352231979370117,36.0,55.0,73.0,92.0,108.0,291.1478271484375,229.0834503173828,85.0,134.0,224.0,381.0,585.0,112.72482299804688,38.934181213378906,62.0,90.0,117.0,139.0,158.0,110.35082244873047,39.596527099609375,58.0,88.0,116.0,138.0,155.0,93.68827056884766,27.105377197265625,61.0,78.0,95.0,111.0,126.0,94.96814727783203,30.647424697875977,56.0,75.0,96.0,116.0,133.0,114.63485717773438,61.21213150024414,73.0,98.0,115.0,129.0,142.0,21.623811721801758,121.20320129394531,-18.0,19.0,45.0,65.0,81.0,96.87201690673828,31.489389419555664,57.0,81.0,102.0,118.0,131.0,35.662498474121094,37.06418228149414,-10.0,10.0,34.0,60.0,84.0
s0780,,,,,,,,,,,,,,,,,,,,,,,,,,,,,85.16456604003906,17.83150863647461,66.0,76.0,86.0,96.0,105.0,-107.3988265991211,350.6838073730469,-970.0,5.0,39.0,59.0,74.0,63.755985260009766,27.760454177856445,30.0,49.0,65.0,81.0,97.0,,,,,,,,,,,,,,,110.30085754394531,27.615232467651367,72.0,96.0,115.0,129.0,141.0,96.57644653320312,18.245532989501953,75.0,86.0,97.0,108.0,118.0,98.2165298461914,22.505441665649414,71.0,84.0,99.0,113.0,126.0,104.27507781982422,29.32398796081543,77.0,95.0,108.0,118.0,127.0,-122.99552917480469,319.3130187988281,-750.2,-142.0,36.0,64.0,84.0,95.6733627319336,24.779340744018555,66.0,83.0,99.0,112.0,122.0,,,,,,,
s0781,,,,,,,,,,,,,,,,,,,,,,,,,,,,,,,,,,,,,,,,,,,,,,,,,,,,,,,,,,,,,,,,,,,,,,,42.962615966796875,32.0997200012207,4.0,23.0,42.0,63.0,82.0,67.50214385986328,35.777034759521484,23.0,46.0,68.0,91.0,110.0,329.90972900390625,76.72151184082031,226.0,316.0,348.0,374.0,397.0,-2.119840145111084,172.98245239257812,-48.0,10.0,41.0,64.0,86.0,186.3738555908203,115.72608947753906,60.0,93.0,149.0,288.0,364.0,,,,,,,
s0782,,,,,,,,,,,,,,,,,,,,,,,,,,,,,,,,,,,,,,,,,,,,,,,,,,,,,,,,,,,,,,,,,,,,,,,22.300779342651367,30.96941566467285,-16.0,2.0,23.0,43.0,61.0,52.64493942260742,38.888553619384766,8.0,32.0,55.0,78.0,98.0,39.06377029418945,66.67280578613281,2.0,25.0,45.0,64.0,79.0,25.492727279663086,40.57766342163086,-26.0,0.0,29.0,54.0,74.0,33.542606353759766,70.13384246826172,3.0,22.0,40.0,57.0,72.0,,,,,,,
s0783,44.08647918701172,110.25104522705078,-75.0,-20.0,37.0,98.0,157.0,,,,,,,,256.70245361328125,298.3482666015625,-33.0,55.0,177.0,384.0,684.0,289.7987976074219,283.4300231933594,-4.199999999999989,82.0,209.0,443.0,727.6000000000001,,,,,,,,,,,,,,,,,,,,,,,,,,,,,,,,,,,,,,,,,,,,,,,,,,,,,,,,,,,,,,,,,,,,,,,,,,,,,,,,,,,,
s0784,,,,,,,,,,,,,,,,,,,,,,,,,,,,,196.4149627685547,104.56327056884766,64.0,127.0,197.0,266.0,328.0,14.8046875,130.3467254638672,-114.0,-47.0,21.0,89.0,154.0,170.70896911621094,124.95671844482422,19.0,92.0,169.0,245.0,319.0,,,,,,,,222.9189453125,114.56851959228516,69.0,144.0,228.0,300.0,366.0,201.2201385498047,129.29721069335938,32.30000000000007,114.0,204.0,290.0,366.0,85.11180114746094,91.70664978027344,-27.0,25.0,83.0,143.0,201.0,101.36544036865234,93.62042999267578,-15.0,41.0,101.0,161.0,215.0,674.1129760742188,173.05812072753906,438.0,625.0,711.0,778.0,837.0,-14.726957321166992,225.02737426757812,-154.0,-30.0,37.0,94.0,147.0,323.3977966308594,209.2275848388672,95.0,165.0,260.0,504.0,636.0,35.09709167480469,90.89346313476562,-78.0,-25.0,33.0,96.0,150.0
s0785,,,,,,,,,,,,,,,,,,,,,,,,,,,,,99.30427551269531,50.6680793762207,35.0,67.0,100.0,132.0,162.0,37.29103088378906,94.54638671875,-34.0,4.0,45.0,83.0,117.0,84.3328628540039,55.159706115722656,15.0,48.0,84.0,121.0,154.0,204.5563201904297,228.5460205078125,-6.0,51.0,145.0,289.0,491.0,144.00389099121094,58.53334045410156,71.0,108.0,146.0,182.0,215.0,122.43389892578125,72.19794464111328,20.0,81.0,131.0,172.0,207.0,104.06950378417969,50.957054138183594,40.0,71.0,104.0,137.0,168.0,105.92913055419922,51.561317443847656,40.0,72.0,107.0,140.0,171.0,130.90928649902344,51.578704833984375,66.0,100.0,134.0,165.0,192.0,-31.51347541809082,271.9808349609375,-162.59999999999945,-20.0,26.0,74.0,118.0,115.84027862548828,58.177978515625,42.0,80.0,118.0,154.0,186.0,,,,,,,
s0787,,,,,,,,,,,,,,,,,,,,,,,,,,,,,50.974891662597656,39.426605224609375,2.0,27.0,52.0,77.0,100.0,8.767367362976074,72.10737609863281,-48.0,-16.0,15.0,45.0,73.0,,,,,,,,,,,,,,,,,,,,,,,,,,,,,32.27196502685547,38.651878356933594,-15.0,7.0,32.0,56.0,80.0,73.97188568115234,50.617942810058594,11.0,39.0,72.0,109.0,141.0,339.0437927246094,94.12255859375,195.0,318.0,363.0,396.0,421.0,24.578500747680664,45.43085479736328,-36.0,-2.0,28.0,55.0,77.0,215.4829864501953,148.91757202148438,58.0,118.0,197.0,305.0,397.0,,,,,,,
s0788,,,,,,,,174.53353881835938,126.69916534423828,32.0,91.0,164.0,235.0,318.9000000000001,263.05865478515625,195.2808837890625,35.0,110.0,228.0,388.0,557.0,287.32366943359375,222.22564697265625,40.0,108.0,246.0,418.0,616.0,45.84825134277344,18.61553382873535,27.0,39.0,49.0,57.0,64.0,51.83869552612305,12.010361671447754,37.0,44.0,52.0,60.0,67.0,38.744022369384766,20.3319091796875,15.0,30.0,41.0,50.0,59.0,310.5537109375,232.34243774414062,110.0,159.0,242.0,377.0,622.0,28.319393157958984,15.935628890991211,10.0,21.0,30.0,38.0,46.0,28.273273468017578,16.51030158996582,10.0,21.0,30.0,39.0,46.0,49.595760345458984,13.652280807495117,34.0,42.0,50.0,58.0,65.0,39.09022903442383,18.546749114990234,15.0,28.0,40.0,52.0,61.0,45.7773323059082,55.71649932861328,27.0,36.0,44.0,51.0,59.0,-144.82192993164062,368.4098815917969,-940.0,-123.0,20.0,43.0,62.0,40.80970764160156,18.186853408813477,23.0,34.0,43.0,51.0,58.0,11.14569091796875,11.6847562789917,-2.0,3.0,11.0,19.0,26.0
s0789,,,,,,,,,,,,,,,,,,,,,,,,,,,,,80.40113830566406,40.87605667114258,30.0,57.0,82.0,107.0,129.0,-85.08236694335938,293.09490966796875,-605.0,-41.0,10.0,55.0,94.0,60.22596740722656,55.82719421386719,-11.0,27.0,63.0,97.0,127.0,,,,,,,,122.5630874633789,62.93131637573242,39.0,87.0,128.0,165.0,196.0,117.49624633789062,54.80769729614258,46.0,84.0,121.0,155.0,184.0,85.4046401977539,43.79289245605469,32.0,59.0,86.0,112.0,139.0,115.29881286621094,53.248600006103516,42.0,80.0,124.0,152.0,173.0,124.52494812011719,40.24966049194336,75.0,109.0,131.0,149.0,164.0,-140.93568420410156,337.48443603515625,-842.0,-111.0,11.0,53.0,87.0,112.23930358886719,44.55149841308594,64.0,92.0,119.0,140.0,157.0,13.68726921081543,45.30055236816406,-41.0,-15.0,12.0,42.0,71.0
s0790,5.296919345855713,37.75080490112305,-40.0,-18.0,5.0,29.0,51.0,341.6390380859375,280.3447265625,92.0,157.0,256.0,440.0,720.0,568.6592407226562,410.8976745605469,158.0,276.0,431.0,819.0,1241.0,567.9048461914062,410.4308776855469,151.0,272.0,433.0,826.0,1242.0,206.024658203125,35.19078063964844,164.0,187.0,208.0,228.0,247.0,-166.6019287109375,427.0810546875,-961.0,-261.0,40.0,108.0,149.0,172.75991821289062,34.98772430419922,129.0,152.0,174.0,195.0,215.0,481.0581970214844,355.3861083984375,197.0,253.0,341.0,580.0,1065.0,252.96286010742188,55.008277893066406,174.0,223.0,264.0,291.0,312.0,248.89881896972656,55.16872787475586,171.0,219.0,259.0,287.0,309.0,137.3029327392578,31.50115394592285,100.0,118.0,137.0,156.0,175.0,193.13934326171875,36.493038177490234,149.0,171.0,193.0,216.0,237.0,340.0727233886719,81.8780517578125,231.0,291.0,350.0,403.0,434.0,-10.6759033203125,271.6281433105469,-215.79999999999995,26.0,68.0,103.0,141.0,222.72946166992188,78.59547424316406,131.0,181.0,226.0,271.0,317.0,27.09734535217285,27.772676467895508,-6.0,8.0,25.0,44.0,63.0
s0791,,,,,,,,,,,,,,,,,,,,,,,,,,,,,122.81251525878906,45.883155822753906,69.0,94.0,122.0,150.0,176.0,63.01624298095703,57.25337219238281,-6.0,22.0,58.0,101.0,139.0,,,,,,,,,,,,,,,,,,,,,,,,,,,,,65.2852783203125,39.994293212890625,15.0,39.0,65.0,91.0,115.0,75.16051483154297,44.934776306152344,19.0,45.0,73.0,104.0,132.0,426.37109375,111.3843002319336,362.0,421.0,451.0,477.0,500.0,-138.50979614257812,335.2368469238281,-753.0,-279.5,20.0,76.0,123.0,363.656494140625,149.56846618652344,126.0,247.0,424.0,474.0,508.0,,,,,,,
s0793,,,,,,,,,,,,,,,,,,,,,,,,,,,,,91.91209411621094,22.111177444458008,67.0,82.0,94.0,106.0,116.0,80.91230773925781,127.22785949707031,29.0,46.0,62.0,80.0,98.0,,,,,,,,,,,,,,,,,,,,,,126.1603775024414,32.45189666748047,84.0,113.0,132.0,147.0,159.0,88.52769470214844,20.72429847717285,65.0,76.0,88.0,100.0,112.0,102.01289367675781,27.868515014648438,68.0,84.0,101.0,121.0,139.0,124.55648803710938,40.98017120361328,83.0,112.0,129.0,141.0,150.0,-183.6059112548828,498.4483947753906,-756.0,-628.0,-58.0,75.0,285.0,102.24165344238281,36.94733810424805,52.0,87.0,111.0,127.0,138.0,,,,,,,
s0794,12.529951095581055,27.593961715698242,-23.0,7.0,18.0,28.0,38.0,177.20506286621094,194.35183715820312,11.0,46.0,117.0,237.0,428.0,303.88134765625,268.73712158203125,76.0,115.0,193.0,419.0,733.0,313.17657470703125,274.18597412109375,73.0,115.0,202.0,446.0,750.0,66.70886993408203,23.70941734313965,42.0,57.0,70.0,81.0,91.0,9.65285587310791,143.75718688964844,-34.0,24.0,45.0,61.0,74.0,60.24464416503906,25.998950958251953,27.0,49.0,64.0,77.0,88.0,297.9115295410156,231.008544921875,108.0,146.0,218.0,358.0,630.4000000000015,96.36524963378906,26.564739227294922,68.0,86.0,100.0,112.0,124.0,90.61620330810547,26.434919357299805,60.0,80.0,94.0,107.0,119.0,76.69210052490234,18.90370750427246,55.0,66.0,78.0,88.0,98.0,87.83998107910156,22.303333282470703,61.0,75.0,88.0,102.0,115.0,99.14373779296875,44.04585647583008,64.0,89.0,104.0,114.0,123.0,42.060089111328125,27.65058708190918,12.0,32.0,46.0,58.0,68.0,81.47045135498047,32.811546325683594,37.0,66.0,88.0,104.0,115.0,25.073606491088867,26.066076278686523,-7.0,4.0,23.0,45.0,61.0
s0795,,,,,,,,,,,,,,,,,,,,,,,,,,,,,88.07272338867188,44.8516960144043,32.0,59.0,88.0,117.0,144.0,-25.852256774902344,275.40887451171875,-126.0,5.0,52.0,89.0,123.0,47.81023025512695,47.95500183105469,-13.0,17.0,48.0,80.0,108.0,,,,,,,,107.73893737792969,50.253013610839844,43.0,76.0,109.0,141.0,171.0,105.98444366455078,50.211116790771484,42.0,75.0,107.0,140.0,168.0,99.5650634765625,43.891075134277344,44.0,71.0,100.0,128.0,154.0,84.24403381347656,43.827796936035156,28.0,56.0,85.0,113.0,139.0,95.79049682617188,38.63761901855469,49.0,74.0,98.0,121.0,141.0,17.684953689575195,161.70816040039062,-39.0,18.0,51.0,82.0,108.0,88.4725112915039,43.20608901977539,39.0,65.0,91.0,115.0,137.0,33.679630279541016,45.857177734375,-22.0,3.0,33.0,64.0,90.0
s0796,22.499826431274414,30.728759765625,-9.0,7.0,24.0,39.0,53.0,227.3760223388672,200.12228393554688,35.0,92.0,176.0,303.0,484.0,392.2086181640625,293.37518310546875,104.0,168.0,292.0,560.0,844.0,394.9198303222656,284.6587829589844,113.0,174.0,307.0,560.0,817.0,109.3740463256836,25.222736358642578,82.0,99.0,112.0,125.0,136.0,-272.0281982421875,450.18780517578125,-968.0,-892.0,23.0,75.0,97.0,45.14834976196289,32.75803756713867,2.0,25.0,47.0,67.0,85.0,475.65142822265625,195.73733520507812,258.0,340.0,450.0,583.0,726.6000000000022,149.8809051513672,37.53895950317383,99.0,131.0,157.0,176.0,189.0,146.21266174316406,40.89691925048828,91.0,124.0,156.0,175.0,189.0,119.18789672851562,24.53133201599121,93.0,108.0,121.0,133.0,145.0,110.5142593383789,31.496002197265625,74.0,91.0,109.0,129.0,153.0,158.96046447753906,103.44114685058594,86.0,130.0,153.0,169.0,184.0,35.77444839477539,63.3034553527832,-5.0,22.0,44.0,64.0,81.0,135.6381378173828,44.61155700683594,79.0,106.0,144.0,168.0,185.0,18.523054122924805,17.718942642211914,-3.0,6.0,18.0,30.0,42.0
s0797,15.457468032836914,33.41503143310547,-36.0,5.0,23.0,37.0,48.0,202.49620056152344,179.36785888671875,15.0,80.0,165.0,279.0,439.0,345.2718505859375,223.75559997558594,130.0,192.0,284.0,437.0,666.0,332.24945068359375,233.32884216308594,111.0,171.0,266.0,424.0,663.0,123.9045181274414,30.554351806640625,86.0,112.0,129.0,143.0,155.0,5.350984573364258,161.18666076660156,-86.0,1.0,47.0,77.0,99.0,54.920448303222656,42.41112518310547,-1.0,25.0,56.0,85.0,109.0,345.453125,232.98077392578125,149.0,191.0,275.0,411.0,637.5,201.5697479248047,49.331809997558594,127.0,180.0,215.0,236.0,251.0,190.13101196289062,49.68635559082031,114.0,167.0,204.0,224.0,239.0,120.28730773925781,28.2073974609375,88.0,107.0,123.0,137.0,151.0,124.65208435058594,38.47171401977539,78.0,103.0,125.0,148.0,172.0,169.20785522460938,47.12669372558594,104.0,153.0,180.0,197.0,211.0,34.48601531982422,104.11711883544922,-7.0,25.0,52.0,75.0,96.0,151.72027587890625,45.487606048583984,91.0,124.0,160.0,185.0,201.0,25.382877349853516,24.791223526000977,-3.0,9.0,23.0,40.0,57.0
s0798,,,,,,,,,,,,,,,,,,,,,,,,,,,,,108.80563354492188,80.74610137939453,8.0,56.0,109.0,160.0,210.0,76.8460693359375,91.80225372314453,-28.0,24.0,80.0,133.0,183.0,93.96526336669922,82.48686981201172,-10.0,39.0,95.0,149.0,197.0,,,,,,,,144.08895874023438,88.42425537109375,32.0,87.0,145.0,202.0,255.0,144.11187744140625,89.4022445678711,31.0,88.0,146.0,203.0,254.0,116.74671173095703,73.59467315673828,25.0,69.0,117.0,164.0,209.0,134.3454132080078,76.36750030517578,39.0,86.0,134.0,183.0,228.0,141.98440551757812,99.88137817382812,43.0,93.0,144.0,193.0,240.0,77.60392761230469,88.2712631225586,-23.299999999999955,27.0,77.0,130.75,183.0,125.5914306640625,96.61747741699219,12.0,69.0,128.0,186.0,240.0,,,,,,,
s0800,,,,,,,,,,,,,,,239.0179443359375,151.70518493652344,64.0,122.0,213.0,325.0,455.0,226.81423950195312,151.75656127929688,59.0,112.0,194.0,316.0,440.0,,,,,,,,,,,,,,,,,,,,,,,,,,,,,,,,,,,,,,,,,,,,,,,,,,25.60933494567871,31.147968292236328,-11.0,13.0,26.0,36.0,49.0,46.99117660522461,78.56986999511719,17.0,25.0,34.0,43.0,53.0,,,,,,,,,,,,,,,,,,,,,
s0801,24.873886108398438,40.8958854675293,-18.0,16.0,33.0,47.0,57.0,179.59510803222656,201.5314178466797,-18.0,33.0,132.0,265.0,441.0,317.13543701171875,294.6727600097656,37.0,103.0,216.0,459.0,769.0,316.6818542480469,292.77874755859375,39.0,105.0,218.0,457.0,766.0,108.29460144042969,19.21721649169922,88.0,99.0,110.0,120.0,129.0,-81.85670471191406,329.419677734375,-833.0,5.0,48.0,71.0,88.0,69.27447509765625,29.377164840698242,31.0,54.0,73.0,88.0,102.0,270.4433288574219,218.36569213867188,74.0,113.0,211.0,357.0,546.0,122.14698791503906,28.595388412475586,88.0,110.0,127.0,140.0,152.0,123.86625671386719,29.14716148376465,91.0,113.0,129.0,142.0,153.0,94.78345489501953,18.488121032714844,74.0,85.0,96.0,106.0,116.0,99.19701385498047,21.811168670654297,72.0,86.0,100.0,114.0,126.0,146.08058166503906,38.50140380859375,103.0,138.0,153.0,164.0,175.0,31.80096435546875,127.78312683105469,14.0,40.0,55.0,69.0,81.0,123.95018005371094,38.44316864013672,76.0,102.0,126.0,152.0,171.0,16.564241409301758,21.748882293701172,-8.0,2.0,14.0,28.0,46.0
s0802,,,,,,,,,,,,,,,,,,,,,,,,,,,,,105.5390853881836,119.88985443115234,-46.0,27.0,105.0,184.0,256.0,35.10800552368164,117.47528839111328,-112.0,-41.0,35.0,112.0,182.0,,,,,,,,,,,,,,,,,,,,,,137.14285278320312,129.2067413330078,-31.0,56.0,138.0,221.75,291.0,109.62187194824219,112.11199951171875,-31.0,36.0,109.0,183.0,251.0,124.0760498046875,111.55001068115234,-16.0,49.0,125.0,199.0,264.0,133.66151428222656,98.6591796875,10.0,71.0,135.0,197.0,256.0,62.27910232543945,102.63108825683594,-67.0,-1.0,62.0,128.0,190.0,114.56874084472656,109.14383697509766,-22.0,44.0,115.0,186.0,251.0,,,,,,,
s0804,628.8336181640625,190.18240356445312,327.0,587.0,678.0,745.0,801.0,254.30970764160156,211.16261291503906,44.0,104.0,200.0,348.0,545.9000000000015,412.4661865234375,300.8759460449219,106.0,184.0,323.0,576.0,897.0,431.2467956542969,323.447265625,111.0,193.0,333.0,602.0,959.0,117.99504852294922,33.486759185791016,74.0,97.0,120.0,141.0,159.0,-33.864227294921875,237.90261840820312,-89.0,-1.0,34.0,62.0,84.0,75.66279602050781,39.3353157043457,27.0,55.0,79.0,101.0,120.0,440.2248840332031,286.0821838378906,178.0,227.0,339.0,561.0,920.0,146.82553100585938,75.5915298461914,77.0,113.0,149.0,175.0,196.0,136.39353942871094,48.37979507446289,73.0,107.0,144.0,169.0,189.0,76.19222259521484,27.337303161621094,43.0,60.0,77.0,93.0,109.0,71.69087982177734,56.32670593261719,16.0,37.0,63.0,96.0,133.0,302.01324462890625,67.9171142578125,208.0,292.0,321.0,341.0,358.0,40.761165618896484,58.20568084716797,-2.0,22.0,47.0,68.0,86.0,292.5126037597656,146.42259216308594,93.0,163.0,310.0,384.0,482.0,28.747407913208008,28.660659790039062,-7.0,11.0,29.0,48.0,65.0
s0805,,,,,,,,,,,,,,,,,,,,,,,,,,,,,130.6487579345703,27.58741569519043,97.0,124.0,137.0,147.0,155.0,-67.76359558105469,320.2307434082031,-642.0,7.0,34.0,65.0,84.0,,,,,,,,,,,,,,,,,,,,,,211.0269012451172,56.48611068725586,128.0,179.0,223.0,251.0,273.0,109.5113754272461,26.555538177490234,85.0,97.0,109.0,121.0,134.0,156.4258575439453,37.85112380981445,110.0,132.0,154.0,186.0,208.0,182.9086456298828,48.73015213012695,118.0,169.0,195.0,206.0,215.0,-68.0538558959961,284.9884338378906,-558.0,-44.0,51.0,79.0,98.0,160.90614318847656,49.1295051574707,101.0,130.0,175.0,198.0,209.0,,,,,,,
s0806,-4.150121688842773,61.403526306152344,-86.0,-50.0,18.0,39.0,51.0,258.7585754394531,196.05979919433594,77.0,122.0,204.0,332.0,516.0,430.7646179199219,289.9365539550781,129.0,208.0,349.0,595.0,877.0,419.49212646484375,285.9535217285156,125.0,202.0,340.0,578.0,851.0,99.43158721923828,21.226316452026367,81.0,95.0,104.0,111.0,118.0,-203.49754333496094,398.80859375,-989.0,-107.0,9.0,21.0,34.0,45.260986328125,35.027584075927734,-1.0,23.0,47.0,72.0,88.0,381.739501953125,224.13433837890625,171.0,208.0,310.0,493.0,709.0,106.0291519165039,29.830408096313477,66.0,92.0,113.0,127.0,137.0,104.74897766113281,31.373897552490234,62.0,90.0,112.0,127.0,137.0,99.25830078125,20.95453643798828,81.0,92.0,101.0,109.0,118.0,100.67486572265625,28.16546058654785,64.0,87.0,103.0,117.0,132.0,140.3521728515625,71.71147155761719,74.0,120.0,141.0,153.0,167.0,41.40077590942383,27.83830451965332,5.0,25.0,42.0,60.0,76.0,113.5593032836914,51.02899932861328,69.0,95.0,123.0,141.0,151.0,36.01444625854492,19.90172004699707,11.0,22.0,34.0,50.0,63.0
s0807,13.531179428100586,32.35481262207031,-18.0,-2.0,13.0,29.0,46.0,378.2434387207031,257.2952880859375,121.0,194.0,307.0,494.0,762.0,550.97900390625,316.1620788574219,200.0,304.0,475.0,760.0,1040.0,557.3901977539062,319.55126953125,201.0,309.0,481.0,768.0,1054.0,104.03362274169922,27.4267635345459,69.0,87.0,105.0,122.0,137.0,-78.09537506103516,338.68994140625,-855.0,10.0,55.0,86.0,112.0,66.7874526977539,38.918212890625,15.0,43.0,70.0,93.0,113.0,513.4907836914062,305.5862121582031,205.0,276.0,420.0,684.0,996.0,143.84307861328125,33.774009704589844,100.0,127.0,149.0,166.0,181.0,127.67664337158203,43.844486236572266,67.0,105.0,136.0,158.0,175.0,114.28019714355469,28.594385147094727,80.0,97.0,115.0,132.0,149.0,102.15233612060547,41.26662063598633,53.0,71.0,96.0,132.0,161.0,145.2203826904297,75.0850601196289,93.0,121.0,142.0,160.0,177.0,32.873779296875,95.1824722290039,4.0,28.0,49.0,67.0,84.0,123.78519439697266,42.69572830200195,75.0,102.0,130.0,152.0,168.0,,,,,,,
s0808,,,,,,,,,,,,,,,,,,,,,,,,,,,,,90.03998565673828,128.14976501464844,-70.0,7.0,89.0,172.0,252.0,19.58160400390625,170.3972930908203,-146.0,-59.0,28.0,117.0,199.0,24.885435104370117,139.3779296875,-147.0,-69.25,23.0,114.0,201.0,,,,,,,,93.1484603881836,122.09020233154297,-61.0,16.25,96.0,171.75,241.0,104.1990737915039,140.45956420898438,-68.0,16.0,103.5,194.0,279.0,80.10186767578125,118.8569564819336,-68.0,3.0,79.0,156.0,229.0,81.94210815429688,112.67987823486328,-57.0,11.0,83.0,153.0,221.0,133.40611267089844,102.13924407958984,19.0,76.0,133.0,188.0,241.0,-86.00717163085938,333.99261474609375,-680.2999999999997,-83.25,21.0,96.0,160.0,99.46719360351562,95.7635498046875,-18.0,39.0,100.0,160.0,216.0,,,,,,,
s0809,,,,,,,,,,,,,,,,,,,,,,,,,,,,,,,,,,,,,,,,,,,,,,,,,,,,,,,,,,,,,,,,,,,,,,,,,,,,,,,,,,,,,178.65921020507812,62.687503814697266,133.0,172.0,187.0,198.0,209.0,42.792484283447266,95.84075927734375,-21.0,43.0,65.0,83.0,101.0,,,,,,,,,,,,,,
s0810,,,,,,,,,,,,,,,,,,,,,,,,,,,,,47.193668365478516,30.990161895751953,6.0,31.0,51.0,67.0,81.0,-243.97056579589844,419.65484619140625,-976.0,-605.0,-8.0,32.0,61.0,1.5175162553787231,34.94320297241211,-45.0,-22.0,3.0,26.0,45.0,,,,,,,,,,,,,,,,,,,,,,60.535369873046875,25.435667037963867,29.0,45.0,62.0,77.0,91.0,45.609500885009766,32.437129974365234,5.0,26.0,46.0,66.0,84.0,44.32940673828125,50.524295806884766,11.0,27.0,42.0,57.0,73.0,105.52212524414062,397.8121337890625,-114.0,-29.0,21.0,88.0,634.3999999999996,37.24257278442383,31.737716674804688,1.0,22.0,40.0,56.0,71.0,,,,,,,
s0811,,,,,,,,,,,,,,,,,,,,,,,,,,,,,40.507469177246094,29.09739112854004,7.0,24.0,42.0,59.0,74.0,33.060546875,99.83272552490234,-13.0,16.0,44.0,71.0,96.0,24.93050765991211,36.1007080078125,-15.099999999999994,7.0,30.0,48.0,65.0,,,,,,,,23.198291778564453,36.400264739990234,-20.0,3.0,26.0,47.0,66.0,18.816726684570312,36.080322265625,-23.0,1.0,22.0,42.0,60.0,40.462955474853516,35.08372116088867,3.0,22.0,42.0,61.0,79.0,40.17170333862305,35.211307525634766,0.0,22.0,43.0,61.0,79.0,31.565757751464844,31.830387115478516,-6.0,17.0,36.0,50.0,64.0,-78.08717346191406,243.0054473876953,-310.0,-57.0,1.0,35.0,59.0,38.78740692138672,25.0557918548584,11.0,27.0,41.0,54.0,66.0,,,,,,,
s0812,27.227256774902344,41.0273551940918,-23.0,2.0,28.0,54.0,77.0,253.8378448486328,249.51560974121094,22.0,86.0,186.0,350.0,578.0,394.501220703125,350.7599792480469,82.0,160.0,271.0,524.0,946.0,384.3423156738281,361.6829833984375,66.0,147.0,256.0,505.0,952.0,143.8346710205078,59.808963775634766,70.0,114.0,151.0,183.0,211.0,-198.32843017578125,408.99041748046875,-963.0,-139.0,6.0,51.0,88.0,73.0441665649414,55.68626022338867,0.0,41.0,77.0,110.0,138.0,334.4933776855469,298.343017578125,100.0,153.0,234.0,402.0,714.0,228.7511749267578,83.75325775146484,107.0,175.0,247.0,290.0,322.0,217.1927490234375,87.47682189941406,90.0,161.0,235.0,282.0,315.0,67.31597900390625,44.56076431274414,14.0,39.0,67.0,95.0,121.0,149.87612915039062,56.41118240356445,79.0,115.0,152.0,187.0,219.0,323.86602783203125,88.65188598632812,192.0,285.0,349.0,386.0,411.0,0.08617907017469406,203.45669555664062,-52.0,9.0,47.0,81.0,112.0,187.64370727539062,81.40828704833984,77.0,133.0,193.0,244.0,290.0,28.325742721557617,46.71993637084961,-29.0,0.0,29.0,58.0,85.0
s0813,,,,,,,,,,,,,,,,,,,,,,,,,,,,,41.337989807128906,66.80570220947266,-43.0,-3.0,40.0,85.0,127.0,64.95906829833984,77.60497283935547,-11.0,27.0,68.0,108.0,146.0,,,,,,,,,,,,,,,,,,,,,,,,,,,,,72.17662048339844,52.112205505371094,7.0,38.0,72.0,106.0,138.0,104.04434967041016,62.88097381591797,29.0,63.0,101.0,141.0,181.0,367.74298095703125,161.8002166748047,199.0,318.0,383.0,429.0,466.0,-21.800214767456055,212.71400451660156,-215.0,-24.0,34.0,82.0,123.0,236.00816345214844,125.85411834716797,76.0,138.0,229.0,328.0,413.0,,,,,,,
s0814,,,,,,,,,,,,,,,,,,,,,,,,,,,,,,,,,,,,,,,,,,,,,,,,,,,,,,,,,,,,,,,,,,,,,,,,,,,,,,,,,,,,,167.3710479736328,41.323516845703125,113.0,146.0,173.0,195.0,214.0,-129.09727478027344,334.57757568359375,-814.0,-100.0,33.0,63.0,86.0,140.6322479248047,34.47117233276367,97.0,120.0,143.0,164.0,182.0,,,,,,,
s0815,22.70563507080078,17.933788299560547,7.0,17.0,24.0,32.0,40.0,146.91891479492188,156.31805419921875,-5.0,34.0,108.0,212.0,361.0,321.561767578125,541.884033203125,33.0,68.0,153.0,352.0,642.0,217.7442169189453,213.54066467285156,20.0,63.0,142.0,314.0,548.4000000000087,,,,,,,,,,,,,,,,,,,,,,,,,,,,,,,,,,,,,,,,,,,,,,,,,,53.839927673339844,15.312904357910156,37.0,46.0,55.0,63.0,71.0,114.75751495361328,156.6648712158203,43.0,55.0,66.0,81.0,236.80000000000018,,,,,,,,,,,,,,,,,,,,,
s0816,,,,,,,,,,,,,,,,,,,,,,,,,,,,,87.70943450927734,51.23599624633789,23.0,56.0,89.0,121.0,151.0,48.6771354675293,76.62998962402344,-15.0,18.0,53.0,87.0,118.0,70.14297485351562,57.91687774658203,-3.0,34.0,72.0,108.0,142.0,,,,,,,,,,,,,,,101.50265502929688,55.121315002441406,30.0,67.0,103.0,138.0,170.0,89.17803955078125,48.48499298095703,29.0,58.0,89.0,120.0,150.0,91.24197387695312,47.24239730834961,30.0,62.0,94.0,123.0,149.0,95.51172637939453,48.892181396484375,43.0,70.0,98.0,123.0,147.0,-7.033173084259033,187.956298828125,-111.59999999999991,-4.0,39.0,75.0,110.0,86.47725677490234,47.08198547363281,30.0,61.0,89.0,116.0,140.0,26.413089752197266,52.033851623535156,-39.0,-8.0,26.0,62.0,93.0
s0818,17.21808624267578,88.52625274658203,-57.0,-17.0,17.0,49.0,83.0,265.7572326660156,215.6637420654297,42.0,113.0,219.0,374.0,554.0,410.43316650390625,393.5955810546875,102.0,177.0,310.0,550.0,811.0,409.9576110839844,426.1197509765625,93.0,172.0,303.0,539.0,803.0,,,,,,,,,,,,,,,,,,,,,,,,,,,,,,,,,,,,,,,,,,,,,,,,,,,,,,,,,,,,,,,,,,,,,,,,,,,,,,,,,,,,
s0819,-30.50092887878418,101.88521575927734,-160.0,-94.0,-25.0,38.0,94.0,189.8046112060547,280.7544250488281,-66.0,5.0,112.0,293.0,555.0,261.9604187011719,378.7244873046875,-66.0,22.0,156.0,394.0,754.0,282.96026611328125,381.86431884765625,-48.0,35.0,158.0,396.0,855.0,,,,,,,,,,,,,,,,,,,,,,,,,,,,,,,,,,,,,,,,,,,,,,,,,,43.08438491821289,75.11538696289062,-49.0,-5.0,42.0,95.0,138.0,,,,,,,,,,,,,,,,,,,,,,,,,,,,
s0820,,,,,,,,,,,,,,,,,,,,,,,,,,,,,,,,,,,,,,,,,,,,,,,,,,,,,,,,,,,,,,,,,,,,,,,,,,,,,,,,,,,,,186.787109375,110.68437957763672,58.0,121.0,187.0,250.0,309.0,-4.9364705085754395,193.96546936035156,-134.0,-49.0,25.0,92.0,155.0,,,,,,,,,,,,,,
s0821,,,,,,,,,,,,,,,,,,,,,,,,,,,,,45.270328521728516,65.70433044433594,-37.0,2.0,45.0,87.0,128.0,10.232916831970215,180.93666076660156,-72.0,-17.0,31.0,79.0,124.0,36.404415130615234,68.96353149414062,-50.0,-9.0,37.0,81.0,123.10000000000036,,,,,,,,17.362377166748047,74.9561767578125,-77.0,-31.0,17.0,66.0,112.0,23.060277938842773,68.14183807373047,-62.0,-20.0,22.0,67.0,110.0,57.97211456298828,84.00267028808594,-44.0,5.0,57.0,110.0,161.0,139.2752227783203,377.220458984375,-72.0,-16.0,46.0,115.0,282.0,37.08519744873047,68.22135162353516,-46.0,-5.0,36.0,79.0,122.0,28.788562774658203,253.0497283935547,-101.0,-23.0,34.0,90.0,154.0,34.54924011230469,86.56559753417969,-51.0,-10.0,33.0,78.0,120.0,13.234654426574707,72.228759765625,-77.0,-32.0,13.0,59.0,102.0
s0822,,,,,,,,,,,,,,,,,,,,,,,,,,,,,115.61051940917969,83.71563720703125,11.0,60.0,114.0,170.0,222.0,-179.47947692871094,396.1353454589844,-943.0,-196.0,-3.0,71.0,134.0,68.61372375488281,92.39562225341797,-46.0,9.0,67.0,128.0,185.0,,,,,,,,113.75104522705078,79.17841339111328,13.0,61.0,113.0,165.0,213.0,95.45104217529297,98.05327606201172,-29.5,30.0,95.0,160.0,220.0,68.80899810791016,78.64668273925781,-28.0,17.0,67.0,118.0,168.0,56.86394119262695,69.3584976196289,-29.0,13.0,56.0,100.0,143.0,346.28790283203125,93.59078216552734,233.0,306.0,357.0,402.0,445.0,20.016019821166992,125.08375549316406,-57.0,-8.0,35.0,75.0,113.0,153.49449157714844,110.88438415527344,26.0,74.0,137.0,228.0,308.0,4.857162952423096,70.72916412353516,-83.0,-40.0,3.0,50.0,94.0
s0824,,,,,,,,,,,,,,,,,,,,,,,,,,,,,99.60818481445312,94.9376220703125,-18.0,38.0,99.0,160.0,218.0,39.84633255004883,124.87743377685547,-73.0,-15.0,45.0,105.0,163.0,,,,,,,,,,,,,,,,,,,,,,,,,,,,,92.72315979003906,92.6635513305664,-22.0,34.0,93.0,152.0,208.0,111.84902954101562,80.10801696777344,12.0,65.0,113.0,161.0,206.0,120.5831527709961,89.0325927734375,26.0,73.0,122.0,169.0,213.0,44.584285736083984,176.69723510742188,-42.0,14.0,66.0,116.0,164.0,104.62937927246094,74.76363372802734,14.0,60.0,107.0,152.0,193.0,,,,,,,
s0825,,,,,,,,,,,,,,,,,,,,,,,,,,,,,123.56623840332031,73.63789367675781,30.0,79.0,126.0,170.0,212.0,-79.33980560302734,322.9374084472656,-806.0,-59.0,25.0,90.0,145.0,,,,,,,,,,,,,,,,,,,,,,,,,,,,,78.07443237304688,61.34485626220703,2.0,39.0,77.0,116.0,154.0,80.69636535644531,58.254764556884766,8.0,45.0,82.0,118.0,151.0,366.44036865234375,94.08679962158203,241.0,319.0,383.0,430.0,465.0,39.53038024902344,113.69221496582031,-29.0,18.0,57.0,91.0,122.0,144.60752868652344,84.28958129882812,49.0,87.0,132.0,194.0,266.0,,,,,,,
s0826,,,,,,,,,,,,,,,,,,,,,,,,,,,,,52.95962142944336,44.41337203979492,-2.0,24.0,53.0,82.0,109.0,10.040656089782715,51.08346176147461,-53.0,-22.0,10.0,43.0,74.0,,,,,,,,,,,,,,,,,,,,,,,,,,,,,19.063295364379883,43.977256774902344,-35.0,-10.0,17.0,47.0,75.0,55.99694061279297,47.53551483154297,-5.0,25.0,59.0,89.0,114.0,316.2269287109375,69.4383773803711,229.0,299.0,333.0,357.0,378.0,-13.332295417785645,216.88377380371094,-52.0,7.0,40.0,68.0,93.0,157.4874267578125,106.6102294921875,40.0,82.0,131.0,249.0,320.0,,,,,,,
s0829,,,,,,,,,,,,,,,,,,,,,,,,,,,,,111.847412109375,92.52964782714844,-3.0,51.0,112.0,172.0,228.0,44.861820220947266,152.56216430664062,-82.0,-11.0,57.0,126.0,188.0,,,,,,,,,,,,,,,129.89305114746094,108.60821533203125,-7.0,58.0,129.0,199.0,265.7000000000003,131.27125549316406,102.94331359863281,6.0,63.0,132.0,198.0,259.0,85.56111907958984,90.51509857177734,-27.0,27.0,86.0,144.0,199.0,112.86326599121094,83.29875183105469,10.0,62.0,113.0,166.0,216.0,166.35903930664062,91.3587875366211,61.0,116.0,171.0,223.0,270.0,60.783653259277344,87.38417053222656,-43.09999999999991,8.0,62.0,113.0,166.0,149.5227508544922,97.44084930419922,28.0,87.0,150.0,212.0,268.0,,,,,,,
s0830,,,,,,,,,,,,,,,,,,,,,,,,,,,,,,,,,,,,,,,,,,,,,,,,,,,,,,,,,,,,,,,,,,,,,,,,,,,,,,,,,,,,,,,,,,,,,,,,,,,,,,,,,,,,,,,,
s0831,13.194701194763184,28.660181045532227,-7.0,5.0,16.0,26.0,35.0,213.8043975830078,222.52708435058594,11.0,60.0,149.0,303.0,508.0,331.8562316894531,307.8644714355469,56.0,111.0,215.0,470.0,807.0,326.3067932128906,304.2621154785156,54.0,108.0,208.0,466.0,801.0,163.605224609375,54.02686309814453,93.0,123.0,172.0,208.0,227.0,31.53776741027832,109.0940933227539,-7.0,17.0,43.0,74.0,102.0,89.11244201660156,46.76981735229492,26.0,57.0,93.0,124.0,145.0,357.2667236328125,255.2342529296875,131.0,169.0,264.0,471.0,747.0,201.3481903076172,99.46541595458984,61.0,103.0,228.0,288.0,316.0,197.26722717285156,92.04627227783203,69.0,112.0,210.0,278.0,310.0,70.68482971191406,22.668304443359375,45.0,58.0,71.0,84.0,97.0,95.6450424194336,53.925472259521484,33.0,47.0,89.0,142.0,170.0,414.4132385253906,98.63765716552734,247.0,420.0,449.0,468.0,483.0,,,,,,,,96.795654296875,30.100767135620117,58.0,77.0,99.0,118.0,133.0,27.571882247924805,27.213165283203125,-3.0,10.0,26.0,44.0,63.0
s0832,,,,,,,,,,,,,,,,,,,,,,,,,,,,,109.94548797607422,51.57554626464844,49.0,77.0,108.0,144.0,175.0,23.42213249206543,155.70713806152344,-16.0,17.0,47.0,76.0,102.0,,,,,,,,,,,,,,,,,,,,,,,,,,,,,60.62174987792969,37.87940216064453,15.0,37.0,60.0,83.0,107.0,73.89653015136719,35.777767181396484,27.0,54.0,77.0,96.0,114.0,562.8803100585938,126.70501708984375,397.0,556.0,594.0,625.0,651.0,-14.2919282913208,173.28070068359375,-87.0,-10.0,28.0,59.0,86.0,220.88392639160156,200.73667907714844,59.0,89.0,128.0,411.0,480.0,,,,,,,
s0833,,,,,,,,,,,,,,,,,,,,,,,,,,,,,101.1756820678711,56.538143157958984,30.0,64.0,101.0,138.0,172.0,-127.76939392089844,372.938720703125,-953.0,-68.0,25.0,76.0,117.0,84.63411712646484,58.36970138549805,10.0,46.0,84.0,123.0,159.0,,,,,,,,,,,,,,,99.46595001220703,63.29342269897461,19.0,58.0,100.0,142.0,179.0,99.33287048339844,57.690120697021484,26.0,61.0,99.0,137.0,173.0,115.27469635009766,57.33318328857422,42.0,77.0,116.0,154.0,188.0,131.84165954589844,70.7889404296875,62.0,97.0,132.0,166.0,197.0,32.85853576660156,130.4697265625,-26.0,14.0,50.0,85.0,118.0,108.82772064208984,60.7132453918457,33.0,72.0,111.0,149.0,182.0,,,,,,,
s0834,,,,,,,,,,,,,,,,,,,,,,,,,,,,,103.30833435058594,30.019975662231445,68.0,88.0,106.0,123.0,137.0,-10.212629318237305,200.9478759765625,-19.5,12.0,35.0,52.0,64.0,37.742156982421875,49.25688552856445,-19.0,18.0,47.0,69.0,87.0,,,,,,,,,,,,,,,136.40052795410156,74.18714904785156,45.0,91.0,156.0,191.0,211.0,54.50389862060547,21.589441299438477,32.0,44.0,55.0,66.0,77.0,73.88542175292969,29.78313636779785,38.0,55.0,75.0,94.0,111.0,384.626220703125,89.0516357421875,235.0,370.0,418.0,439.0,455.0,24.770931243896484,56.49966812133789,-24.0,7.0,34.0,57.0,74.0,286.8344421386719,147.6126251220703,82.0,140.0,318.0,402.0,466.0,15.965968132019043,31.652050018310547,-12.0,-0.25,9.0,22.0,43.700000000000045
s0835,0.2475096434354782,27.708038330078125,-31.0,-14.0,0.0,16.0,33.0,173.14662170410156,162.70465087890625,1.0,51.0,140.0,253.0,395.0,323.7303161621094,232.52395629882812,95.0,150.0,258.0,438.0,669.0,334.6704406738281,238.38470458984375,103.0,158.0,265.0,452.0,693.0,98.96338653564453,25.09615135192871,73.0,89.0,102.0,114.0,125.0,-207.17864990234375,409.5460205078125,-963.0,-343.0,15.0,52.0,73.0,59.085330963134766,28.776281356811523,22.0,43.0,61.0,77.0,93.0,271.0422668457031,189.3057098388672,109.0,143.0,212.0,334.0,513.0,150.60462951660156,31.840158462524414,108.0,137.0,157.0,172.0,183.0,146.40916442871094,34.180259704589844,101.0,133.0,154.0,169.0,180.0,108.30290222167969,23.090038299560547,83.0,98.0,110.0,121.0,133.0,111.14302062988281,31.13262939453125,77.0,92.0,107.0,129.0,158.0,134.98927307128906,64.90744018554688,81.0,114.0,136.0,152.0,165.0,-225.16175842285156,354.7123107910156,-884.3,-469.75,-29.0,31.0,61.0,131.74729919433594,37.01182556152344,85.0,108.0,139.0,158.0,172.0,23.11782455444336,21.58756446838379,0.0,9.0,20.0,33.0,51.0
s0836,2.2330188751220703,48.43106460571289,-16.0,-8.0,0.0,11.0,28.0,169.40945434570312,176.77291870117188,-12.0,38.0,134.0,254.0,393.70000000000437,340.1950378417969,272.6882629394531,78.0,138.0,249.0,476.0,768.0,338.6695556640625,271.869384765625,77.0,135.0,246.0,474.0,778.0,81.94583892822266,15.788944244384766,65.0,74.0,83.0,92.0,99.0,-194.8695831298828,427.1291198730469,-990.0,-199.0,38.0,58.0,74.0,76.70613861083984,17.060192108154297,56.0,66.0,77.0,87.0,97.0,323.98785400390625,254.5935516357422,108.0,151.0,236.0,403.0,701.0,99.8928451538086,22.41461753845215,70.0,87.0,104.0,115.0,124.0,98.45890045166016,23.058124542236328,68.0,84.0,102.0,115.0,124.0,85.24755859375,15.455610275268555,67.0,76.0,85.0,94.0,103.0,87.17726135253906,21.899791717529297,62.0,72.0,84.0,102.0,118.0,115.4764633178711,85.16925811767578,81.0,99.0,110.0,119.0,127.0,14.207144737243652,162.88404846191406,4.0,37.0,51.0,64.0,77.0,93.04772186279297,27.881120681762695,62.0,81.0,98.0,111.0,120.0,10.52965259552002,13.710227966308594,-5.0,1.0,9.0,18.0,27.0
s0837,,,,,,,,,,,,,,,,,,,,,,,,,,,,,,,,,,,,,,,,,,,,,,,,,,,,,,,,,,,,,,,,,,,,,,,,,,,,,,,,,,,,,,,,,,,,,,,,,,,,,,,,,,,,,,,,
s0838,,,,,,,,,,,,,,,,,,,,,,,,,,,,,80.00477600097656,36.25600814819336,35.0,55.0,81.0,104.0,125.0,,,,,,,,,,,,,,,,,,,,,,,,,,,,,,,,,,,,50.35837936401367,33.6961669921875,8.0,28.0,50.0,72.0,93.0,188.20713806152344,57.74442672729492,115.0,152.25,192.0,227.0,255.0,322.8225402832031,94.2093276977539,187.0,306.0,343.0,368.0,388.0,-55.202762603759766,277.3940734863281,-515.0,-15.0,47.0,81.0,110.0,226.5808868408203,150.97552490234375,60.0,100.0,261.0,325.0,357.0,,,,,,,
s0839,,,,,,,,,,,,,,,,,,,,,,,,,,,,,132.93617248535156,55.90546798706055,64.0,93.0,130.0,172.0,206.0,75.67998504638672,55.41964340209961,23.0,49.0,76.0,105.0,133.0,,,,,,,,,,,,,,,,,,,,,,,,,,,,,60.58435821533203,27.843679428100586,27.0,43.0,60.0,77.0,94.0,85.206787109375,40.6484260559082,40.0,59.0,83.0,110.0,137.0,705.9097900390625,182.5746612548828,376.0,707.0,772.0,811.0,845.0,-14.38693618774414,230.195556640625,-87.0,12.0,46.0,76.0,105.0,327.4945068359375,261.19891357421875,101.0,148.0,207.0,650.0,742.0,,,,,,,
s0840,,,,,,,,,,,,,,,,,,,,,,,,,,,,,42.55746078491211,41.34033966064453,-8.0,16.0,43.0,70.0,94.0,-9.690677642822266,188.8136444091797,-46.0,-5.0,28.0,59.0,86.0,,,,,,,,,,,,,,,,,,,,,,,,,,,,,47.829402923583984,41.269569396972656,-3.0,21.0,48.0,75.0,99.0,33.073822021484375,35.01704025268555,-9.0,11.0,33.0,55.0,77.0,53.43050765991211,153.520263671875,-9.0,13.0,35.0,56.0,80.0,-22.144350051879883,147.51438903808594,-92.0,-22.0,13.0,40.0,62.0,35.40491485595703,47.795433044433594,-8.0,13.0,35.0,57.0,77.0,,,,,,,
s0842,8.830243110656738,30.14259147644043,-25.0,-8.0,9.0,27.0,43.0,130.74757385253906,138.44363403320312,-19.0,32.0,106.0,198.0,312.0,217.48558044433594,209.6512451171875,11.0,65.0,154.0,316.0,542.0,248.7914581298828,224.89913940429688,30.0,87.0,179.0,353.0,591.0,71.33966827392578,26.594398498535156,37.0,54.0,72.0,89.0,105.0,-69.8709945678711,291.1805419921875,-466.0,-2.0,28.0,53.0,74.0,48.097137451171875,30.79973793029785,8.0,28.0,49.0,69.0,87.0,227.04978942871094,167.28416442871094,81.0,118.0,180.0,274.0,433.0,76.05327606201172,32.902130126953125,33.0,54.0,78.0,99.0,117.0,74.75365447998047,34.0571174621582,30.0,53.0,77.0,98.0,117.0,57.53826141357422,26.263525009155273,24.0,41.0,58.0,75.0,90.0,67.27885437011719,27.953001022338867,31.0,49.0,68.0,86.0,103.0,80.90705871582031,50.24757385253906,39.0,60.0,79.0,97.0,114.0,-9.93759536743164,146.46905517578125,-47.0,-1.0,22.0,44.0,61.0,71.79011535644531,29.91916275024414,34.0,56.0,74.0,91.0,106.0,11.59057331085205,24.989154815673828,-20.0,-5.0,11.0,28.0,44.0
s0843,,,,,,,,,,,,,,,,,,,,,,,,,,,,,,,,,,,,,,,,,,,,,,,,,,,,,,,,,,,,,,,,,,,,,,,,,,,,,,,,,,,,,,,,,,,,52.445472717285156,33.29945755004883,19.0,38.0,53.0,71.0,90.0,,,,,,,,,,,,,,
s0844,,,,,,,,,,,,,,,,,,,,,,,,,,,,,96.71356201171875,74.46552276611328,4.0,49.0,96.0,145.0,190.0,-369.2593994140625,522.09423828125,-1052.0,-987.0,-37.0,71.0,138.0,83.70878601074219,75.34822082519531,-10.0,34.0,82.0,133.0,180.0,,,,,,,,128.738525390625,88.73382568359375,16.0,71.0,129.0,185.0,241.0,119.25763702392578,84.8300552368164,10.700000000000017,64.0,120.0,176.0,225.0,103.42887878417969,81.57345581054688,1.0,51.0,103.0,156.0,206.0,106.584228515625,75.33975982666016,11.0,58.0,106.0,155.0,202.0,121.014892578125,75.55903625488281,28.0,74.0,122.0,169.0,214.0,-114.24365234375,413.8791198730469,-960.9,-96.0,48.0,120.0,190.0,108.4004898071289,79.59246826171875,9.0,58.0,109.0,159.0,207.0,,,,,,,
s0845,,,,,,,,,,,,,,,,,,,,,,,,,,,,,163.02330017089844,40.28679275512695,114.0,149.0,169.0,188.0,204.0,-34.2165412902832,314.8621826171875,-650.6999999999998,20.0,85.0,126.0,157.0,158.57786560058594,31.711570739746094,118.0,141.0,160.0,179.0,196.0,,,,,,,,278.5765380859375,68.14132690429688,175.0,232.0,297.0,330.0,350.0,273.068359375,65.43843078613281,174.0,225.0,292.0,325.0,344.0,128.5547637939453,28.45417022705078,98.0,114.0,129.0,144.0,159.0,160.95858764648438,39.441375732421875,114.0,136.0,162.0,187.0,210.0,241.6106414794922,54.56214904785156,163.0,215.0,258.0,280.0,294.0,-86.01940155029297,256.98394775390625,-494.4,-157.0,30.0,77.0,110.0,207.9057159423828,54.35396957397461,144.0,179.0,218.0,243.0,263.0,29.71847152709961,27.048357009887695,2.0,15.0,28.0,45.0,61.0
s0846,,,,,,,,,,,,,,,,,,,,,,,,,,,,,,,,,,,,,,,,,,,,,,,,,,,,,,,,,,,,,,,,,,,,,,,103.08370208740234,28.332508087158203,68.0,85.0,103.0,121.0,138.0,144.7881317138672,33.85259246826172,110.0,132.0,149.0,164.0,179.0,566.5974731445312,129.09368896484375,351.2000000000003,567.0,607.0,637.0,665.0,-50.23794174194336,324.1490173339844,-665.8,13.0,82.0,114.0,140.0,289.35992431640625,190.54286193847656,130.0,160.0,197.0,514.0,586.0,,,,,,,
s0847,,,,,,,,,,,,,,,,,,,,,,,,,,,,,108.92381286621094,42.12814712524414,57.0,86.0,112.0,136.0,158.0,22.70950698852539,133.5390625,-46.0,0.0,41.0,81.0,116.0,48.949867248535156,63.697105407714844,-32.89999999999998,8.0,50.0,92.0,128.0,,,,,,,,148.2936553955078,73.92070007324219,49.0,99.0,154.0,202.0,238.0,158.54490661621094,69.47765350341797,63.0,112.0,165.0,208.0,241.90000000000055,96.3564682006836,44.099422454833984,42.0,69.0,96.0,124.0,150.0,119.70173645019531,48.01209259033203,53.0,96.0,128.0,150.0,169.0,157.48028564453125,72.70201110839844,90.0,132.0,160.0,182.0,202.0,-88.83314514160156,310.4622497558594,-679.0,-39.0,31.0,69.0,102.0,135.13558959960938,48.407169342041016,77.0,106.0,138.0,167.0,191.0,,,,,,,
s0848,,,,,,,,,,,,,,,,,,,,,,,,,,,,,,,,,,,,,,,,,,,,,,,,,,,,,,,,,,,,,,,,,,,,,,,66.61866760253906,19.616592407226562,43.0,56.0,68.0,79.0,89.0,80.06633758544922,25.843862533569336,52.0,70.0,84.0,96.0,106.0,354.91522216796875,79.8385009765625,221.0,336.0,387.0,404.0,418.0,7.90489387512207,159.3701629638672,-67.0,22.0,50.0,69.0,86.19999999999982,160.27166748046875,107.03321075439453,72.0,94.0,120.0,194.0,353.0,,,,,,,
s0849,,,,,,,,,,,,,,,,,,,,,,,,,,,,,,,,,,,,,,,,,,,,,,,,,,,,,,,,,,,,,,,,,,,,,,,,,,,,,,,,,,,,,194.43130493164062,115.95352172851562,49.0,124.0,197.0,267.0,333.0,-134.0419921875,359.5625,-868.9,-161.0,-2.0,85.0,164.0,120.73265838623047,113.84741973876953,-22.0,47.5,121.0,194.0,263.0,,,,,,,
s0850,68.91484069824219,55.80521011352539,-3.0,42.0,77.0,106.0,131.0,197.0203857421875,87.40257263183594,92.4,135.0,188.0,249.0,319.20000000000005,355.8225402832031,238.8762664794922,117.0,180.0,285.0,482.0,710.0,,,,,,,,,,,,,,,,,,,,,,,,,,,,,,,,,,,,,,,,,,,,,,,,,,,,,,,,,,,,,,,,,,,,,,,,,,,,,,,,,,,,,,,,,,,
s0851,,,,,,,,,,,,,,,,,,,,,,,,,,,,,,,,,,,,,,,,,,,,,,,,,,,,,,,,,,,,,,,,,,,,,,,,,,,,,,,,,,,,,203.66590881347656,36.53894805908203,146.0,198.0,216.0,225.0,232.0,24.985708236694336,121.16130828857422,-29.0,34.0,56.0,71.0,81.0,,,,,,,,,,,,,,
s0852,,,,,,,,,,,,,,,,,,,,,,,,,,,,,25.14701271057129,42.97362518310547,-29.0,-4.0,24.0,54.0,81.0,,,,,,,,,,,,,,,,,,,,,,,,,,,,,,,,,,,,47.707679748535156,41.46190643310547,-3.0,20.0,47.0,75.0,100.0,26.556547164916992,43.54172897338867,-26.0,1.0,28.0,54.0,79.0,32.50394058227539,39.121864318847656,-14.0,8.0,32.0,56.0,79.0,11.07944107055664,79.79585266113281,-45.0,-7.0,23.0,52.0,76.0,33.300331115722656,39.21918869018555,-16.0,8.0,34.0,60.0,82.0,,,,,,,
s0853,,,,,,,,,,,,,,,,,,,,,,,,,,,,,,,,,,,,,,,,,,,,,,,,,,,,,,,,,,,,,,,,,,,,,,,,,,,,,,,,,,,,,137.42356872558594,49.644351959228516,73.0,106.0,139.0,171.0,199.0,21.723623275756836,114.75384521484375,-37.0,2.0,37.0,71.0,103.0,143.0504150390625,44.89044189453125,89.0,114.25,142.5,173.0,200.0,,,,,,,
s0857,,,,,,,,,,,,,,,,,,,,,,,,,,,,,,,,,,,,,,,,,,,,,,,,,,,,,,,,,,,,,,,,,,,,,,,,,,,,,,,,,,,,,288.9111328125,121.99409484863281,129.0,216.0,295.0,368.0,435.0,1.6357970237731934,215.63516235351562,-181.5,-49.75,37.0,117.0,194.5,,,,,,,,,,,,,,
s0858,,,,,,,,,,,,,,,,,,,,,,,,,,,,,107.5,44.42921829223633,52.0,78.75,109.0,137.0,163.0,20.272247314453125,54.43086242675781,-46.0,-15.0,19.0,54.0,89.0,,,,,,,,,,,,,,,,,,,,,,,,,,,,,60.48563003540039,53.05487823486328,-5.0,26.0,59.0,95.0,127.0,239.09266662597656,225.32949829101562,54.0,104.0,177.0,292.0,514.0,411.5476989746094,249.14559936523438,269.0,348.0,388.0,424.0,470.0,61.48897933959961,79.88899993896484,-16.0,22.0,62.0,107.0,151.0,328.05914306640625,160.68798828125,111.0,222.0,358.0,416.0,467.0,,,,,,,
s0859,20.669710159301758,70.37214660644531,-1.0,12.0,26.0,42.0,56.0,170.86119079589844,199.45858764648438,-26.0,28.0,123.0,258.0,436.0,287.8147277832031,268.5242004394531,38.0,97.0,206.0,396.0,675.0,286.1273193359375,276.0384826660156,31.0,88.0,199.0,396.0,693.0,82.35477447509766,13.951889038085938,71.0,78.0,84.0,90.0,95.0,63.885841369628906,15.358220100402832,43.0,55.0,66.0,75.0,81.0,73.08812713623047,18.043100357055664,53.0,65.0,75.0,84.0,92.0,253.48635864257812,209.15748596191406,69.0,105.0,191.0,327.0,528.0,94.35091400146484,25.08443260192871,64.0,82.0,99.0,111.0,120.0,91.21144104003906,26.867525100708008,59.0,78.0,97.0,109.0,118.0,83.74407196044922,12.692744255065918,70.0,77.0,84.0,91.0,98.0,103.88253021240234,21.170974731445312,80.0,92.0,104.0,119.0,129.0,121.63378143310547,75.6878433227539,91.0,104.0,112.0,121.0,131.0,-80.77704620361328,322.5113220214844,-762.8999999999999,26.0,46.0,60.0,72.0,103.40047454833984,22.655611038208008,82.0,96.0,107.0,115.0,122.0,20.080501556396484,16.979082107543945,0.0,10.0,20.0,30.0,40.20000000000073
s0860,5.330039024353027,45.515506744384766,-14.0,0.0,6.0,12.0,24.0,168.7504425048828,152.2660369873047,5.0,58.0,136.0,250.0,376.0,328.1227722167969,213.82411193847656,107.0,175.0,276.0,435.0,627.0,339.7767028808594,223.55101013183594,109.0,179.0,284.0,451.0,654.0,114.56825256347656,18.24053955078125,97.0,109.0,118.0,125.0,131.0,2.7847557067871094,221.0985107421875,-30.0,35.0,65.0,87.0,99.0,58.56953430175781,28.85228157043457,16.0,41.0,65.0,80.0,89.0,278.18218994140625,175.65403747558594,134.0,154.0,215.0,344.0,526.0,137.36669921875,38.626041412353516,80.0,111.0,150.0,168.0,177.0,132.06423950195312,39.59819412231445,73.0,106.0,144.0,163.0,173.0,68.2425765991211,13.360767364501953,56.0,63.0,69.0,75.0,80.0,88.06381225585938,24.410268783569336,60.0,74.0,88.0,102.0,116.0,218.99119567871094,45.55693817138672,146.0,207.0,236.0,248.0,256.0,18.46242332458496,114.54029846191406,-14.0,22.0,46.0,62.0,75.0,164.59371948242188,49.63433074951172,101.0,134.0,173.0,201.0,222.0,13.187498092651367,8.291457176208496,5.0,8.0,12.0,17.0,23.0
s0861,25.871265411376953,33.584205627441406,-11.0,6.0,23.0,43.0,71.0,245.38214111328125,224.8529052734375,58.0,110.0,189.0,312.0,492.0,365.1414794921875,447.7845764160156,81.0,135.0,232.0,423.0,721.0,352.8271179199219,412.6969299316406,78.0,130.0,229.0,433.0,711.0,,,,,,,,,,,,,,,,,,,,,,,,,,,,,,,,,,,,,,,,,,,,,,,,,,,,,,,,,,,,,,,,,,,,,,,,,,,,,,,,,,,,
s0862,28.835844039916992,45.43016052246094,-23.0,1.0,27.0,54.0,83.0,277.03729248046875,281.2926940917969,20.0,87.0,200.0,383.0,644.0,433.01373291015625,446.21356201171875,83.0,150.0,278.0,605.0,963.0,440.1146545410156,456.7293701171875,85.0,151.0,280.0,609.0,983.0,,,,,,,,,,,,,,,,,,,,,,558.5339965820312,216.8428955078125,325.0,400.5,510.0,690.0,889.0,,,,,,,,,,,,,,,,,,,,,,28.512758255004883,25.723636627197266,-3.0,11.0,28.0,45.0,61.0,29.203611373901367,29.751033782958984,-9.0,11.0,30.0,49.0,65.0,,,,,,,,,,,,,,,,,,,,,
s0863,16.49016761779785,83.11267852783203,-3.0,5.0,23.0,42.0,54.0,142.72610473632812,168.7141571044922,-12.0,25.0,101.0,209.0,335.0,264.52972412109375,239.76390075683594,44.0,95.0,187.0,359.0,616.0,270.4145202636719,248.89187622070312,45.0,95.0,191.0,363.0,633.0,81.549560546875,14.293935775756836,66.0,74.0,83.0,90.0,97.0,-41.99684143066406,242.41708374023438,-298.0,12.0,41.0,62.0,77.0,75.66362762451172,16.774932861328125,56.0,66.0,76.0,86.0,95.0,299.9262390136719,215.591552734375,91.0,151.0,246.0,385.0,584.0,110.95059967041016,28.098508834838867,71.0,98.0,119.0,130.0,138.0,105.6240463256836,28.47015380859375,66.0,92.0,113.0,125.0,134.0,86.7742919921875,14.159273147583008,71.0,79.0,87.0,95.0,103.0,94.06340789794922,20.34844970703125,72.0,81.0,91.0,104.0,121.0,112.86331939697266,24.074438095092773,89.0,107.0,118.0,125.0,131.0,25.852989196777344,121.85476684570312,-2.2999999999999545,35.0,53.0,67.0,80.0,95.04681396484375,26.641326904296875,64.0,84.0,100.0,112.0,121.0,30.246763229370117,13.860106468200684,13.0,21.0,29.0,38.0,48.0
s0864,-0.10978062450885773,27.240537643432617,-28.0,-13.0,0.0,15.0,31.0,231.3526153564453,206.9476776123047,31.0,85.0,179.0,316.0,501.0,420.7178649902344,307.3809509277344,120.0,196.0,324.0,563.0,903.0,417.0792541503906,309.0472106933594,116.0,190.0,318.0,563.0,901.0,115.93891143798828,27.880786895751953,84.0,102.0,118.0,133.0,147.0,-85.67366027832031,341.3041687011719,-881.0,-13.0,58.0,92.0,115.0,102.04474639892578,29.015836715698242,67.40000000000009,86.0,103.0,120.0,136.0,412.5602111816406,273.8878479003906,162.0,214.0,323.0,519.0,830.0,161.15611267089844,41.9217529296875,106.0,144.0,169.0,188.0,204.0,150.2808837890625,49.44581985473633,77.0,131.0,163.0,183.0,199.0,121.10723114013672,27.81740951538086,89.0,105.0,121.0,137.0,153.0,127.90145874023438,31.303157806396484,92.0,108.0,126.0,145.0,167.0,152.1763153076172,53.500526428222656,99.0,133.0,157.0,175.0,190.0,64.2332992553711,32.273006439208984,27.0,47.0,66.0,84.0,101.0,130.41932678222656,42.25934982299805,77.0,106.0,135.0,160.0,179.0,23.420608520507812,24.229759216308594,-4.899999999999977,6.0,21.0,38.0,55.0
s0865,,,,,,,,,,,,,,,,,,,,,,,,,,,,,,,,,,,,,,,,,,,,,,,,,,,,,,,,,,,,,,,,,,,,,,,,,,,,,,,,,,,,,522.2215576171875,199.74761962890625,305.0,451.0,529.0,596.0,662.0,-1.3747092485427856,179.12176513671875,-124.09999999999997,-27.0,36.0,86.0,132.0,627.1580200195312,262.17657470703125,398.0,621.0,689.0,745.0,792.0,,,,,,,
s0866,,,,,,,,,,,,,,,,,,,,,,,,,,,,,45.00434494018555,28.421205520629883,9.0,27.0,45.0,64.0,81.0,-102.00575256347656,311.0125732421875,-801.0,-22.0,17.0,44.0,67.0,22.88673973083496,42.07025909423828,-23.0,2.0,25.0,46.0,65.0,407.0348205566406,203.56968688964844,200.0,268.0,357.0,494.0,688.0,27.347393035888672,30.55350685119629,-10.0,8.0,28.0,48.0,65.0,25.917139053344727,30.238018035888672,-11.0,6.0,27.0,46.0,64.0,51.921932220458984,28.792869567871094,16.0,34.0,52.0,71.0,88.0,34.35049819946289,25.56551742553711,3.0,20.0,35.0,50.0,64.0,35.89672088623047,43.43872833251953,8.0,23.0,36.0,48.0,60.0,1.1932507753372192,109.22928619384766,-37.0,0.0,22.0,39.0,54.0,34.86101531982422,23.13530158996582,11.0,24.0,37.0,48.0,59.0,,,,,,,
s0867,,,,,,,,,,,,,,,,,,,,,,,,,,,,,,,,,,,,,,,,,,,,,,,,,,,,,,,,,,,,,,,,,,,,,,,,,,,,,,,,,,,,,,,,,,,,-7.921041488647461,144.4974822998047,-171.0,-10.0,36.0,64.0,88.0,,,,,,,,,,,,,,
s0868,,,,,,,,,,,,,,,,,,,,,,,,,,,,,,,,,,,,,,,,,,,,,,,,,,,,,,,,,,,,,,,,,,,,,,,,,,,,,,,,,,,,,155.3868408203125,32.99844741821289,111.0,143.0,162.0,176.0,188.0,26.927827835083008,94.35735321044922,-5.0,23.0,42.0,60.5,77.0,,,,,,,,,,,,,,
s0869,17.712656021118164,38.69572830200195,-48.0,4.0,30.0,44.0,54.0,134.0106964111328,167.86741638183594,-21.0,8.0,84.0,216.0,363.0,246.75509643554688,254.33740234375,10.0,57.0,158.0,368.0,638.0,253.5122528076172,260.7298583984375,13.0,60.0,161.0,378.0,652.0,79.2209243774414,27.181591033935547,49.0,68.0,83.0,96.0,108.0,-127.26765441894531,359.7005920410156,-947.0,-25.0,39.0,63.0,80.0,60.17500686645508,29.684261322021484,23.0,45.0,63.0,79.0,93.0,262.6698303222656,226.36248779296875,46.0,90.0,207.0,364.0,561.0,109.98799896240234,32.02564239501953,69.0,96.0,116.0,131.0,143.0,108.30091857910156,31.939661026000977,67.0,95.0,114.0,129.0,141.0,85.76408386230469,21.87984275817871,60.0,74.0,87.0,99.0,111.0,94.3280258178711,31.138717651367188,55.0,75.0,95.0,116.0,134.0,114.16584014892578,74.84956359863281,66.0,94.0,111.0,123.0,136.0,-86.49591064453125,232.98275756835938,-372.89999999999986,-54.25,0.0,24.0,42.0,101.42792510986328,35.20748519897461,62.0,86.0,108.0,124.0,137.0,17.508846282958984,19.47583770751953,-5.0,4.0,16.0,29.0,43.0
s0870,,,,,,,,,,,,,,,,,,,,,,,,,,,,,,,,,,,,,,,,,,,,,,,,,,,,,,,,,,,,,,,,,,,,,,,,,,,,,,,,,,,,,,,,,,,,-0.1524105817079544,324.19146728515625,-619.5,-60.5,103.0,173.0,290.0,,,,,,,,,,,,,,
s0871,,,,,,,,,,,,,,,,,,,,,,,,,,,,,156.238525390625,102.76473999023438,28.0,88.0,155.0,221.0,287.0,61.128822326660156,124.21558380126953,-60.0,2.0,67.0,131.0,194.0,121.99188995361328,103.79359436035156,-7.0,54.0,121.0,188.0,252.0,,,,,,,,231.8735809326172,137.75376892089844,43.0,134.0,243.0,330.0,401.0,227.8193359375,147.06724548339844,30.0,120.0,238.0,334.0,411.0,94.07567596435547,86.2371597290039,-10.0,38.0,92.0,147.0,200.0,114.45074462890625,97.17431640625,2.0,52.25,108.0,170.0,233.0,861.6508178710938,199.11216735839844,636.0,810.0,901.0,976.0,1041.0,43.58414840698242,116.71549224853516,-67.0,-3.0,51.0,109.0,163.0,305.2252502441406,257.7130432128906,63.0,130.0,217.0,390.0,757.0,,,,,,,
s0873,6.331240653991699,74.31661987304688,-73.0,-33.0,8.0,50.0,88.0,241.4114990234375,331.86297607421875,-37.0,40.0,146.0,314.0,666.0,461.616943359375,469.8753967285156,33.0,139.0,285.0,675.75,1273.0,448.61846923828125,468.42083740234375,27.0,130.0,269.0,655.0,1256.0,,,,,,,,,,,,,,,,,,,,,,,,,,,,,,,,,,,,,,,,,,,,,,,,,,,,,,,,,50.51676559448242,69.79460906982422,-31.799999999999997,5.0,49.0,94.0,141.0,,,,,,,,,,,,,,,,,,,,,
s0874,,,,,,,,,,,,,,,,,,,,,,,,,,,,,,,,,,,,,,,,,,,,,,,,,,,,,,,,,,,,,,,,,,,,,,,,,,,,,,,,,,,,,133.5489501953125,112.457763671875,77.0,104.0,125.0,146.0,170.0,-108.8876953125,291.374755859375,-626.5,-124.0,17.0,64.0,97.0,,,,,,,,,,,,,,
s0875,,,,,,,,,,,,,,,,,,,,,,,,,,,,,,,,,,,,,,,,,,,,,,,,,,,,,,,,,,,,,,,,,,,,,,,,,,,,,,,,,,,,,,,,,,,,37.65877151489258,75.28252410888672,-17.30000000000001,33.0,56.0,71.0,85.0,,,,,,,,,,,,,,
s0876,,,,,,,,,,,,,,,,,,,,,,,,,,,,,35.498077392578125,53.38850402832031,-31.0,0.0,35.0,71.0,105.0,7.3153791427612305,66.1317138671875,-76.0,-36.0,7.0,51.0,91.60000000000036,,,,,,,,,,,,,,,,,,,,,,,,,,,,,41.51634216308594,59.24633026123047,-33.0,2.0,41.0,80.0,117.0,44.056148529052734,52.5854377746582,-23.0,11.0,46.0,79.0,109.0,29.54707908630371,45.92449951171875,-26.0,2.0,32.0,60.0,85.0,-16.593894958496094,86.76441955566406,-89.0,-46.0,-5.0,30.0,62.0,36.36577606201172,45.428009033203125,-15.0,10.0,38.0,65.0,90.0,,,,,,,
s0877,,,,,,,,,,,,,,,,,,,,,,,,,,,,,128.9344940185547,81.13410949707031,25.700000000000045,73.0,127.0,185.0,233.0,21.9886531829834,60.67041015625,-53.0,-17.0,21.0,61.0,98.79999999999927,,,,,,,,,,,,,,,,,,,,,,,,,,,,,68.46273803710938,57.607791900634766,-3.0,31.0,68.0,105.0,140.0,109.1235580444336,60.63721466064453,32.0,70.0,108.0,148.0,184.0,610.0079956054688,164.6215057373047,364.0,581.0,652.0,708.0,754.0,-42.35126876831055,293.7512512207031,-512.0,-17.0,47.0,103.0,156.0,329.6688232421875,236.17869567871094,78.0,145.0,243.0,586.0,689.0,,,,,,,
s0878,22.004108428955078,40.871971130371094,-19.0,1.0,22.0,44.0,63.0,161.78273010253906,166.57540893554688,-12.0,42.0,128.0,244.0,380.0,258.4925842285156,237.84812927246094,34.0,88.0,181.0,367.0,611.0,256.487548828125,240.26585388183594,34.0,88.0,176.0,360.0,611.0,85.2634506225586,37.46704864501953,39.0,62.0,86.0,109.0,132.0,46.06695556640625,135.78717041015625,8.0,40.0,67.0,91.0,113.0,70.69087982177734,37.78266525268555,23.0,46.0,71.0,96.0,118.0,260.43310546875,194.0263214111328,74.0,123.0,210.0,342.0,509.0,117.16602325439453,42.52455139160156,64.0,91.0,119.0,145.0,169.0,112.67857360839844,44.433990478515625,57.0,87.0,115.0,142.0,166.0,93.34481048583984,34.75474548339844,50.0,71.0,94.0,116.0,136.0,86.36288452148438,39.40771484375,34.0,61.0,90.0,115.0,134.0,107.80335235595703,62.698822021484375,54.0,81.0,105.0,126.0,150.0,36.894187927246094,37.792625427246094,-4.0,18.0,39.0,59.0,78.0,92.01988983154297,38.88866424560547,48.0,74.0,97.0,116.0,133.0,28.699588775634766,33.549808502197266,-11.0,5.0,26.0,50.0,73.0
s0879,,,,,,,,,,,,,,,,,,,,,,,,,,,,,,,,,,,,,,,,,,,,,,,,,,,,,,,,,,,,,,,,,,,,,,,50.358829498291016,40.448265075683594,0.0,24.0,50.0,76.0,100.0,61.74134826660156,40.581607818603516,12.0,36.0,62.0,87.0,112.0,434.10906982421875,118.4678955078125,259.0,393.0,468.0,513.0,541.0,6.688052177429199,140.22964477539062,-40.0,4.0,36.0,62.0,84.0,145.65719604492188,88.47795867919922,58.0,92.0,125.0,192.0,280.0,,,,,,,
s0880,19.10069465637207,56.448936462402344,-26.0,11.0,29.0,42.0,51.0,158.98013305664062,183.41358947753906,2.0,39.0,108.0,214.0,371.0,223.12286376953125,255.2780303955078,11.0,48.0,126.0,313.0,593.0,245.85179138183594,277.5502624511719,15.0,55.0,137.0,344.0,659.0,48.808021545410156,16.177104949951172,31.0,42.0,51.0,59.0,66.0,-613.3739624023438,469.06939697265625,-1011.0,-1000.0,-976.0,-2.0,28.0,-50.47405242919922,34.582923889160156,-91.0,-78.0,-56.0,-27.0,0.0,275.91217041015625,263.04400634765625,61.0,98.0,183.0,344.0,655.2000000000007,29.6016788482666,18.168994903564453,6.0,19.0,32.0,42.0,50.0,29.56409454345703,19.94795036315918,3.0,21.0,33.0,42.0,50.0,51.96241760253906,16.60007667541504,33.0,43.0,53.0,62.0,70.0,32.707603454589844,16.27794075012207,13.0,24.0,34.0,43.0,52.0,65.05706024169922,123.96043395996094,19.0,30.0,40.0,51.0,75.0,16.527759552001953,99.28900909423828,0.0,15.0,30.0,43.0,55.0,33.46247482299805,21.091459274291992,14.0,27.0,36.0,44.0,52.0,18.399381637573242,14.438347816467285,0.0,8.0,18.0,29.0,37.0
s0881,,,,,,,,,,,,,,,,,,,,,,,,,,,,,72.1509017944336,34.625091552734375,28.0,48.0,72.0,96.75,116.0,-50.416378021240234,277.09246826171875,-217.29999999999995,2.0,34.0,62.0,88.0,,,,,,,,,,,,,,,,,,,,,,,,,,,,,61.57206726074219,33.453521728515625,19.0,39.0,62.0,84.0,104.0,61.65468978881836,35.00160217285156,19.0,39.0,61.0,84.0,105.0,301.2422790527344,77.93070983886719,215.0,275.0,311.0,341.0,366.0,-56.74565124511719,287.83551025390625,-511.1999999999998,7.0,44.0,72.0,97.0,266.9049072265625,122.85626983642578,97.0,163.0,299.0,347.0,386.0,,,,,,,
s0883,,,,,,,,,,,,,,,,,,,,,,,,,,,,,,,,,,,,,,,,,,,,,,,,,,,,,,,,,,,,,,,,,,,,,,,48.29520797729492,71.26301574707031,-39.0,1.0,47.0,93.0,138.0,49.03024673461914,56.59564971923828,-20.0,13.0,48.0,84.0,120.0,521.9072875976562,274.9967346191406,289.0,446.0,516.0,572.0,632.0,42.35438537597656,70.84994506835938,-44.0,-1.0,44.0,87.0,128.0,209.8820343017578,155.54168701171875,41.0,95.0,167.0,332.0,448.0,,,,,,,
s0884,16.74651336669922,30.864643096923828,-13.0,0.0,15.0,38.0,55.0,264.75811767578125,191.88682556152344,71.0,133.0,226.0,347.0,494.0,362.1276550292969,258.2025451660156,116.0,181.0,283.0,473.0,735.0,354.13031005859375,253.66778564453125,114.0,176.0,277.0,465.0,717.0,102.94593048095703,23.1389217376709,79.0,93.0,105.0,117.0,127.0,-118.67044830322266,368.9560546875,-985.0,-4.0,46.0,68.0,85.0,72.94464874267578,33.764278411865234,28.0,58.0,78.0,95.0,109.0,369.90496826171875,234.18028259277344,161.0,206.0,300.0,453.0,689.0,118.09564971923828,32.06605529785156,79.0,101.0,122.0,140.0,154.0,112.67994689941406,31.525617599487305,74.0,96.0,117.0,134.0,148.0,90.27519226074219,22.133352279663086,65.0,78.0,92.0,104.0,116.0,108.28641510009766,28.161705017089844,73.0,92.0,110.0,128.0,142.0,165.33950805664062,41.361507415771484,106.0,156.0,177.0,190.0,201.0,-53.0765380859375,302.0833740234375,-502.0,25.0,54.0,73.0,87.0,126.35375213623047,47.47718048095703,67.0,97.0,130.0,161.0,186.0,17.19056510925293,19.13697624206543,-6.0,4.0,16.0,29.0,42.0
s0885,13.770851135253906,22.201231002807617,-5.0,5.0,15.0,26.0,38.0,260.0441589355469,169.88168334960938,97.0,140.0,217.0,335.0,486.0,338.1615905761719,225.16416931152344,136.0,187.0,265.0,425.0,665.0,344.34344482421875,228.77017211914062,140.0,191.0,269.0,435.0,684.0,,,,,,,,-308.9353332519531,459.9981689453125,-990.0,-967.0,14.0,40.0,55.0,41.967437744140625,30.579431533813477,1.0,27.0,47.0,63.0,76.0,381.8410339355469,212.10400390625,185.0,230.0,323.0,462.0,676.0,71.37198638916016,31.563587188720703,18.0,62.0,79.0,92.0,102.0,72.6661605834961,23.366788864135742,47.0,63.0,76.0,87.0,97.0,75.50407409667969,17.937185287475586,56.0,66.0,76.0,87.0,96.0,67.18898010253906,19.397537231445312,43.0,55.0,68.0,80.0,92.0,78.89404296875,31.224609375,54.0,68.0,80.0,90.0,100.0,24.063343048095703,105.65784454345703,8.0,25.0,39.0,52.0,64.0,64.44906616210938,26.236047744750977,28.0,52.0,69.0,82.0,93.0,10.795456886291504,18.06128692626953,-10.0,0.0,10.0,21.0,33.0
s0889,,,,,,,,,,,,,,,,,,,,,,,,,,,,,124.11245727539062,44.05391311645508,70.0,98.0,126.0,152.0,177.0,-203.1148223876953,425.28546142578125,-960.0,-561.5,26.0,87.0,129.0,98.81169891357422,50.78235626220703,36.0,68.0,100.0,132.0,160.0,,,,,,,,177.98004150390625,64.99649810791016,86.30000000000001,142.0,183.0,221.75,255.70000000000005,168.65560913085938,63.879825592041016,86.0,132.0,173.0,210.5,244.0,99.30839538574219,42.91236877441406,47.0,72.0,99.0,126.0,153.0,130.65806579589844,53.33401107788086,62.0,99.0,133.0,164.0,193.0,122.7339096069336,44.23384475708008,69.0,101.0,127.0,150.0,171.0,-127.35834503173828,326.8011779785156,-782.0,-119.0,15.0,65.0,103.0,123.1385726928711,39.51087951660156,75.0,100.0,126.0,149.0,170.0,24.663917541503906,40.033355712890625,-24.0,-1.0,24.0,50.0,75.0
s0890,,,,,,,,,,,,,,,,,,,,,,,,,,,,,98.03382873535156,26.393692016601562,70.0,88.0,102.0,114.0,124.0,-69.26799011230469,306.1792297363281,-590.1999999999989,7.0,34.0,57.0,91.0,90.95049285888672,26.283308029174805,61.0,79.0,93.0,106.0,119.0,,,,,,,,51.3885498046875,38.623939514160156,14.299999999999955,33.0,52.0,75.0,93.0,7.418979644775391,44.66364669799805,-19.0,-2.0,10.0,22.0,35.0,101.57306671142578,24.951440811157227,76.0,90.0,102.0,114.0,127.0,131.53627014160156,34.1455078125,87.30000000000007,109.0,132.0,157.0,175.0,163.46839904785156,126.17305755615234,104.0,128.0,143.0,157.0,179.0,-38.51774597167969,239.39370727539062,-244.5999999999999,-23.0,41.0,75.0,100.0,132.2029571533203,41.909278869628906,79.0,106.0,143.0,162.0,175.0,21.251068115234375,24.060998916625977,-2.0,5.0,15.0,30.0,56.0
s0891,,,,,,,,,,,,,,,,,,,,,,,,,,,,,105.29850769042969,36.20896911621094,62.0,85.0,107.0,129.0,148.0,-32.63472366333008,255.28485107421875,-47.0,0.0,36.0,67.0,90.0,,,,,,,,,,,,,,,,,,,,,,,,,,,,,65.62622833251953,29.278200149536133,29.0,47.0,66.0,84.0,101.0,169.63107299804688,102.31861114501953,34.0,74.0,174.0,256.0,299.60000000000036,292.79632568359375,80.17506408691406,199.0,276.0,306.0,327.0,346.0,13.08039665222168,126.72010803222656,-20.0,12.0,37.0,59.0,80.0,254.29127502441406,136.86070251464844,80.0,129.0,268.0,365.0,426.0,,,,,,,
s0892,,,,,,,,,,,,,,,,,,,,,,,,,,,,,86.4870376586914,52.51431655883789,20.0,52.0,87.0,121.0,153.0,43.98563766479492,120.14161682128906,-14.0,22.0,58.0,92.0,124.0,28.0650691986084,59.27526092529297,-50.0,-10.0,30.0,68.0,101.0,268.38433837890625,243.65618896484375,53.0,104.0,193.0,350.0,602.0,111.21158599853516,57.3670654296875,40.0,75.0,112.0,148.0,180.0,105.34262084960938,60.996917724609375,27.0,66.0,106.0,145.0,181.0,66.19412231445312,44.94236373901367,10.0,37.0,66.0,95.0,122.0,66.38257598876953,42.993072509765625,11.0,39.0,68.0,94.0,119.0,305.82843017578125,89.26463317871094,175.0,280.0,324.0,356.0,383.0,34.95302963256836,47.65602111816406,-18.0,9.0,37.0,64.0,89.0,174.37319946289062,112.36539459228516,59.0,90.0,146.0,246.0,338.0,2.657156467437744,40.32128143310547,-47.0,-23.0,2.0,28.0,53.0
s0894,25.12347984313965,48.0402717590332,-27.0,0.0,27.0,53.0,76.0,383.2190246582031,261.3665466308594,123.0,201.0,315.0,505.0,746.0,532.7632446289062,342.0290222167969,194.0,297.0,425.0,716.0,1082.0,567.174560546875,381.4040832519531,191.0,311.0,445.0,775.0,1188.0,149.5139923095703,52.83115005493164,83.0,116.0,151.0,185.0,215.0,-22.163793563842773,210.45179748535156,-81.0,-15.0,24.0,59.0,92.0,115.94989776611328,51.359397888183594,51.0,84.0,118.0,150.0,179.0,557.4120483398438,319.7518310546875,273.0,342.0,445.0,676.0,1092.0,186.9658966064453,58.01326370239258,114.0,153.0,191.0,225.0,256.0,184.57611083984375,62.22882843017578,107.0,149.0,189.0,226.0,259.0,103.37863159179688,42.36758041381836,51.0,76.0,103.0,131.0,157.0,131.15174865722656,50.367523193359375,65.0,98.0,133.0,165.0,194.0,266.9744567871094,64.42826080322266,181.0,237.0,277.0,310.0,337.0,44.69131851196289,105.04686737060547,-13.0,23.0,57.0,91.0,121.0,196.47325134277344,80.52284240722656,89.0,140.0,202.0,255.0,297.0,24.089824676513672,47.60487365722656,-35.0,-7.0,22.0,55.0,85.0
s0895,10.485825538635254,35.18610763549805,-17.0,-1.0,12.0,27.0,43.0,210.2045135498047,211.4108428955078,-8.0,57.0,163.0,306.0,494.0,332.41046142578125,294.0861511230469,65.0,122.0,222.0,471.0,800.0,342.04974365234375,300.9828186035156,61.0,123.0,231.0,492.0,826.0,187.1780242919922,36.55165481567383,144.0,168.0,189.0,209.0,227.0,-30.155033111572266,311.65203857421875,-656.0,26.0,86.0,125.0,152.0,161.1720428466797,47.13700866699219,111.0,137.0,161.0,183.0,206.0,372.900634765625,259.787841796875,153.0,197.0,280.0,454.0,775.0,268.8892517089844,105.8110580444336,96.0,185.0,308.0,351.0,378.0,256.6034240722656,104.12145233154297,88.0,171.0,295.0,337.0,364.0,97.82669830322266,30.202835083007812,64.0,80.0,97.0,114.0,131.0,109.96143341064453,60.67091751098633,42.0,60.0,100.0,148.0,196.0,470.8653564453125,96.4303207397461,321.0,458.0,497.0,530.0,554.0,,,,,,,,,,,,,,,28.720497131347656,28.871971130371094,-3.0,9.0,26.0,43.0,64.0
s0896,47.88628005981445,74.88385772705078,13.0,31.0,50.0,82.0,99.0,288.93499755859375,181.1930694580078,123.0,163.0,232.0,366.0,540.0,479.1687927246094,289.4665222167969,182.0,262.0,393.0,665.0,928.0,481.4017639160156,290.80303955078125,183.0,261.0,393.0,670.0,933.0,94.02994537353516,12.73978328704834,80.0,87.0,95.0,102.0,109.0,-51.742881774902344,251.9581298828125,-71.0,-6.0,8.0,50.0,74.0,87.45271301269531,17.200471878051758,68.0,78.0,88.0,97.0,107.0,447.83807373046875,260.986328125,223.0,260.0,345.0,556.0,880.0,130.08428955078125,27.371809005737305,103.0,116.0,128.0,143.0,167.0,127.45654296875,24.671852111816406,102.0,115.0,127.0,140.0,159.0,96.0142822265625,14.616693496704102,80.0,88.0,96.0,104.0,112.0,107.43896484375,18.577266693115234,86.0,96.0,107.0,119.0,131.0,120.51422119140625,24.86077117919922,90.0,112.0,126.0,136.0,144.0,36.06831359863281,134.7235565185547,23.0,47.0,62.0,75.0,87.0,109.57723999023438,33.82566452026367,79.0,98.0,116.0,128.0,137.0,11.744635581970215,13.175694465637207,-3.0,3.0,10.0,19.0,28.0
s0897,,,,,,,,,,,,,,,,,,,,,,,,,,,,,46.305938720703125,30.45504379272461,9.0,27.0,46.0,66.0,84.0,-38.94115447998047,219.18572998046875,-52.0,-10.0,15.0,39.0,62.0,51.86181640625,36.1483268737793,8.0,29.0,51.0,74.0,97.0,,,,,,,,,,,,,,,29.48186492919922,37.73337936401367,-16.0,5.0,29.0,53.0,76.0,62.69804763793945,32.83427047729492,23.0,43.0,63.0,83.0,103.0,43.4596061706543,35.76905822753906,2.0,24.0,43.0,63.0,86.0,41.850040435791016,31.915367126464844,8.0,27.0,44.0,59.0,75.0,34.0078239440918,43.919803619384766,-17.0,10.0,36.0,61.0,85.0,42.5425910949707,31.343250274658203,15.0,30.0,45.0,59.0,71.0,,,,,,,
s0898,,,,,,,,,,,,,,,,,,,,,,,,,,,,,111.42809295654297,42.31167984008789,61.0,90.0,115.0,138.0,159.0,-103.2034683227539,361.29998779296875,-887.0,-41.0,56.0,102.0,138.0,56.69727325439453,55.045413970947266,-13.0,22.0,58.0,93.0,123.0,,,,,,,,180.5848388671875,59.80046463012695,100.0,148.0,188.0,221.0,248.0,,,,,,,,112.63568115234375,41.316226959228516,61.0,89.0,114.0,139.0,162.0,141.4923095703125,50.41028594970703,74.0,112.0,147.0,174.0,199.0,153.19003295898438,51.92045974731445,95.0,135.0,160.0,179.0,195.0,17.342100143432617,169.7820587158203,-39.0,25.0,58.0,85.0,108.0,134.0771942138672,47.01148223876953,76.0,110.0,141.0,165.0,185.0,19.445676803588867,35.629276275634766,-24.0,-4.0,18.0,42.0,66.0
s0899,11.152397155761719,32.22035217285156,-19.0,-1.0,13.0,29.0,42.0,259.4881896972656,250.14602661132812,21.0,74.0,183.0,369.0,632.0,348.920654296875,288.59674072265625,68.0,127.0,254.0,502.0,802.0,348.86614990234375,289.93353271484375,63.0,124.0,254.0,509.0,804.0,83.2838134765625,23.256872177124023,56.0,72.0,85.0,98.0,109.0,-53.4898681640625,260.2720947265625,-194.0,0.0,27.0,50.0,67.0,68.80504608154297,27.69441795349121,33.0,54.0,72.0,87.0,100.0,349.6920471191406,263.5114440917969,110.0,154.0,267.0,455.0,742.0,92.53131866455078,27.888965606689453,58.0,79.0,96.0,110.0,123.0,92.40274047851562,29.54446792602539,54.0,80.0,97.0,111.0,123.0,88.78428649902344,24.13983154296875,60.0,74.0,89.0,104.0,117.0,101.48229217529297,52.23530578613281,64.0,81.0,98.0,117.0,137.0,120.06411743164062,41.295509338378906,76.0,106.0,126.0,140.0,151.0,26.09690284729004,79.1983413696289,-14.0,19.0,40.0,58.0,74.0,104.05142211914062,36.24634552001953,60.0,86.0,109.0,129.0,143.0,,,,,,,
s0901,,,,,,,,,,,,,,,,,,,,,,,,,,,,,216.3871612548828,68.06370544433594,136.0,178.0,219.0,259.0,295.0,88.73269653320312,67.64041900634766,4.0,45.0,88.5,132.0,173.0,,,,,,,,,,,,,,,,,,,,,,,,,,,,,89.12950897216797,54.93095779418945,22.0,54.0,88.0,122.0,157.0,129.92283630371094,67.43486785888672,56.0,93.0,127.0,158.0,195.0,498.72698974609375,172.22906494140625,271.0,351.0,526.0,648.0,693.0,-34.76933670043945,229.84068298339844,-138.0,-22.0,28.0,66.0,95.0,156.38597106933594,57.070892333984375,92.0,129.0,160.0,191.0,221.0,,,,,,,
s0903,-4.444839000701904,106.05254364013672,-132.0,-38.0,19.0,55.0,92.0,,,,,,,,319.4421081542969,312.1651916503906,29.0,100.0,215.0,471.0,792.0,459.8692932128906,666.1620483398438,21.0,89.0,242.0,544.0,1108.0,202.46876525878906,48.070213317871094,144.0,200.0,216.0,227.0,237.0,17.705650329589844,206.8656463623047,-22.0,23.0,63.0,98.0,127.0,147.44491577148438,45.842830657958984,89.0,129.0,155.0,172.0,187.0,339.91961669921875,263.0765075683594,109.0,152.0,253.0,443.0,702.0,245.47605895996094,88.73246765136719,140.0,177.0,267.5,320.0,340.0,237.79725646972656,76.0827407836914,141.0,176.0,252.0,304.0,322.0,159.27740478515625,27.999544143676758,138.0,149.0,159.0,170.0,182.0,173.04425048828125,39.37367630004883,135.0,150.0,166.0,189.0,232.0,496.5333251953125,137.5208282470703,282.0,502.0,546.0,568.0,586.0,53.96820068359375,110.22724151611328,14.0,53.0,76.0,97.0,114.0,315.9727783203125,116.6186294555664,169.0,237.0,309.0,378.0,505.0,27.43218231201172,21.80510711669922,7.0,13.0,21.0,34.0,59.0
s0904,16.915027618408203,31.832141876220703,-16.0,14.0,23.0,31.0,38.0,248.3811492919922,192.45033264160156,44.0,110.0,207.0,337.0,507.0,364.06591796875,248.05828857421875,110.0,184.0,303.0,481.0,721.0,386.7936096191406,272.7118225097656,111.0,182.0,313.0,522.0,790.0,96.24374389648438,17.124286651611328,78.0,89.0,98.0,107.0,115.0,12.693901062011719,99.18362426757812,-17.0,9.0,28.0,43.0,59.0,31.198232650756836,33.98800277709961,-16.0,9.0,36.0,56.0,70.0,349.72021484375,206.52398681640625,147.80000000000018,193.0,289.0,457.0,648.0,121.36820983886719,28.62833595275879,80.0,110.0,129.0,141.0,149.0,117.42835235595703,29.734506607055664,74.0,104.0,125.0,138.0,147.0,84.28015899658203,19.970441818237305,64.0,77.0,87.0,96.0,104.0,105.72574615478516,26.452171325683594,72.0,93.0,109.0,123.0,135.0,136.5343475341797,90.32762145996094,75.0,112.0,131.0,143.0,155.0,-29.891008377075195,130.6137237548828,-155.0999999999999,-32.0,8.0,35.0,53.0,113.54818725585938,34.887638092041016,68.0,95.0,121.0,139.0,149.0,-0.13208778202533722,14.868675231933594,-16.0,-7.0,0.0,8.0,16.0
s0907,8.38003158569336,57.192073822021484,-60.0,-26.0,8.0,44.0,76.0,175.56210327148438,243.5919952392578,-27.0,28.0,110.0,237.0,446.0,254.71595764160156,364.591796875,-32.0,34.0,125.0,335.0,786.0,270.6822204589844,367.532958984375,-22.0,44.0,138.0,352.0,828.0,,,,,,,,,,,,,,,,,,,,,,429.9454650878906,357.51824951171875,107.0,193.0,321.0,546.75,975.6000000000004,65.90908813476562,158.135986328125,-43.0,-6.0,39.0,83.0,148.0,,,,,,,,,,,,,,,45.94193649291992,53.53696823120117,-23.0,13.0,47.0,79.0,115.0,196.95358276367188,372.4805908203125,-31.0,19.0,76.0,172.0,653.7000000000016,,,,,,,,,,,,,,,,,,,,,
s0908,,,,,,,,,,,,,,,,,,,,,,,,,,,,,46.746952056884766,31.83858299255371,10.0,31.0,50.0,67.0,82.0,32.20110321044922,32.333919525146484,-5.0,13.0,33.0,53.0,70.0,-48.215179443359375,48.37156677246094,-107.0,-82.0,-51.0,-17.0,14.0,,,,,,,,26.808801651000977,31.643712997436523,-12.0,7.0,28.0,48.0,65.0,,,,,,,,64.2931137084961,30.66862678527832,27.0,47.0,66.0,84.0,100.0,40.73549270629883,33.12409973144531,0.0,21.0,41.0,63.0,81.0,50.19173812866211,57.15252685546875,14.0,31.0,47.0,62.0,78.0,-35.03905487060547,210.82687377929688,-89.0,-10.0,22.0,48.0,68.0,32.02526092529297,42.553565979003906,-16.0,17.0,39.0,57.0,73.0,,,,,,,
s0909,,,,,,,,,,,,,,,,,,,,,,,,,,,,,,,,,,,,,,,,,,,,,,,,,,,,,,,,,,,,,,,,,,,,,,,,,,,,,,,,,,,,,50.139896392822266,197.7679901123047,24.0,35.0,43.0,53.0,98.0,-101.83342742919922,238.65176391601562,-495.9,-110.0,3.0,33.0,51.0,,,,,,,,,,,,,,
s0910,,,,,,,,,,,,,,,,,,,,,,,,,,,,,174.11785888671875,175.087890625,-44.0,61.0,175.0,288.0,393.0,-9.32127571105957,314.5653076171875,-266.0,-82.0,47.0,165.0,269.0,170.24029541015625,183.1429901123047,-60.0,46.0,168.0,288.0,410.0,,,,,,,,,,,,,,,243.3015594482422,192.4119873046875,-2.0,117.0,245.0,370.0,487.0,174.65533447265625,176.26478576660156,-45.0,60.0,174.0,288.0,397.0,210.35888671875,163.3232421875,0.0,106.0,214.0,319.0,416.0,258.11370849609375,142.77316284179688,81.0,168.0,259.0,350.0,436.0,60.25662612915039,250.54286193847656,-159.0,-5.0,100.0,195.0,284.0,223.5858154296875,158.26119995117188,28.0,125.0,226.0,326.0,417.0,,,,,,,
s0911,,,,,,,,,,,,,,,,,,,,,,,,,,,,,66.21221160888672,54.48219680786133,-2.0,30.0,67.0,102.0,135.0,-34.62329864501953,122.75341796875,-144.0,-66.0,-12.0,33.0,71.0,,,,,,,,,,,,,,,,,,,,,,,,,,,,,65.91316986083984,50.666908264160156,3.0,33.0,65.0,98.0,129.0,90.57821655273438,83.9706039428711,3.0,36.0,75.0,122.0,217.0,345.21221923828125,99.43569946289062,214.0,309.0,362.0,406.0,445.0,-7.063699245452881,177.5813446044922,-87.0,-15.0,29.0,71.0,110.0,306.7982482910156,151.83053588867188,79.0,189.0,341.0,414.0,471.0,,,,,,,
s0912,26.482877731323242,57.53595733642578,9.0,18.0,27.0,36.0,47.0,198.47474670410156,177.04165649414062,26.0,76.0,156.0,271.0,424.0,331.1343688964844,261.84857177734375,89.0,145.0,241.0,453.0,718.0,323.3493957519531,261.7575378417969,84.0,138.0,231.0,442.0,715.0,89.21219635009766,15.743535041809082,75.0,83.0,91.0,98.0,105.0,-24.24688148498535,267.2563781738281,-75.0,40.0,58.0,71.0,82.0,65.84156036376953,26.98138427734375,32.0,53.0,70.0,83.0,93.0,306.5762634277344,203.36251831054688,129.0,164.0,250.0,380.0,558.0,99.98309326171875,27.962440490722656,65.0,84.0,106.0,120.0,129.0,98.35918426513672,28.093542098999023,64.0,83.0,104.0,118.0,127.0,92.96261596679688,16.310598373413086,77.0,86.0,94.0,102.0,109.0,92.2703857421875,16.39052391052246,73.0,83.0,93.0,103.0,112.0,120.06619262695312,84.0481185913086,77.0,102.0,115.0,124.0,134.0,-96.82661437988281,341.74285888671875,-780.0,-28.0,47.0,67.0,88.0,101.55062103271484,32.81399917602539,74.0,93.0,106.0,116.0,125.0,23.971399307250977,17.722909927368164,2.0,11.0,22.0,36.0,48.0
s0913,19.800336837768555,24.244606018066406,0.0,11.0,22.0,33.0,44.0,267.048095703125,215.25111389160156,44.0,115.0,214.0,375.0,564.0,434.7722473144531,291.1206359863281,127.0,202.0,347.0,639.0,894.0,426.6427001953125,290.29266357421875,122.0,194.0,337.0,630.0,884.0,98.44434356689453,18.74894142150879,79.0,90.0,100.0,110.0,119.0,-44.10746765136719,247.72610473632812,-144.0,-8.0,31.0,58.0,79.0,85.78436279296875,23.339988708496094,59.0,74.0,87.0,100.0,112.0,400.4598388671875,236.71043395996094,191.0,235.0,314.0,498.0,774.0,140.79229736328125,29.434133529663086,104.0,129.0,146.0,159.0,170.0,136.54685974121094,32.431148529052734,96.0,125.0,143.0,157.0,169.0,111.47582244873047,20.41200065612793,89.0,101.0,112.0,124.0,134.0,112.0574722290039,24.810312271118164,83.0,96.0,111.0,128.0,144.0,122.08509063720703,30.474271774291992,85.0,115.0,129.0,140.0,149.0,12.201040267944336,138.72019958496094,-44.0,18.0,48.0,66.0,80.0,111.36107635498047,35.53937911987305,70.0,96.0,119.0,134.0,145.0,47.585166931152344,31.630708694458008,5.0,21.0,50.0,72.0,88.0
s0914,,,,,,,,,,,,,,,,,,,,,,,,,,,,,103.45368194580078,41.15807342529297,65.0,88.0,108.0,127.0,144.0,-593.9013671875,480.88519287109375,-1000.0,-987.0,-958.0,17.0,74.0,80.36178588867188,39.22028350830078,32.0,61.0,85.0,106.0,124.0,,,,,,,,140.044189453125,62.62779998779297,65.0,117.0,155.0,181.0,201.0,135.6103973388672,56.5196533203125,65.0,107.0,148.0,175.0,194.0,106.90985870361328,39.094974517822266,68.0,87.0,108.0,128.0,148.0,138.34042358398438,39.850521087646484,90.0,113.0,138.0,163.0,188.0,149.00070190429688,44.585296630859375,97.0,131.0,155.0,174.0,190.0,28.561452865600586,146.5506591796875,-14.0,32.0,60.0,84.0,105.0,138.22702026367188,45.085445404052734,80.0,113.0,144.0,169.0,189.0,,,,,,,
s0915,24.889657974243164,64.23112487792969,-13.0,0.0,17.0,36.0,56.0,120.3404312133789,139.82818603515625,-27.0,20.0,95.0,188.0,293.0,202.25184631347656,205.1570281982422,5.0,58.0,141.0,292.0,503.0,200.5044403076172,204.7757110595703,1.0,56.0,139.0,294.0,500.0,72.4813232421875,23.647872924804688,43.0,58.0,73.0,88.0,101.0,20.700014114379883,127.08796691894531,-6.0,20.0,43.0,62.0,80.0,65.2373046875,27.366769790649414,31.0,48.0,66.0,83.0,99.0,209.65379333496094,148.11874389648438,67.0,105.0,174.0,273.0,401.0,86.55662536621094,28.673137664794922,52.0,71.0,88.0,105.0,120.0,84.41015625,29.315427780151367,49.0,68.0,86.0,104.0,119.0,79.7989273071289,25.386625289916992,49.0,65.0,81.0,96.0,110.0,71.4598617553711,27.98432159423828,38.0,55.0,72.0,89.0,105.0,76.2706527709961,38.19173049926758,32.0,57.0,79.0,96.0,111.0,-330.3702392578125,451.2688293457031,-1002.0,-898.0,-26.0,50.0,79.0,74.20821380615234,31.172306060791016,39.0,58.0,76.0,93.0,108.0,15.346517562866211,21.749963760375977,-11.0,0.0,15.0,29.0,43.0
s0916,25.559968948364258,57.330604553222656,-2.0,12.0,28.0,45.0,60.0,132.4301300048828,157.71981811523438,-29.0,25.0,104.0,204.0,315.0,210.74205017089844,209.36614990234375,16.0,68.0,151.0,292.0,493.0,210.65975952148438,216.82373046875,13.0,64.0,146.0,292.0,503.0,99.79448699951172,27.018817901611328,68.0,88.0,104.0,117.0,128.0,-117.13612365722656,376.9384460449219,-976.0,-4.0,54.0,81.0,99.0,82.3109359741211,28.545255661010742,46.0,66.0,85.0,101.0,116.0,214.67941284179688,171.03424072265625,67.0,106.0,174.0,268.0,399.0,142.880615234375,37.76628112792969,92.0,123.0,151.0,169.0,183.0,139.16285705566406,38.04768371582031,87.0,118.0,147.0,166.0,180.0,118.31006622314453,23.301984786987305,91.0,105.0,119.0,132.0,144.0,117.6729507446289,39.01035690307617,70.0,90.0,114.0,144.0,173.0,148.4881591796875,84.93376159667969,94.0,131.0,148.0,160.0,172.0,29.823381423950195,90.30525970458984,-8.0,25.0,46.0,63.0,77.0,127.24380493164062,44.90875244140625,73.0,104.0,135.0,159.0,174.0,19.814861297607422,23.100177764892578,-3.0,5.0,16.0,29.0,48.0
s0918,20.140579223632812,46.12964630126953,-40.0,-9.0,22.0,52.0,77.0,182.17726135253906,187.47964477539062,-25.0,45.0,154.0,270.0,417.0,238.39981079101562,226.3146514892578,23.0,91.0,188.0,329.0,543.0,225.19252014160156,212.4241943359375,14.0,82.0,167.0,312.0,525.0,102.29490661621094,25.1907901763916,74.0,91.0,105.0,118.0,130.0,-9.283330917358398,179.27792358398438,-58.0,12.0,37.0,59.0,80.0,73.07508087158203,35.307186126708984,25.0,55.0,79.0,97.0,112.0,310.78375244140625,211.2333221435547,123.0,164.0,250.0,390.0,586.0,142.9940948486328,40.722652435302734,88.0,119.0,154.0,172.0,184.0,141.8383026123047,41.28020095825195,85.0,117.0,153.0,172.0,184.0,102.77021789550781,22.625179290771484,76.0,91.0,105.0,117.0,128.0,116.3012924194336,33.68589401245117,70.0,95.0,119.0,142.0,158.0,157.91342163085938,113.78038787841797,90.0,128.0,148.0,163.0,178.0,-48.249942779541016,234.54086303710938,-297.0,-7.0,29.0,54.0,75.0,129.32693481445312,39.12808609008789,84.0,109.0,137.0,156.0,169.0,21.46014976501465,20.604753494262695,-1.0,8.0,19.0,33.0,50.0
s0919,-6.78434944152832,21.71665382385254,-38.0,-16.0,-1.0,7.0,14.0,155.78414916992188,143.30209350585938,-1.0,53.0,130.0,225.0,347.0,314.77777099609375,220.48541259765625,99.0,157.0,256.0,413.0,644.0,345.6601257324219,234.55653381347656,110.0,173.0,284.0,458.0,696.0,62.97095489501953,30.747314453125,24.0,43.0,64.0,85.0,102.0,23.51471519470215,119.77320861816406,-14.0,23.0,50.0,67.0,79.0,61.138702392578125,27.598915100097656,25.0,46.0,65.0,79.0,92.0,294.3338623046875,189.74169921875,120.0,157.0,230.0,381.0,571.0,111.61073303222656,47.195377349853516,44.0,73.0,119.0,151.0,168.0,100.28180694580078,46.2589111328125,36.0,63.0,106.0,138.0,157.0,51.43560791015625,17.707866668701172,32.0,43.0,53.0,62.0,70.0,64.90287780761719,42.03921127319336,24.0,39.0,55.0,83.0,126.0,276.2903747558594,67.76251220703125,181.0,260.0,294.0,312.0,326.0,9.648612022399902,87.77142333984375,-60.0,-6.0,27.0,52.0,78.0,206.528564453125,99.90727996826172,72.0,107.0,234.0,282.0,314.0,21.834575653076172,14.837512969970703,3.5,13.0,22.0,31.0,39.0
s0921,48.47238540649414,93.09669494628906,-45.0,-4.0,39.0,85.0,139.0,380.28009033203125,377.6900939941406,0.0,105.0,276.0,584.0,938.3000000000002,407.9858703613281,437.385498046875,11.0,98.0,239.0,620.0,1134.0,424.5915222167969,439.6832275390625,16.0,104.0,255.0,665.0,1161.0,,,,,,,,,,,,,,,,,,,,,,,,,,,,,,,,,,,,,,,,,,,,,,,,,,,,,,,,,,,,,,,,,,,,,,,,,,,,,,,,,,,,
s0923,55.546146392822266,45.58230972290039,-2.0,29.0,59.0,86.0,109.0,164.5373077392578,160.4235382080078,-9.0,48.0,131.0,251.0,385.0,315.8800354003906,240.01344299316406,71.0,134.0,250.0,446.0,676.0,329.25946044921875,246.26087951660156,77.0,141.0,262.0,464.0,696.0,62.23912048339844,35.580406188964844,18.0,40.0,63.0,85.0,106.0,-6.394598007202148,164.8775177001953,-57.0,-7.0,27.0,57.0,82.0,58.166500091552734,43.535160064697266,3.0,30.0,59.0,87.0,113.0,276.2591247558594,210.9641571044922,67.0,129.0,228.0,359.0,559.0,111.04129791259766,46.28591537475586,52.0,82.0,113.0,142.0,168.0,101.06521606445312,46.86281967163086,41.0,73.0,103.0,132.0,158.0,68.1916275024414,35.14299774169922,24.0,46.0,69.0,91.0,112.0,79.15383911132812,37.824520111083984,30.0,56.0,81.0,104.0,124.0,79.50289154052734,34.592567443847656,39.0,63.0,83.0,100.0,116.0,26.463367462158203,69.29622650146484,-12.0,12.0,35.0,56.0,75.0,78.727783203125,33.55317687988281,42.0,63.0,82.0,99.0,114.0,37.24679946899414,45.35603332519531,-21.0,5.0,37.0,68.0,93.0
s0924,13.601777076721191,38.940101623535156,-44.0,-5.0,20.0,39.0,53.0,204.44699096679688,182.4749298095703,15.0,72.0,163.0,292.0,449.70000000000437,357.6473083496094,291.5447692871094,72.0,138.0,262.0,517.0,817.0,336.08349609375,289.01904296875,55.0,124.0,246.0,486.0,780.0,56.20602798461914,19.84817123413086,34.0,47.0,58.0,69.0,78.0,-192.39686584472656,404.8297424316406,-971.0,-146.0,25.0,44.0,58.0,41.13224411010742,27.442337036132812,5.0,28.0,45.0,59.0,71.0,336.02874755859375,235.6062774658203,122.0,162.0,260.0,431.0,688.0,72.93765258789062,23.67664909362793,46.0,63.0,76.0,88.0,98.0,37.28898239135742,48.195579528808594,6.0,22.0,39.0,54.0,66.0,66.8410415649414,19.550662994384766,45.0,56.0,67.0,79.0,90.0,69.0759048461914,21.76522445678711,43.0,57.0,70.0,83.0,95.0,85.22183227539062,31.124786376953125,49.0,75.0,92.0,103.0,112.0,-63.28721237182617,259.04718017578125,-389.0,-11.0,33.0,53.0,68.0,70.14822387695312,29.206331253051758,35.0,57.0,74.0,89.0,101.0,9.717633247375488,19.039485931396484,-13.0,-1.0,10.0,21.0,33.0
s0925,,,,,,,,,,,,,,,,,,,,,,,,,,,,,,,,,,,,,,,,,,,,,,,,,,,,,,,,,,,,,,,,,,,,,,,,,,,,,,,,,,,,,139.54562377929688,25.374900817871094,103.0,134.0,147.0,155.0,161.0,37.50858688354492,43.25454330444336,0.0,32.0,49.0,59.0,68.0,,,,,,,,,,,,,,
s0927,12.34570026397705,17.509464263916016,-3.0,3.0,11.0,19.0,32.0,163.75045776367188,169.28802490234375,-28.0,43.0,135.0,252.0,386.0,301.5173034667969,293.94525146484375,23.0,94.0,212.0,425.0,733.0,306.4452819824219,301.6223449707031,16.0,88.0,217.0,439.0,748.0,165.85890197753906,27.297882080078125,146.0,154.0,164.0,179.0,199.0,83.64298248291016,96.19711303710938,7.0,46.0,101.0,139.0,156.0,148.986328125,37.682395935058594,100.0,134.0,157.0,171.0,185.0,303.1684265136719,214.91807556152344,93.0,149.0,247.0,403.0,597.0,161.40733337402344,74.12923431396484,68.0,97.0,168.0,230.0,251.0,158.08079528808594,71.07560729980469,70.0,96.0,158.0,225.0,249.0,122.47821044921875,17.667593002319336,106.0,114.0,122.0,132.0,141.0,126.13383483886719,36.39533615112305,86.0,100.0,120.0,149.0,176.0,386.281005859375,66.19803619384766,301.0,380.0,405.0,419.0,431.0,-295.17864990234375,478.3813171386719,-996.0,-962.0,41.0,86.0,107.0,252.23507690429688,60.388851165771484,160.0,220.0,262.0,299.0,323.0,,,,,,,
s0928,18.186649322509766,114.1343002319336,-54.0,-14.0,13.0,34.0,54.0,169.5364227294922,200.8420867919922,-39.0,19.0,122.0,269.0,457.0,279.8190002441406,251.46730041503906,32.0,92.0,203.0,408.0,663.0,265.3368225097656,239.76255798339844,32.0,88.0,193.0,379.0,629.0,76.1457748413086,40.34107208251953,30.0,58.0,81.0,101.0,120.0,-86.09351348876953,308.622314453125,-703.0,-17.0,23.0,50.0,72.0,-9.672412872314453,40.61680603027344,-63.0,-37.0,-9.0,18.0,42.0,279.6971435546875,206.425537109375,65.0,122.0,232.0,386.0,566.0,87.2911605834961,41.250328063964844,38.0,68.0,94.0,114.0,131.0,63.189823150634766,44.52264404296875,3.0,37.0,69.0,95.0,114.0,84.96541595458984,36.273155212402344,45.0,67.0,87.0,107.0,125.0,72.49064636230469,32.60177230834961,31.0,53.0,74.0,94.0,112.0,78.21890258789062,47.11151123046875,34.0,60.0,80.0,97.0,113.0,11.580918312072754,85.29349517822266,-39.0,-2.0,25.0,47.0,65.0,79.701416015625,31.252954483032227,42.0,64.0,83.0,100.0,115.0,30.65030860900879,40.313690185546875,-16.0,4.0,26.0,53.0,84.0
s0930,,,,,,,,,,,,,,,,,,,,,,,,,,,,,125.64887237548828,46.751834869384766,68.0,96.0,125.0,155.0,185.0,-81.32117462158203,373.2424011230469,-977.0,3.0,56.0,101.0,141.0,113.64713287353516,49.887351989746094,51.0,81.0,113.0,146.0,177.0,435.3274230957031,269.8033752441406,177.5,246.0,365.0,549.0,788.5,169.25210571289062,55.497440338134766,101.0,135.0,170.0,205.0,238.0,,,,,,,,125.93376159667969,43.723228454589844,73.0,98.0,125.0,153.0,181.0,144.27093505859375,49.15756607055664,83.0,114.0,145.0,173.0,201.0,158.91905212402344,54.64492416381836,101.0,134.0,163.0,190.0,215.0,38.61095428466797,216.7711639404297,-78.0,41.0,87.0,130.0,177.0,136.32693481445312,48.891143798828125,83.0,112.0,140.0,165.0,188.0,41.703853607177734,46.03588104248047,-15.0,11.0,40.0,71.0,101.0
s0931,18.258146286010742,38.13262939453125,-15.0,8.0,21.0,32.0,41.0,210.2880096435547,186.71902465820312,4.0,81.0,177.0,293.0,448.0,378.0221862792969,302.4303283691406,77.0,154.0,293.0,521.0,826.0,379.0248718261719,292.406982421875,79.0,161.0,303.0,523.0,809.0,67.41401672363281,26.16021156311035,35.0,58.0,72.0,84.0,94.0,-251.6820526123047,436.9112243652344,-985.0,-766.0,27.0,55.0,70.0,16.139846801757812,34.573856353759766,-30.0,-6.0,18.0,41.0,59.0,357.8890686035156,250.63226318359375,109.0,171.5,290.0,468.0,719.0,73.65130615234375,37.34269714355469,22.0,49.0,80.0,102.0,117.0,67.0837631225586,41.96443557739258,5.0,34.0,74.0,102.0,117.0,62.28424072265625,21.471324920654297,38.0,51.0,63.0,75.0,87.0,41.08150100708008,64.88433837890625,6.0,22.0,35.0,48.0,61.0,365.9632263183594,97.99857330322266,221.0,343.0,390.0,417.0,436.0,9.83674144744873,97.75009155273438,-31.0,3.0,28.0,49.0,65.0,347.01708984375,160.44329833984375,102.0,258.0,394.0,433.0,495.0,,,,,,,
s0933,38.53330993652344,45.78300094604492,2.0,11.0,21.0,76.0,114.0,246.91207885742188,188.17799377441406,54.0,107.0,205.0,340.0,507.0,375.9052734375,217.22872924804688,131.0,209.0,331.0,509.0,690.0,391.6186828613281,226.0568084716797,137.0,218.0,345.0,531.0,724.0,107.01717376708984,23.4378604888916,89.0,104.0,112.0,118.0,123.0,8.719525337219238,195.1178741455078,-29.0,37.0,62.0,77.0,88.0,79.60691833496094,25.373432159423828,46.0,66.0,85.0,96.0,104.0,355.3329772949219,225.30459594726562,157.0,187.0,272.0,454.0,702.0,125.18270874023438,32.71787643432617,78.0,105.0,135.0,150.0,158.0,119.49652862548828,33.72110366821289,71.0,98.0,128.0,146.0,155.0,90.4039077758789,15.564315795898438,79.0,86.0,92.0,98.0,104.0,87.31874084472656,19.835622787475586,65.0,75.0,86.0,102.0,112.0,182.30978393554688,45.360816955566406,118.0,160.0,191.0,218.0,231.0,35.30081558227539,55.02204513549805,-4.0,29.0,48.0,61.0,72.0,125.40853118896484,37.51042175292969,81.0,107.0,126.0,147.0,175.0,22.297256469726562,14.238004684448242,6.0,12.0,21.0,31.0,41.0
s0934,,,,,,,,,,,,,,,264.0399475097656,238.73715209960938,26.0,71.0,205.0,396.0,598.3000000000011,258.1826477050781,187.6708526611328,53.700000000000045,101.0,221.0,375.0,522.0,45.0592041015625,20.002973556518555,23.0,36.0,47.0,57.0,66.0,-167.40223693847656,402.26007080078125,-984.0,-54.0,19.0,38.0,51.0,8.226874351501465,35.28281021118164,-43.0,-12.0,15.0,33.0,46.60000000000218,316.5160217285156,227.08407592773438,102.0,145.0,249.0,426.0,632.0,26.065326690673828,19.87581443786621,1.0,14.75,28.0,39.0,50.0,26.05205726623535,24.51325225830078,-4.0,16.0,30.0,42.0,52.0,54.2417106628418,16.831928253173828,36.0,46.0,56.0,65.0,73.0,34.30951690673828,19.07256507873535,11.0,24.0,36.0,47.0,56.0,65.15798950195312,114.47916412353516,19.0,31.0,42.0,55.0,81.0,-0.446524053812027,165.24656677246094,-27.0,18.0,38.0,55.0,71.0,35.77183532714844,22.695890426635742,10.0,27.0,39.0,49.0,58.0,9.582321166992188,16.228742599487305,-8.0,1.0,11.0,20.0,28.0
s0935,,,,,,,,,,,,,,,,,,,,,,,,,,,,,44.97636795043945,39.37839889526367,-1.0,23.0,46.0,68.0,89.0,33.819068908691406,37.1530876159668,-14.0,10.0,35.0,59.0,80.0,,,,,,,,,,,,,,,,,,,,,,,,,,,,,48.451656341552734,34.785404205322266,5.0,26.0,49.0,71.0,92.0,57.12969970703125,62.465545654296875,2.0,21.0,45.0,74.0,122.0,363.19073486328125,123.2898178100586,250.0,331.0,370.0,399.0,423.0,36.967620849609375,57.04716110229492,-11.0,18.0,43.0,65.0,85.0,214.19296264648438,113.4720458984375,64.0,114.0,217.0,309.0,366.0,,,,,,,
s0936,,,,,,,,,,,,,,,,,,,,,,,,,,,,,107.96314239501953,65.56489562988281,30.700000000000017,73.0,109.0,147.75,183.0,17.452587127685547,75.3209457397461,-76.9,-33.0,16.0,66.0,113.0,,,,,,,,,,,,,,,,,,,,,,,,,,,,,62.29068374633789,64.83882141113281,-14.0,20.0,60.0,102.0,144.0,82.93508911132812,53.721900939941406,16.0,52.0,86.0,117.0,147.0,432.0976867675781,111.11905670166016,299.0,400.0,452.0,495.0,532.0,-30.21445083618164,196.94915771484375,-139.0,-45.0,13.5,65.0,108.0,157.8582000732422,113.24910736083984,42.0,85.0,131.0,213.0,338.0,,,,,,,
s0937,-0.13592301309108734,57.86528778076172,-21.0,-7.0,5.0,18.0,32.0,166.19004821777344,222.26243591308594,-67.0,0.0,122.0,269.0,451.0,289.59649658203125,299.4353942871094,18.0,76.0,183.0,424.0,736.0,296.136962890625,301.4328918457031,22.0,82.0,188.0,432.0,747.0,104.18490600585938,33.07291793823242,61.0,85.0,107.0,127.0,143.0,-166.14466857910156,374.398681640625,-951.0,-148.0,23.0,54.0,78.0,106.58328247070312,41.88872528076172,46.0,82.0,114.0,135.0,153.0,304.99310302734375,242.8231201171875,80.0,128.0,240.0,402.0,620.0,125.18712615966797,65.61875915527344,32.0,78.0,127.0,177.0,212.0,131.29269409179688,71.43659973144531,36.0,75.0,132.0,191.0,225.0,70.26014709472656,23.541044235229492,43.0,58.0,71.0,85.0,97.0,62.07872772216797,34.1095085144043,28.0,44.0,62.0,81.0,98.0,368.51171875,89.95985412597656,248.0,361.0,387.0,409.0,430.0,15.74964714050293,128.6632843017578,-23.0,23.0,47.0,66.0,84.0,69.30130767822266,20.351375579833984,44.0,56.0,68.0,81.0,94.0,18.053884506225586,23.763534545898438,-11.0,3.0,17.0,33.0,48.0
s0938,12.730606079101562,16.976694107055664,-9.0,3.0,15.0,25.0,32.0,174.8058319091797,191.56927490234375,-9.0,50.0,130.0,246.0,405.0,291.9957275390625,268.7603454589844,34.0,103.0,211.0,404.0,674.0,304.71978759765625,273.62164306640625,46.0,108.0,216.0,424.0,711.0,,,,,,,,,,,,,,,,,,,,,,,,,,,,,,,,,,,,,,,,,,,,,,,,,,,,,,,,,,,,,,,,,,,,,,,,,,,,,,,,,,,,
s0939,8.30006217956543,43.21046829223633,-52.0,-16.0,13.0,38.0,58.0,139.1389923095703,170.6775360107422,-22.0,23.0,98.0,203.0,354.0,247.21434020996094,252.0613555908203,14.0,70.0,161.0,354.0,632.0,250.08877563476562,252.5818328857422,18.0,72.0,163.0,357.0,638.0,89.35108184814453,41.97772979736328,37.0,67.0,93.0,116.0,138.0,-0.7716755270957947,231.17007446289062,-33.0,20.0,57.0,87.0,112.0,42.29778289794922,48.90547180175781,-24.0,11.0,46.0,76.0,102.0,265.2355041503906,247.45755004882812,47.0,95.0,186.0,347.0,617.0,110.95824432373047,49.28831481933594,46.0,82.0,115.0,145.0,169.0,111.1274642944336,49.49269104003906,45.0,82.0,116.0,145.0,169.0,75.03758239746094,35.97870635986328,30.0,53.0,76.0,98.0,119.0,72.78611755371094,39.15544128417969,22.0,48.0,75.0,99.0,121.0,178.66773986816406,134.02572631835938,89.0,122.0,150.0,181.0,272.0,-31.589807510375977,216.1781463623047,-171.0,-4.0,33.0,60.0,82.10000000000036,111.9593505859375,53.087646484375,40.0,81.0,119.0,149.0,172.0,13.096525192260742,37.22954559326172,-34.0,-11.0,12.0,38.0,61.0
s0940,24.261404037475586,28.15027618408203,-2.0,8.0,21.0,45.0,58.0,162.18356323242188,197.1695098876953,-24.0,17.0,112.0,246.0,413.0,297.7729187011719,302.5177917480469,16.0,72.0,196.0,436.0,758.0,292.0080261230469,296.03924560546875,13.0,70.0,196.0,426.0,733.0,109.58297729492188,16.253904342651367,92.0,101.0,111.0,120.0,128.0,-98.22999572753906,347.96942138671875,-981.0,10.0,30.0,62.0,94.0,82.71417999267578,33.0114860534668,38.0,68.0,89.0,104.0,117.0,255.5222930908203,236.0001678466797,49.0,84.0,184.0,340.0,566.0,148.06631469726562,39.86616134643555,89.0,120.0,162.0,178.0,188.0,145.90130615234375,39.80010986328125,88.0,119.0,159.0,175.0,186.0,94.84781646728516,24.77652931213379,64.0,86.0,99.0,109.0,119.0,109.03933715820312,33.46045684814453,68.0,85.0,107.0,135.0,155.0,155.56654357910156,62.92814636230469,103.0,142.0,161.0,173.0,182.0,-44.84147644042969,306.059814453125,-549.3999999999999,36.0,71.0,91.0,107.0,123.3735580444336,34.76858901977539,81.0,109.0,133.0,146.0,155.0,28.13918685913086,32.526241302490234,-2.0,5.0,16.0,47.0,79.0
s0941,,,,,,,,,,,,,,,,,,,,,,,,,,,,,83.5245590209961,23.073305130004883,55.0,69.0,84.0,99.0,112.0,18.27393913269043,111.27454376220703,-12.0,12.0,34.0,55.0,74.0,69.68777465820312,26.920745849609375,36.0,53.0,70.0,87.0,102.0,270.65496826171875,139.37802124023438,133.9,179.0,243.0,328.0,429.0,17.00279998779297,34.2130241394043,-22.0,1.0,19.0,37.0,56.0,19.798444747924805,34.09650802612305,-18.0,4.0,22.0,40.0,58.0,69.114990234375,43.213661193847656,8.0,44.0,78.0,98.0,113.0,80.65283203125,27.640247344970703,46.0,63.0,81.0,99.0,115.0,87.45451354980469,27.92635726928711,56.0,75.0,91.0,103.0,114.0,-1.169864296913147,136.68980407714844,-29.0,10.0,30.0,46.0,61.0,88.26195526123047,39.7257080078125,52.0,73.0,93.0,110.0,124.0,,,,,,,
s0943,1.289368987083435,58.402626037597656,-43.0,-15.0,8.0,28.0,44.0,203.29507446289062,152.94712829589844,41.0,96.0,169.0,279.0,424.0,320.532958984375,224.37933349609375,83.0,148.0,260.0,459.0,663.0,322.32244873046875,215.22439575195312,94.0,156.0,267.0,461.0,646.0,,,,,,,,,,,,,,,,,,,,,,,,,,,,,,,,,,,,,,,,,,,,,,,,,,,,,,,,,,,,,,,,,,,,,,,-8.12224006652832,13.644022941589355,-26.0,-17.0,-8.0,0.0,8.0,,,,,,,
s0944,-5.127047061920166,60.766571044921875,-79.0,-42.0,-6.0,29.0,67.0,254.79815673828125,273.2637939453125,-14.0,63.0,184.0,357.0,655.0,311.9747619628906,368.5141296386719,0.0,87.0,225.0,465.0,796.0,447.60491943359375,570.3724975585938,7.0,106.0,280.0,585.0,1036.0,,,,,,,,,,,,,,,,,,,,,,286.146240234375,245.66371154785156,62.30000000000001,150.0,255.5,412.0,595.7,,,,,,,,,,,,,,,,,,,,,,34.011234283447266,34.11885070800781,-6.0,13.0,33.0,54.0,73.0,78.2779541015625,157.76504516601562,-3.0,18.0,44.0,70.0,120.0,,,,,,,,,,,,,,,,,,,,,
s0945,11.731840133666992,27.248737335205078,-15.0,-1.0,12.0,27.0,44.0,148.1613006591797,196.3468780517578,-35.0,3.0,97.0,230.0,408.0,255.4357452392578,267.2879333496094,15.0,60.0,156.0,374.5,670.0,261.6823425292969,265.1719055175781,18.0,63.0,164.0,389.0,675.0,95.43528747558594,25.17702865600586,66.0,83.0,97.0,111.0,124.0,-1.9865702390670776,296.9061279296875,-151.0,35.0,97.0,132.0,151.0,47.79136276245117,42.41490936279297,-9.0,21.0,52.0,77.0,98.0,239.5841827392578,232.41549682617188,38.0,74.0,165.0,323.0,557.0,116.04743957519531,36.88566589355469,68.0,99.0,122.0,141.0,155.0,120.34162902832031,37.158260345458984,73.0,104.0,127.0,145.0,158.0,65.86308288574219,26.472354888916016,35.0,50.0,66.0,81.0,97.0,101.0511245727539,35.37376403808594,56.0,79.0,103.0,125.0,145.0,153.07455444335938,102.82817840576172,80.0,125.0,151.0,165.0,178.0,36.25637435913086,67.60041046142578,-6.0,22.0,47.0,67.0,81.0,115.88373565673828,52.60784912109375,54.0,88.0,121.0,148.0,164.0,35.49104690551758,35.99106216430664,-8.0,9.0,32.0,62.0,84.0
s0946,,,,,,,,,,,,,,,,,,,,,,,,,,,,,124.9842300415039,44.320472717285156,71.0,98.0,126.0,154.0,178.0,-22.029876708984375,245.1677703857422,-57.0,11.0,44.0,74.0,99.0,105.949462890625,41.960330963134766,55.0,82.0,108.0,132.0,154.0,,,,,,,,131.1597900390625,60.571083068847656,45.0,80.0,142.0,179.0,204.0,128.05235290527344,61.5589714050293,42.0,78.0,138.0,177.0,201.0,70.5940170288086,32.62409210205078,30.0,50.0,71.0,92.0,111.0,63.87997817993164,38.304039001464844,16.0,38.0,63.0,88.0,112.0,427.369140625,124.6833724975586,333.0,401.0,435.0,462.0,487.0,53.37654113769531,57.04759216308594,0.0,27.0,56.0,84.0,111.0,286.6790771484375,129.38185119628906,107.0,180.0,295.0,398.0,452.0,22.333406448364258,27.448017120361328,-11.0,4.0,21.0,40.0,57.0
s0947,15.527591705322266,75.71064758300781,-80.0,-33.0,16.0,65.0,111.0,260.2679138183594,260.68316650390625,-16.0,86.0,213.0,381.0,613.0,392.01190185546875,344.3309326171875,34.0,155.0,305.0,566.0,931.0,403.6154479980469,358.014404296875,29.0,159.0,312.0,588.0,966.0,,,,,,,,,,,,,,,,,,,,,,,,,,,,,,,,,,,,,,,,,,,,,,,,,,,,,,,,,,,,,,,,,,,,,,,,,,,,,,,,,,,,
s0949,,,,,,,,,,,,,,,,,,,,,,,,,,,,,,,,,,,,,,,,,,,,,,,,,,,,,,,,,,,,,,,,,,,,,,,,,,,,,,,,,,,,,309.64111328125,229.01307678222656,185.60000000000014,269.0,328.0,377.0,428.0,11.199043273925781,122.41154479980469,-83.0,-25.0,26.0,74.0,120.0,,,,,,,,,,,,,,
s0950,15.918455123901367,41.7962646484375,-26.0,-5.0,15.0,36.0,56.0,220.32766723632812,203.46539306640625,23.0,75.0,163.0,309.0,506.0,348.0477294921875,252.00450134277344,93.0,157.0,270.0,490.0,745.0,368.8093566894531,259.0871276855469,101.0,166.0,292.0,527.0,773.0,69.36775207519531,28.485153198242188,36.0,54.0,71.0,87.0,102.0,-64.87214660644531,293.3295593261719,-583.0,1.0,36.0,61.0,82.0,55.68323516845703,36.81352996826172,8.0,34.0,58.0,80.0,99.0,328.269775390625,259.0388488769531,68.0,131.0,254.0,460.0,736.0,85.5613784790039,35.60411071777344,41.0,66.0,89.0,109.0,126.0,83.99857330322266,37.401004791259766,34.0,64.0,89.0,109.0,126.0,76.92020416259766,29.09168815612793,42.0,60.0,78.0,95.0,111.0,81.55571746826172,30.956586837768555,43.0,63.0,83.0,102.0,119.0,92.99685668945312,44.39060592651367,55.0,76.0,93.0,108.0,123.0,37.83081817626953,65.86103820800781,0.0,24.0,45.0,63.0,80.0,81.1504898071289,30.583093643188477,45.0,65.0,84.0,100.0,115.0,15.996323585510254,36.64393997192383,-23.0,-5.0,13.0,34.0,55.0
s0951,2.569563150405884,35.405330657958984,-48.0,-14.0,8.0,27.0,42.0,131.46385192871094,145.23312377929688,0.0,36.0,93.0,186.0,311.0,230.49351501464844,229.3821258544922,32.0,78.0,156.0,302.0,551.0,217.51010131835938,217.7107696533203,32.0,74.0,147.0,283.0,518.0,,,,,,,,,,,,,,,,,,,,,,,,,,,,,,,,,,,,18.860515594482422,27.787336349487305,-17.0,-1.0,20.0,38.0,54.0,,,,,,,,34.68024444580078,23.65494155883789,4.0,19.0,34.0,51.0,65.0,51.90707015991211,84.91287231445312,8.0,23.0,41.0,59.0,79.0,,,,,,,,,,,,,,,,,,,,,
s0952,,,,,,,,200.3714599609375,320.83135986328125,-134.89999999999998,-10.0,141.0,337.0,618.9000000000005,155.97149658203125,255.98373413085938,-140.0,-16.25,128.0,297.0,484.0,114.39047241210938,256.3747863769531,-160.39999999999986,-53.0,77.0,230.0,437.39999999999964,42.678985595703125,116.98347473144531,-107.0,-34.0,43.0,117.0,192.0,41.569305419921875,117.355224609375,-108.0,-36.0,42.0,119.0,190.0,-14.232564926147461,124.7010726928711,-173.0,-97.0,-13.0,66.0,144.0,223.91165161132812,327.0150146484375,-98.0,13.0,160.0,337.0,630.8000000000002,27.930158615112305,117.0389633178711,-120.0,-49.0,27.0,105.0,176.29999999999927,28.323925018310547,132.78451538085938,-140.0,-59.0,27.0,116.0,196.0,60.16383361816406,117.27288818359375,-88.0,-16.0,60.0,138.0,208.0,46.074989318847656,124.9622802734375,-112.0,-37.0,45.0,130.0,204.0,73.23178100585938,218.4759063720703,-100.0,-29.0,47.0,128.0,214.0,-15.170291900634766,214.289794921875,-165.0,-62.0,22.0,97.0,162.0,37.59204864501953,110.23475646972656,-102.0,-35.0,37.0,110.0,177.0,,,,,,,
s0953,,,,,,,,,,,,,,,,,,,,,,,,,,,,,,,,,,,,,,,,,,,,,,,,,,,,,,,,,,,,,,,,,,,,,,,,,,,,,,,,,,,,,,,,,,,,-70.54072570800781,325.0276794433594,-689.5999999999999,-40.0,64.0,109.0,141.0,,,,,,,,,,,,,,
s0954,,,,,,,,,,,,,,,,,,,,,,,,,,,,,83.0880126953125,53.581764221191406,15.0,49.0,84.0,119.0,151.0,-262.5242919921875,440.5655517578125,-983.0,-888.0,-7.0,49.0,89.0,84.31096649169922,59.257652282714844,8.0,49.0,88.0,124.0,154.0,,,,,,,,133.89381408691406,70.29589080810547,39.0,87.0,140.0,185.0,219.0,136.2075958251953,69.91574096679688,41.0,90.0,142.0,186.0,220.0,75.61764526367188,45.62385177612305,18.0,46.0,76.0,106.0,133.0,125.03233337402344,74.51592254638672,35.0,76.0,121.0,172.0,226.0,461.17681884765625,111.28922271728516,306.0,439.0,490.0,528.0,558.0,22.362640380859375,123.88927459716797,-43.0,0.0,38.0,74.0,107.0,312.4103698730469,210.2315216064453,65.0,125.0,348.0,483.0,538.0,,,,,,,
s0955,,,,,,,,,,,,,,,,,,,,,,,,,,,,,,,,,,,,,,,,,,,,,,,,,,,,,,,,,,,,,,,,,,,,,,,,,,,,,,,,,,,,,,,,,,,,39.612388610839844,36.51124954223633,-5.0,18.0,41.0,63.75,83.0,,,,,,,,,,,,,,
s0956,,,,,,,,,,,,,,,,,,,,,,,,,,,,,67.22246551513672,46.779869079589844,13.0,38.0,65.0,96.0,125.0,65.94612884521484,54.63925552368164,4.0,36.0,67.0,96.0,124.0,,,,,,,,,,,,,,,,,,,,,,,,,,,,,60.47672653198242,31.807710647583008,21.0,40.0,60.0,81.0,100.0,50.30056381225586,28.31696128845215,18.0,35.0,51.0,67.0,83.0,541.6466674804688,121.07581329345703,364.0,536.0,577.0,608.0,635.0,8.560480117797852,53.670162200927734,-45.0,-15.0,12.0,38.0,63.0,235.47976684570312,182.52670288085938,63.0,91.0,151.0,454.0,521.0,,,,,,,
s0957,3.081077814102173,28.181575775146484,-23.0,-11.0,0.0,14.0,29.0,244.20645141601562,204.5124969482422,39.0,105.0,195.0,333.0,511.0,411.9126281738281,309.7548828125,121.0,190.0,308.0,551.0,894.0,419.2569274902344,309.5280456542969,123.0,197.0,316.0,572.0,894.0,110.19277954101562,21.68105697631836,83.0,97.0,111.0,124.0,136.0,-169.18910217285156,379.4576721191406,-979.0,-119.0,11.0,48.0,85.0,99.7247314453125,25.44161033630371,68.0,83.0,100.0,116.0,132.0,379.3233337402344,245.64695739746094,166.0,214.0,300.0,461.0,713.0,151.61083984375,34.56882095336914,105.0,135.0,157.0,175.0,189.0,144.54354858398438,35.769744873046875,96.0,126.0,150.0,169.0,184.0,116.6226806640625,24.35714340209961,87.0,102.0,117.0,131.0,145.0,118.3926773071289,34.32039260864258,76.0,94.0,116.0,140.0,165.0,143.18408203125,32.1121826171875,105.0,131.0,149.0,163.0,174.0,-12.266387939453125,204.87750244140625,-222.0,17.0,57.0,79.0,96.0,130.9942626953125,36.851192474365234,92.0,115.0,137.0,153.0,166.0,41.703285217285156,38.9877815246582,-3.0,10.0,32.0,75.0,97.0
s0958,,,,,,,,,,,,,,,,,,,,,,,,,,,,,16.763639450073242,26.33827018737793,-16.0,0.0,17.0,34.0,49.0,26.220321655273438,30.721569061279297,-8.0,9.0,28.0,45.0,61.0,,,,,,,,,,,,,,,-7.571531772613525,38.98141098022461,-56.799999999999955,-24.0,-2.0,17.0,35.0,,,,,,,,48.20318603515625,28.946260452270508,12.0,29.0,48.0,67.0,84.0,36.34434509277344,26.268892288208008,3.0,19.0,36.0,53.0,69.0,80.66217041015625,208.849609375,15.0,30.0,45.0,62.0,89.0,-31.094810485839844,214.411865234375,-76.0,2.0,28.0,49.0,68.0,37.0916748046875,40.68308639526367,7.0,22.0,37.0,52.0,65.0,,,,,,,
s0959,38.15997314453125,40.94086837768555,-1.0,23.0,41.0,57.0,70.0,342.6492919921875,262.3352966308594,90.0,154.0,267.0,453.0,710.0,547.1092529296875,326.76593017578125,203.0,290.0,458.0,743.0,1055.0,559.3370361328125,333.71746826171875,204.0,295.0,474.0,760.0,1082.0,126.8586654663086,25.953990936279297,97.0,116.0,131.0,143.0,154.0,1.3286120891571045,203.2858123779297,-15.0,28.0,50.0,72.0,92.0,104.65474700927734,23.365076065063477,76.0,91.0,105.0,119.0,132.0,527.49853515625,319.8472595214844,232.0,291.0,417.0,662.0,1051.0,162.92428588867188,35.07905578613281,120.0,147.0,166.0,184.0,202.0,158.7284698486328,35.84392547607422,115.0,143.0,163.0,180.0,198.0,116.58975982666016,22.237592697143555,91.0,104.0,117.0,130.0,142.0,147.20977783203125,26.46433448791504,116.0,131.0,147.0,164.0,181.0,165.14869689941406,38.86481857299805,111.0,154.0,176.0,190.0,200.0,-40.709205627441406,214.256103515625,-275.29999999999995,-17.0,33.0,61.0,83.0,144.0248260498047,46.527339935302734,88.0,118.0,154.0,177.0,191.0,47.59339904785156,24.55634880065918,20.0,30.0,44.0,63.0,83.0
s0960,,,,,,,,,,,,,,,,,,,,,,,,,,,,,,,,,,,,,,,,,,,,,,,,,,,,,,,,,,,,,,,,,,,,,,,,,,,,,,,,,,,,,314.4878845214844,99.85923767089844,185.0,260.0,323.0,380.0,431.0,57.46499252319336,108.90155029296875,-58.89999999999998,0.0,62.0,121.0,179.0,,,,,,,,,,,,,,
s0961,10.341848373413086,31.22194480895996,-23.0,-3.0,11.0,29.0,48.0,172.23887634277344,210.31564331054688,-29.699999999999818,20.0,118.0,261.0,445.0,317.41357421875,281.60894775390625,53.0,113.0,222.0,448.0,746.0,321.83575439453125,284.8711242675781,48.0,114.0,227.0,459.0,757.0,103.3721694946289,29.242809295654297,71.0,92.0,107.0,121.0,134.0,-47.47700119018555,279.9081115722656,-377.89999999999964,8.0,43.0,76.0,99.0,78.05007934570312,31.61680030822754,39.0,62.0,81.0,99.0,113.0,310.31854248046875,251.80059814453125,94.0,136.0,228.0,396.0,652.0,147.90072631835938,36.417110443115234,102.0,131.0,153.0,171.0,187.0,143.52084350585938,36.83856964111328,96.0,126.0,150.0,168.0,183.0,104.3544692993164,25.904739379882812,75.0,90.0,105.0,120.0,134.0,123.12080383300781,33.468719482421875,84.0,103.0,122.0,144.0,168.0,166.09774780273438,123.97877502441406,89.0,138.0,161.0,176.0,190.0,39.66748046875,41.366329193115234,-6.0,25.0,46.0,64.0,78.0,128.28128051757812,47.36476135253906,64.0,104.0,138.0,162.0,178.0,37.298465728759766,34.10414123535156,-4.0,12.0,33.0,61.0,85.0
s0962,,,,,,,,200.7677001953125,163.8668975830078,47.0,89.0,161.0,266.0,412.0,318.51385498046875,261.788330078125,60.0,125.0,241.0,445.0,698.0,319.9287414550781,275.490966796875,50.0,118.0,236.0,451.0,729.0,,,,,,,,,,,,,,,,,,,,,,,,,,,,,,,,,,,,,,,,,,,,,,,,,,,,,,,,,,,,,,,,,,,,,,,,,,,,,,,,,,,,
s0963,-11.61582088470459,44.71616744995117,-69.0,-28.0,-1.0,15.0,30.0,144.6229705810547,250.14352416992188,-83.0,-32.0,80.0,231.0,465.59999999999854,280.6042785644531,330.28533935546875,-15.0,39.0,154.0,427.0,803.0,269.3294372558594,416.1810607910156,-33.0,21.0,141.0,376.0,720.0,43.7373046875,22.702749252319336,20.0,34.0,46.0,58.0,68.0,-28.003211975097656,202.8262939453125,-49.0,1.0,22.0,38.0,53.0,6.890406608581543,29.78923225402832,-34.0,-12.0,9.0,29.0,43.0,309.24542236328125,314.1179504394531,33.0,83.0,201.0,428.0,772.0,26.968490600585938,18.236610412597656,4.0,17.0,28.0,39.0,48.0,24.778675079345703,22.432353973388672,-2.0,13.0,27.0,39.0,50.0,47.686275482177734,19.888486862182617,25.0,37.0,49.0,60.0,71.0,33.587013244628906,18.63317108154297,10.0,22.0,34.0,46.0,56.0,30.93736457824707,25.705223083496094,3.0,19.0,33.0,46.0,58.0,-35.58999252319336,178.68055725097656,-104.0,-11.0,15.0,32.0,46.0,38.7212028503418,122.42862701416016,-3.0,18.0,34.0,47.0,61.0,13.348406791687012,23.168642044067383,-14.0,0.25,15.0,28.0,40.0
s0965,13.109360694885254,19.84880256652832,-6.0,1.0,10.0,22.0,39.0,227.2603302001953,225.00332641601562,25.0,79.0,164.0,301.0,509.0,403.64422607421875,312.2814025878906,115.0,189.0,304.0,534.0,856.0,415.34820556640625,319.93408203125,117.0,193.0,315.0,550.0,882.0,181.16510009765625,30.84575653076172,146.0,166.0,185.0,201.0,214.0,94.41657257080078,97.38628387451172,0.0,30.0,101.0,168.0,199.0,172.5879364013672,54.56193161010742,99.0,136.0,176.0,213.0,240.0,413.27569580078125,303.114501953125,177.0,224.0,301.0,481.0,832.1000000000004,386.9497375488281,86.09956359863281,251.0,344.0,423.0,447.0,462.0,366.4773254394531,90.06547546386719,226.0,314.0,402.0,433.0,450.0,182.74424743652344,34.2033576965332,153.0,170.0,186.0,200.0,213.0,179.92068481445312,49.79655075073242,115.0,140.75,183.0,218.0,241.0,254.69276428222656,145.51956176757812,152.0,219.0,253.0,271.0,286.0,-162.14669799804688,362.5104675292969,-838.0,-369.25,31.0,100.0,133.0,219.5660858154297,43.88752746582031,162.0,194.0,231.0,250.0,264.0,21.132905960083008,22.85670280456543,0.0,8.0,17.0,29.0,43.0
s0968,,,,,,,,,,,,,,,,,,,,,,,,,,,,,,,,,,,,,,,,,,,,,,,,,,,,,,,,,,,,,,,,,,,,,,,,,,,,,,,,,,,,,38.46551513671875,30.35976791381836,19.0,29.0,39.0,48.0,57.0,50.78807067871094,283.81134033203125,-83.0,11.0,41.0,142.0,280.5999999999999,32.89621353149414,16.90192413330078,13.0,24.0,34.0,44.0,52.0,,,,,,,
s0970,,,,,,,,362.8942565917969,266.2489318847656,94.69999999999982,177.0,291.0,497.0,735.0,539.5781860351562,337.02691650390625,211.0,284.0,424.0,723.0,1068.0,567.2140502929688,352.7425537109375,224.0,298.0,451.0,758.0,1132.0,158.08155822753906,44.05739212036133,128.0,145.0,162.0,180.0,196.0,-89.23787689208984,355.905029296875,-915.0,-9.0,49.0,116.0,146.0,165.631591796875,29.276378631591797,136.0,151.0,166.0,180.0,197.0,588.0552368164062,337.0456237792969,275.0,336.0,473.0,735.0,1156.0,243.64828491210938,55.104942321777344,165.9000000000001,209.0,258.0,286.0,302.0,231.9438018798828,62.9354362487793,142.0,193.0,256.0,278.0,291.0,126.415771484375,27.329626083374023,109.0,118.0,127.0,136.0,146.0,164.3604736328125,25.83261489868164,137.0,149.0,162.0,177.0,199.0,364.7042541503906,65.77754211425781,269.0,360.0,386.0,402.0,416.0,66.33036041259766,59.22028732299805,31.0,53.0,71.0,89.0,112.0,260.99237060546875,80.20582580566406,156.0,211.0,256.0,321.0,376.0,31.780214309692383,29.638181686401367,-11.0,16.0,33.0,49.0,69.0
s0971,9.106427192687988,23.47130584716797,-18.0,-3.0,10.0,24.0,37.0,103.47618865966797,146.32998657226562,-36.0,-3.0,65.0,167.0,293.0,214.54698181152344,199.91531372070312,30.0,72.0,148.0,301.0,505.0,213.36424255371094,197.40309143066406,29.0,73.0,149.0,296.0,504.0,,,,,,,,,,,,,,,,,,,,,,,,,,,,,,,,,,,,,,,,,,,,,,,,,,58.229408264160156,25.634429931640625,26.0,42.0,59.0,75.0,89.0,82.86922454833984,64.36736297607422,38.0,56.0,75.0,95.0,117.0,,,,,,,,,,,,,,,,,,,,,
s0972,,,,,,,,,,,,,,,,,,,,,,,,,,,,,,,,,,,,47.08174514770508,123.11104583740234,-38.0,9.0,57.0,107.0,150.0,,,,,,,,,,,,,,,,,,,,,,,,,,,,,65.6366195678711,58.68412399291992,-6.0,28.0,65.0,103.0,138.0,77.11085510253906,57.50016403198242,6.0,40.0,76.0,113.0,150.0,598.86279296875,179.6034393310547,419.0,561.0,627.0,675.0,713.0,27.589454650878906,88.33219146728516,-71.0,-12.0,38.0,81.0,119.0,231.01797485351562,178.83949279785156,62.0,114.0,172.0,291.0,538.0,,,,,,,
s0973,,,,,,,,,,,,,,,,,,,,,,,,,,,,,119.24333190917969,94.6184310913086,0.0,57.0,119.0,181.0,239.0,74.6706771850586,103.59000396728516,-41.0,16.0,77.0,137.0,194.0,,,,,,,,,,,,,,,,,,,,,,,,,,,,,54.54364776611328,83.32440185546875,-49.0,1.0,54.0,107.0,159.0,89.91536712646484,80.0466079711914,-6.0,41.0,88.0,137.0,189.0,325.79742431640625,108.6769027709961,179.0,278.0,343.0,395.0,441.0,48.092350006103516,159.6770782470703,-40.0,12.0,61.0,109.0,161.0,245.59556579589844,128.66412353515625,78.0,155.0,253.0,333.0,404.0,,,,,,,
s0974,,,,,,,,,,,,,,,,,,,,,,,,,,,,,,,,,,,,,,,,,,,,,,,,,,,,,,,,,,,,,,,,,,,,,,,,,,,,,,,,,,,,,265.7847900390625,115.90948486328125,112.0,198.0,276.0,343.0,402.0,32.89516830444336,107.69548797607422,-89.39999999999998,-29.0,33.0,94.0,160.0,295.5647277832031,107.10865020751953,156.0,225.0,298.0,367.0,433.0,,,,,,,
s0975,,,,,,,,,,,,,,,,,,,,,,,,,,,,,122.39656829833984,46.74581527709961,65.0,96.0,125.0,153.0,178.0,10.536272048950195,134.84396362304688,-48.0,-11.0,24.0,63.0,104.0,85.96604919433594,75.60814666748047,-2.0,41.0,87.0,127.0,166.0,,,,,,,,180.52774047851562,75.85865020751953,77.0,129.0,188.0,234.0,271.2000000000007,175.62466430664062,75.97602844238281,71.0,126.0,184.0,229.0,266.0,87.30781555175781,46.573951721191406,31.0,58.0,87.0,116.0,144.0,132.81114196777344,76.99242401123047,38.0,80.0,129.0,180.0,235.0,150.95774841308594,68.00492095947266,88.0,126.0,155.0,177.0,198.0,39.664913177490234,69.44084930419922,-14.0,16.0,45.0,72.0,98.0,120.0811767578125,44.4824333190918,66.0,95.0,124.0,150.0,171.0,17.761796951293945,48.69905090332031,-43.0,-13.0,17.0,48.0,78.0
s0976,,,,,,,,,,,,,,,,,,,,,,,,,,,,,119.6783218383789,61.64749526977539,57.0,86.0,118.0,152.0,183.0,-14.418383598327637,276.5600891113281,-179.0,15.0,65.0,107.0,143.0,98.31259155273438,53.19673156738281,27.200000000000017,66.0,100.0,134.5,165.0,,,,,,,,,,,,,,,121.50300598144531,59.749610900878906,40.0,88.0,127.5,162.0,197.0,114.73681640625,50.663978576660156,52.0,81.0,113.0,147.0,179.0,123.32540130615234,47.08732223510742,64.0,93.0,124.0,154.0,182.0,131.77810668945312,52.916160583496094,73.0,105.0,134.0,160.0,185.0,70.4391098022461,48.13100814819336,11.0,43.0,71.0,101.0,127.0,116.10585021972656,47.562171936035156,57.0,89.0,119.0,147.0,172.0,44.75810623168945,49.950531005859375,-13.0,12.0,43.0,76.0,109.0
s0977,,,,,,,,,,,,,,,,,,,,,,,,,,,,,113.05793762207031,59.1757698059082,53.0,77.0,107.0,147.0,185.0,41.505882263183594,110.73980712890625,-11.0,22.0,55.0,82.0,107.0,,,,,,,,,,,,,,,,,,,,,,184.00755310058594,84.47095489501953,60.0,115.0,205.0,250.0,280.0,52.202266693115234,43.21165084838867,19.0,35.0,52.0,69.0,86.0,82.19454956054688,48.8332405090332,28.0,47.0,73.0,112.0,152.0,629.9879150390625,124.69581604003906,462.0,625.0,662.0,694.0,721.0,58.420745849609375,56.500850677490234,11.0,40.0,65.0,86.0,107.0,357.5652770996094,209.5717315673828,129.0,195.0,286.0,541.0,698.0,,,,,,,
s0978,,,,,,,,,,,,,,,,,,,,,,,,,,,,,152.34219360351562,33.78775405883789,109.0,132.0,157.0,177.0,190.0,68.48127746582031,136.7493133544922,22.0,60.0,99.0,122.0,137.0,104.37799072265625,34.2296028137207,56.0,90.0,111.0,126.0,139.0,,,,,,,,158.40087890625,36.268333435058594,106.0,132.0,165.0,187.0,201.0,153.05076599121094,40.755699157714844,97.0,124.0,160.0,185.0,200.0,81.74988555908203,21.216751098632812,59.0,71.0,83.0,94.0,104.0,87.38423156738281,39.35123062133789,46.0,62.0,83.0,111.0,137.0,326.5531311035156,80.90938568115234,201.0,282.0,358.0,384.0,400.0,-69.5335922241211,251.3560791015625,-436.0,-38.0,32.0,58.0,77.0,181.25241088867188,89.87918090820312,84.0,119.0,152.0,262.0,321.5,31.028636932373047,15.917484283447266,12.0,21.0,31.0,41.0,51.0
s0979,-8.858039855957031,62.874698638916016,-87.0,-44.0,12.0,30.0,41.0,173.64598083496094,160.37501525878906,9.0,59.0,140.0,247.0,377.0,319.5329284667969,243.5601043701172,63.0,133.0,259.0,449.0,683.0,317.62799072265625,247.42665100097656,55.0,128.0,256.0,451.0,685.0,85.18605041503906,26.955280303955078,48.0,82.0,94.0,101.0,106.0,-148.59124755859375,363.6043701171875,-954.0,-102.0,34.0,64.0,79.0,42.36570739746094,32.78379440307617,-5.0,21.0,48.0,68.0,79.0,303.32135009765625,233.07821655273438,90.0,129.0,233.0,396.5,653.0,114.13688659667969,30.013504028320312,72.0,100.0,124.0,135.0,142.0,109.93733215332031,32.17982482910156,62.0,94.0,121.0,133.0,140.0,80.57540893554688,24.16240882873535,49.0,63.0,86.0,99.0,107.0,93.95989227294922,30.742530822753906,58.0,78.0,94.0,113.0,133.0,111.90543365478516,41.214500427246094,54.0,98.0,122.0,134.0,143.0,-6.926969528198242,61.057498931884766,-65.0,-28.0,5.0,28.0,47.0,84.4231185913086,186.16619873046875,60.0,98.0,122.0,138.0,149.0,16.477231979370117,15.857385635375977,0.0,7.0,15.0,25.0,37.0
s0980,,,,,,,,,,,,,,,,,,,,,,,,,,,,,,,,,,,,22.436504364013672,103.41381072998047,-86.0,-31.0,22.0,98.0,140.0,,,,,,,,,,,,,,,,,,,,,,,,,,,,,67.32901763916016,30.815610885620117,29.0,47.0,67.0,87.0,105.0,166.6851806640625,61.64948272705078,88.0,123.0,166.0,211.0,247.0,494.7026062011719,135.2427978515625,277.0,492.0,531.0,559.0,586.0,25.240976333618164,77.2580337524414,-17.0,11.0,36.0,58.0,77.0,364.5356750488281,175.99826049804688,126.0,239.0,353.0,523.0,563.0,,,,,,,
s0981,3.2648682594299316,69.92646789550781,-82.0,-39.0,4.0,47.0,87.0,210.0795440673828,284.6079406738281,-51.0,26.0,135.0,303.0,569.0,322.6358337402344,402.7393798828125,-29.0,53.0,184.0,457.0,947.0,313.2845458984375,386.9183044433594,-29.0,53.0,183.0,445.0,910.0,,,,,,,,,,,,,,,,,,,,,,565.2622680664062,304.9052734375,231.0,349.0,499.0,722.5,989.0,,,,,,,,,,,,,,,,,,,,,,39.89492416381836,67.04743194580078,-44.0,-4.0,40.0,83.0,125.0,51.848121643066406,116.24168395996094,-50.0,-8.0,40.0,93.0,149.0,,,,,,,,,,,,,,,,,,,,,
s0982,-3.89224910736084,112.20121765136719,-80.0,-50.0,4.0,23.0,34.0,205.734619140625,179.45071411132812,21.0,78.0,164.0,287.0,450.0,297.216064453125,222.86923217773438,70.0,133.0,237.0,405.0,626.0,280.3709411621094,226.6335906982422,56.0,114.0,215.0,386.0,610.0,95.06544494628906,31.78491973876953,57.0,85.0,101.0,115.0,126.0,-97.72083282470703,306.0914611816406,-697.8999999999996,-18.0,22.0,44.0,60.0,4.4385600090026855,35.18440246582031,-44.0,-21.0,6.0,31.0,49.0,249.4988555908203,224.6402587890625,31.0,73.0,190.0,355.0,554.0,88.71880340576172,23.03067398071289,60.0,81.0,94.0,103.0,111.0,104.23564147949219,27.926355361938477,63.0,96.0,111.0,122.0,131.0,94.71945190429688,21.603290557861328,73.0,86.0,97.0,108.0,117.0,74.09092712402344,29.07524299621582,33.0,58.0,77.0,94.0,109.0,121.26185607910156,40.356231689453125,63.0,110.0,125.0,143.0,171.0,6.106852054595947,37.39643859863281,-40.0,-16.0,9.0,34.0,51.0,113.3016586303711,54.351783752441406,46.0,80.0,109.0,150.0,191.0,34.577144622802734,16.994510650634766,13.0,25.0,36.0,46.0,55.0
s0983,7.52949857711792,73.3090591430664,-76.0,-6.0,26.0,47.0,59.0,303.9944152832031,208.9517364501953,94.0,159.0,257.0,402.0,582.0,445.7030334472656,280.2934265136719,170.0,236.0,356.0,603.0,882.0,450.4438171386719,276.0633544921875,176.0,251.0,368.0,596.0,870.0,94.89803314208984,22.068557739257812,74.0,89.0,99.0,108.0,115.0,-88.55088806152344,323.7984313964844,-865.0,4.0,32.0,57.0,72.0,74.18685150146484,29.33600425720215,36.0,64.0,81.0,92.0,102.0,482.423095703125,285.590576171875,216.0,263.0,387.0,624.0,946.0,98.12955474853516,26.478761672973633,70.0,92.0,104.0,113.0,121.0,92.77790832519531,31.299537658691406,46.0,81.0,102.0,113.0,122.0,112.63372039794922,18.110801696777344,96.0,106.0,114.0,123.0,130.0,122.49199676513672,23.39673614501953,97.0,111.0,124.0,138.0,149.0,126.84642028808594,32.79458236694336,85.0,121.0,136.0,145.0,152.0,-28.488182067871094,249.38522338867188,-290.5999999999999,25.0,57.0,75.0,89.0,114.97750854492188,39.5687141418457,62.0,96.0,127.0,142.0,151.0,47.3055419921875,19.810686111450195,23.0,35.0,48.0,60.0,72.0
s0985,26.93164825439453,60.092529296875,2.0,17.0,30.0,44.0,57.0,155.95327758789062,211.81838989257812,-60.0,-3.0,108.0,256.0,446.0,270.7606506347656,278.297607421875,13.0,69.0,176.0,395.0,698.0,267.0435485839844,276.252685546875,12.0,68.0,173.0,389.0,693.0,91.16309356689453,15.904767990112305,75.0,85.0,93.0,100.0,107.0,28.87205696105957,144.1625213623047,2.0,20.0,58.0,79.0,91.0,88.12054443359375,19.101259231567383,65.0,80.0,90.0,100.0,108.0,346.9896240234375,299.12030029296875,92.0,131.0,226.5,471.0,848.0,122.2947006225586,23.605833053588867,94.0,114.0,127.0,137.0,145.0,124.47286987304688,24.094335556030273,96.0,117.0,130.0,139.0,147.0,102.00189971923828,21.870676040649414,84.0,95.0,105.0,113.0,122.0,101.71586608886719,20.300344467163086,78.0,88.0,101.0,114.0,129.0,130.31704711914062,65.0517578125,87.0,118.0,132.0,142.0,151.0,-142.66033935546875,385.79290771484375,-983.0,-17.0,47.0,68.0,83.0,107.8449935913086,31.4559383392334,68.0,92.0,115.0,130.0,140.0,10.081391334533691,9.642675399780273,-1.0,4.0,10.0,16.0,22.0
s0986,33.46095275878906,30.933088302612305,9.0,18.0,28.0,49.0,68.0,124.09909057617188,138.6265869140625,-28.0,29.0,100.0,194.0,292.0,189.56951904296875,174.55438232421875,5.0,57.0,158.0,274.0,419.0,183.95887756347656,172.31069946289062,-2.0,51.0,155.0,269.0,418.0,208.88514709472656,39.33220291137695,153.0,207.0,221.0,229.0,236.0,-73.01717376708984,359.89764404296875,-865.0,0.0,72.0,141.0,177.0,160.06411743164062,37.688636779785156,109.0,140.0,166.0,182.0,197.0,215.53146362304688,138.77926635742188,77.0,116.5,184.0,285.0,403.0,254.6287384033203,67.01289367675781,153.0,209.0,275.0,309.0,324.0,253.06381225585938,70.05184173583984,147.20000000000027,206.0,271.0,310.0,327.0,118.83612060546875,18.732973098754883,104.0,112.0,119.0,127.0,137.0,133.90321350097656,42.293827056884766,90.0,102.0,124.0,163.0,196.0,499.7268981933594,100.91704559326172,329.0,469.0,542.0,563.0,578.0,-74.98921203613281,297.44403076171875,-560.0,-100.0,48.0,84.0,111.0,299.81610107421875,115.67378234863281,163.0,220.0,285.0,351.0,495.0,28.195453643798828,20.71929359436035,6.0,13.0,25.0,38.0,57.0
s0987,,,,,,,,,,,,,,,,,,,,,,,,,,,,,87.68791961669922,60.97426223754883,12.0,47.0,86.0,127.0,166.0,56.68592071533203,115.4767837524414,-33.0,18.0,69.0,116.0,158.0,,,,,,,,,,,,,,,,,,,,,,,,,,,,,45.788665771484375,61.22061538696289,-30.0,5.0,45.0,85.0,122.0,53.8824577331543,58.71470642089844,-22.0,16.0,55.0,93.0,126.0,368.7796325683594,85.7555923461914,276.0,343.0,382.0,415.0,444.0,-15.561588287353516,222.84808349609375,-129.69999999999993,0.0,46.0,81.0,112.0,159.98614501953125,102.1774673461914,50.0,89.0,135.0,237.0,312.0,,,,,,,
s0988,13.644153594970703,74.6800765991211,-63.0,-20.0,14.0,44.0,77.0,153.41844177246094,139.2689666748047,16.0,54.0,122.0,215.0,328.0,238.0557403564453,216.45367431640625,41.0,95.0,176.0,308.0,532.0,385.5507507324219,582.0662841796875,49.0,110.0,219.0,394.0,749.0,92.22123718261719,33.43171310424805,51.5,76.0,96.0,114.0,130.0,-806.6099853515625,345.9590759277344,-997.0,-986.0,-972.0,-928.0,-62.0,67.36454010009766,40.71080780029297,12.0,46.0,73.0,95.0,113.0,213.9309844970703,157.50575256347656,73.0,102.0,170.0,278.0,404.2999999999993,119.71762084960938,37.062171936035156,71.0,100.0,125.0,145.0,161.0,122.42982482910156,40.33294677734375,67.0,101.0,129.0,150.0,167.0,55.00223922729492,24.332204818725586,27.0,41.0,56.0,70.0,83.0,48.48003005981445,29.065906524658203,13.0,31.0,49.0,66.0,83.0,304.3721008300781,126.77684783935547,173.0,278.0,307.0,329.0,354.0,,,,,,,,,,,,,,,55.102500915527344,26.631505966186523,23.0,38.0,55.0,73.0,88.0
s0989,,,,,,,,,,,,,,,,,,,,,,,,,,,,,86.7506103515625,117.7834243774414,-62.0,10.0,85.0,164.0,236.0,63.73995590209961,132.2351531982422,-86.0,-11.0,68.0,146.0,218.0,,,,,,,,,,,,,,,,,,,,,,,,,,,,,98.32937622070312,121.42521667480469,-54.0,19.0,98.0,178.0,252.0,98.27233123779297,105.46493530273438,-36.0,31.0,101.0,167.0,229.0,97.71765899658203,106.96678924560547,-31.0,30.0,96.0,164.0,228.0,17.65644645690918,192.50303649902344,-121.0,-32.0,42.0,114.0,178.0,97.77195739746094,96.88432312011719,-24.0,34.0,97.0,161.0,220.0,,,,,,,
s0991,10.103058815002441,42.285179138183594,-44.0,-14.0,13.0,38.0,60.0,186.3214569091797,200.87863159179688,-4.0,47.0,134.0,265.0,445.0,463.3826904296875,925.886962890625,63.0,126.0,239.0,466.0,804.0,326.9530944824219,274.0045166015625,68.0,129.0,238.0,453.0,740.0,103.85806274414062,24.279436111450195,76.0,91.0,106.0,119.0,131.0,-225.83624267578125,434.36712646484375,-989.0,-565.0,28.0,69.0,91.0,85.32418823242188,33.49919891357422,43.0,68.0,88.0,106.0,123.0,353.6031494140625,245.79493713378906,108.0,169.0,288.0,471.0,693.0,138.11407470703125,36.31966018676758,92.0,118.0,144.0,163.0,178.0,137.9416046142578,37.02766036987305,90.0,119.0,144.0,163.0,178.0,101.62752532958984,24.309188842773438,73.0,88.0,102.0,116.0,130.0,95.53923797607422,32.205501556396484,57.0,74.0,93.0,115.0,140.0,143.2574005126953,65.41511535644531,91.0,125.0,146.0,161.0,174.0,58.82122802734375,39.473690032958984,16.0,42.0,63.0,82.0,98.30000000000018,123.46336364746094,36.985740661621094,80.0,104.0,128.0,148.0,164.0,20.814434051513672,27.784000396728516,-9.0,2.0,16.0,34.0,60.0
s0992,,,,,,,,,,,,,,,,,,,,,,,,,,,,,,,,,,,,,,,,,,,,,,,,,,,,,,,,,,,,,,,,,,,,,,,,,,,,,,,,,,,,,,,,,,,,,,,,,,,,,,,,,,,,,,,,
s0994,14.840325355529785,31.292028427124023,-20.0,2.0,18.0,34.0,48.0,203.27293395996094,204.62490844726562,-5.0,55.0,154.0,298.0,479.0,295.2253112792969,257.72979736328125,59.0,113.0,213.0,401.0,664.0,281.8131408691406,256.3782958984375,50.0,102.0,198.0,384.0,645.0,113.79442596435547,30.09343719482422,76.0,97.0,116.0,133.0,149.0,-19.667695999145508,241.02395629882812,-79.0,12.0,46.0,74.0,98.0,85.5669937133789,39.175132751464844,34.0,66.0,91.0,112.0,129.0,316.0445861816406,238.70974731445312,102.0,145.0,245.0,404.0,641.2999999999993,163.2174530029297,43.2562141418457,104.0,143.0,171.0,192.0,209.0,152.796142578125,49.11330032348633,83.0,132.0,165.0,186.0,202.0,119.58936309814453,30.548351287841797,83.0,101.0,120.0,139.0,156.0,110.11993408203125,35.3638801574707,67.0,87.0,109.0,133.0,156.0,134.4083251953125,48.767356872558594,82.0,117.0,139.0,157.0,172.0,26.38732147216797,145.51295471191406,-18.0,25.0,54.0,79.0,105.0,124.90168762207031,41.53118896484375,71.0,104.0,131.0,153.0,171.0,31.218101501464844,26.212114334106445,0.0,15.0,31.0,48.0,64.0
s0995,,,,,,,,,,,,,,,,,,,,,,,,,,,,,35.694488525390625,16.735727310180664,16.0,27.0,37.0,46.0,55.0,-129.8446044921875,325.6184387207031,-881.0,-19.0,18.0,34.0,47.0,,,,,,,,,,,,,,,,,,,,,,,,,,,,,49.935523986816406,16.840225219726562,29.0,40.0,51.0,61.0,70.0,28.813507080078125,19.766881942749023,6.0,18.0,30.0,41.0,52.0,17.820341110229492,23.481338500976562,-8.0,5.0,19.0,32.0,44.0,11.779946327209473,32.44973373413086,-19.0,0.0,17.0,29.0,40.0,29.564111709594727,21.566564559936523,10.0,21.0,31.0,41.0,50.0,,,,,,,
s0996,,,,,,,,,,,,,,,,,,,,,,,,,,,,,42.193973541259766,15.654528617858887,24.0,34.0,43.0,52.0,60.0,35.49472427368164,14.853325843811035,17.0,28.0,37.0,45.0,52.0,,,,,,,,,,,,,,,,,,,,,,,,,,,,,45.86772537231445,17.021133422851562,25.0,37.0,47.0,57.0,65.0,37.85565185546875,18.99326515197754,15.0,28.0,39.0,50.0,60.0,36.068939208984375,25.986207962036133,14.0,28.0,39.0,50.0,59.0,7.351408004760742,78.46186828613281,-19.0,4.0,22.0,36.0,47.0,32.51096725463867,19.75865364074707,11.0,24.0,35.0,44.0,53.0,,,,,,,
s0999,,,,,,,,,,,,,,,,,,,,,,,,,,,,,126.39705657958984,58.76652526855469,48.0,88.0,131.0,167.0,197.0,-82.25338745117188,333.5861511230469,-938.0,-9.0,37.0,73.0,105.0,120.22604370117188,61.08391571044922,44.0,85.0,123.0,159.0,194.0,,,,,,,,,,,,,,,185.21917724609375,104.94266510009766,40.0,123.0,207.0,261.0,300.0,141.37551879882812,55.724754333496094,84.0,113.0,143.0,173.0,202.0,187.3593292236328,57.53561782836914,117.0,153.0,190.0,224.0,256.0,178.92413330078125,53.283058166503906,112.0,149.0,183.0,214.0,240.0,60.549156188964844,119.53284454345703,-5.0,40.0,78.0,113.0,145.0,184.34902954101562,57.87407684326172,112.0,151.0,188.0,222.0,253.0,,,,,,,
s1000,23.57884979248047,65.78207397460938,-61.0,-17.0,25.0,66.0,105.0,276.3236999511719,245.65122985839844,4.0,99.0,232.0,408.25,621.0,317.4458312988281,286.0686340332031,35.0,115.0,232.0,456.0,762.0,323.8920593261719,290.6783142089844,36.0,118.0,242.0,471.0,769.0,,,,,,,,,,,,,,,,,,,,,,,,,,,,,,,,,,,,,,,,,,,,,,,,,,,,,,,,,,,,,,,,,,,,,,,,,,,,,,,,,,,,
s1001,,,,,,,,,,,,,,,,,,,,,,,,,,,,,,,,,,,,,,,,,,,,,,,,,,,,,,,,,,,,,,,,,,,,,,,,,,,,,,,,,,,,,216.20474243164062,104.24707794189453,113.5,163.0,214.0,262.0,307.0,-89.84342193603516,367.3561706542969,-904.5999999999999,-44.0,55.0,121.0,176.0,,,,,,,,,,,,,,
s1002,,,,,,,,,,,,,,,,,,,,,,,,,,,,,44.29854202270508,35.98885726928711,2.0,26.0,47.0,67.0,85.0,24.41883659362793,59.763427734375,-36.0,-3.0,29.0,60.0,86.0,,,,,,,,,,,,,,,,,,,,,,,,,,,,,52.860164642333984,30.69990348815918,15.0,34.0,53.0,73.0,90.0,87.84361267089844,38.029579162597656,46.0,67.0,88.0,109.0,134.0,320.603515625,93.26492309570312,208.0,307.0,338.0,358.0,375.0,-35.700225830078125,212.66897583007812,-206.39999999999986,-19.0,28.0,61.0,88.0,147.97703552246094,120.20751953125,56.0,82.0,106.0,153.0,364.0,,,,,,,
s1003,,,,,,,,,,,,,,,,,,,,,,,,,,,,,,,,,,,,,,,,,,,,,,,,,,,,,,,,,,,,,,,,,,,,,,,,,,,,,,,,,,,,,388.17755126953125,99.55585479736328,248.0,342.0,405.0,454.0,495.0,8.41523265838623,123.10009002685547,-96.0,-27.0,26.0,75.0,121.0,,,,,,,,,,,,,,
s1004,,,,,,,,,,,,,,,,,,,,,,,,,,,,,67.66578674316406,70.91487884521484,-21.0,20.0,68.0,116.0,158.0,38.42716598510742,81.65135955810547,-52.0,-6.0,41.0,88.0,131.0,,,,,,,,,,,,,,,,,,,,,,,,,,,,,38.207881927490234,65.31388854980469,-44.0,-4.0,38.0,81.0,121.0,94.86727905273438,73.17215728759766,-1.0,47.0,96.0,144.0,186.0,270.9326477050781,244.96871948242188,118.0,192.0,253.0,303.0,350.0,-7.887630462646484,188.43670654296875,-91.0,-18.0,30.0,76.0,116.0,215.54373168945312,107.35164642333984,62.0,139.0,231.0,295.0,343.0,,,,,,,
s1005,29.673574447631836,91.73800659179688,-68.0,-21.0,27.0,76.0,127.0,195.0802459716797,266.7459716796875,-52.0,23.0,125.0,279.0,558.0,269.63458251953125,315.4649353027344,-21.0,58.0,169.0,385.0,761.0,283.593505859375,338.9733581542969,-30.0,48.0,165.0,431.0,835.9000000000087,,,,,,,,,,,,,,,,,,,,,,,,,,,,,,,,,,,,,,,,,,,,,,,,,,,,,,,,,52.90116500854492,168.3993682861328,-58.0,-11.0,38.0,91.0,148.0,,,,,,,,,,,,,,,,,,,,,
s1006,1.6466388702392578,27.02936363220215,-24.0,-9.0,2.0,16.0,32.0,230.90762329101562,207.00582885742188,39.0,90.0,171.0,313.0,508.0,380.7507019042969,272.63323974609375,122.0,181.0,290.0,516.0,794.0,409.31195068359375,300.1387939453125,124.0,186.0,307.0,564.0,873.0,116.14865112304688,28.2141170501709,87.0,106.0,120.0,133.0,145.0,11.83449935913086,213.48611450195312,-40.0,37.0,70.0,95.0,114.0,69.94563293457031,42.34858322143555,11.0,46.0,77.0,99.0,116.0,368.8311462402344,255.5097198486328,142.0,189.0,289.0,457.0,727.0,191.19949340820312,47.87318420410156,124.0,170.0,203.0,224.0,239.0,188.31109619140625,49.84586715698242,114.0,169.0,202.0,221.0,237.0,122.6981201171875,27.44841766357422,94.0,110.0,124.0,138.0,151.0,154.12306213378906,43.12493133544922,99.0,128.0,155.0,185.0,210.0,180.05882263183594,59.57010269165039,107.0,168.0,194.0,209.0,220.0,-4.010603904724121,150.7790069580078,-68.0,0.0,36.0,59.0,77.0,161.75035095214844,52.57853317260742,91.0,132.0,175.0,200.0,216.0,18.059181213378906,21.08915901184082,-5.0,4.0,16.0,29.0,44.0
s1007,,,,,,,,,,,,,,,,,,,,,,,,,,,,,83.24816131591797,44.92638397216797,26.0,54.0,83.0,113.0,140.0,9.704171180725098,158.2242431640625,-24.0,7.0,35.0,63.0,88.0,84.26881408691406,52.376991271972656,15.0,51.0,87.0,120.0,148.0,,,,,,,,114.45415496826172,64.53996276855469,29.0,70.0,118.0,160.0,194.0,111.4294204711914,68.80564880371094,21.0,64.0,114.0,160.0,198.0,65.52635955810547,34.523101806640625,24.0,45.0,66.0,87.0,107.0,93.91006469726562,51.9913215637207,26.0,59.0,94.0,130.0,159.0,366.80426025390625,90.81771850585938,252.0,341.0,383.0,412.0,434.0,-8.895647048950195,181.86160278320312,-72.0,0.0,35.0,64.0,90.0,185.10047912597656,88.52105712890625,85.0,120.0,168.0,247.0,318.0,22.880077362060547,33.8942756652832,-19.0,0.0,23.0,45.0,66.0
s1008,9.675104141235352,27.035274505615234,-10.0,0.0,8.0,18.0,30.0,178.69247436523438,219.290283203125,-32.0,25.0,123.0,262.0,466.0,305.9660949707031,295.7953186035156,22.0,88.0,214.0,444.0,750.0,310.69287109375,302.80328369140625,19.0,91.0,214.0,453.0,768.0,96.87540435791016,22.411222457885742,72.0,87.0,100.0,111.0,120.0,22.777692794799805,112.00617218017578,-17.0,8.0,40.0,69.0,85.0,72.57716369628906,20.298566818237305,48.0,62.0,74.0,86.0,95.0,315.0318603515625,261.9237976074219,75.0,132.0,241.0,409.0,660.0,27.20724868774414,47.489524841308594,-28.0,4.0,26.0,57.0,86.0,78.80779266357422,62.77388000488281,-8.0,39.0,100.0,125.0,138.0,104.73082733154297,19.810571670532227,83.0,95.0,106.0,116.0,126.0,96.89056396484375,26.136821746826172,66.0,79.0,94.0,114.0,132.0,123.23381042480469,62.77931594848633,85.0,109.0,123.0,134.0,144.0,-37.00394058227539,263.0076904296875,-191.0999999999999,24.0,47.0,62.0,75.0,103.81005859375,31.925060272216797,60.0,91.0,111.0,125.0,135.0,41.84829330444336,28.206331253051758,8.0,20.0,40.0,64.5,79.0
s1009,14.946199417114258,83.283203125,-86.0,-37.0,14.0,66.0,114.0,148.7198028564453,228.7583465576172,-75.0,-2.0,95.0,238.0,452.0,226.78872680664062,282.1557922363281,-39.0,36.0,141.0,335.0,658.0,235.2910614013672,290.3034362792969,-34.0,38.0,143.0,349.0,682.0,,,,,,,,,,,,,,,,,,,,,,302.4569396972656,280.6978454589844,23.0,94.0,228.0,444.0,716.0,,,,,,,,,,,,,,,,,,,,,,39.59415054321289,56.447608947753906,-29.0,5.0,41.0,75.0,109.40000000000003,44.29872512817383,61.699119567871094,-34.0,4.0,45.0,83.0,123.0,,,,,,,,,,,,,,,,,,,,,
s1010,,,,,,,,,,,,,,,,,,,,,,,,,,,,,,,,,,,,,,,,,,,,,,,,,,,,,,,,,,,,,,,,,,,,,,,,,,,,,,,,,,,,,172.7568817138672,55.553802490234375,104.0,137.0,171.0,206.0,242.0,32.96270751953125,117.29240417480469,-36.0,14.0,54.0,89.0,121.0,117.5089340209961,48.7398567199707,54.0,86.0,118.0,151.0,179.90000000000055,,,,,,,
s1011,,,,,,,,,,,,,,,,,,,,,,,,,,,,,,,,,,,,,,,,,,,,,,,,,,,,,,,,,,,,,,,,,,,,,,,,,,,,,,,,,,,,,257.45172119140625,50.440826416015625,207.0,248.0,266.0,286.0,298.0,-39.360408782958984,154.57473754882812,-214.0,-34.0,13.0,39.0,61.0,147.6568145751953,38.01337814331055,123.0,139.0,152.0,163.0,175.0,,,,,,,
s1012,14.596270561218262,32.05270767211914,-26.799999999999727,4.0,20.0,35.0,47.0,163.245361328125,174.81863403320312,-11.0,37.0,124.0,239.0,389.0,307.4869079589844,260.51593017578125,62.0,118.0,219.0,431.0,711.0,305.49530029296875,258.1239929199219,62.0,117.0,217.0,432.0,702.0,82.68470764160156,24.429092407226562,57.0,72.0,85.0,98.0,108.0,-70.02271270751953,233.91824340820312,-189.0,-31.0,-2.0,23.0,51.0,64.01509094238281,29.574243545532227,28.0,49.0,67.0,83.0,98.0,270.01678466796875,213.94784545898438,90.0,129.0,203.0,334.0,550.0,124.27444458007812,32.13526916503906,87.0,111.0,129.0,144.0,158.0,122.44231414794922,33.41539764404297,82.0,109.0,127.0,143.0,157.0,101.07778930664062,23.64018440246582,74.0,88.0,102.0,116.0,128.0,90.38365936279297,30.535991668701172,54.0,70.0,89.0,110.0,131.0,112.13471221923828,35.30172348022461,64.0,100.0,121.0,134.0,145.0,27.959548950195312,79.65559387207031,-15.399999999999977,21.0,44.0,61.0,74.39999999999964,108.43115234375,39.74330520629883,62.0,90.0,116.0,134.0,148.0,18.05832290649414,22.49273109436035,-9.0,3.0,17.0,32.0,47.0
s1013,,,,,,,,,,,,,,,,,,,,,,,,,,,,,119.97064208984375,55.51616668701172,48.0,84.0,121.0,156.0,188.0,-54.88397216796875,285.2630310058594,-304.0,-8.0,33.0,68.0,99.0,74.33624267578125,57.09718704223633,0.0,40.0,78.0,113.0,141.0,415.5111999511719,253.42483520507812,138.0,225.0,359.0,564.0,777.0,112.99978637695312,70.74539184570312,17.0,60.0,119.0,167.0,200.0,116.86456298828125,68.88639831542969,24.0,66.0,123.0,169.0,201.0,36.03809356689453,37.40922927856445,-9.0,12.0,35.0,59.0,82.0,63.38908767700195,43.75582504272461,9.0,34.0,62.0,91.0,120.0,327.6963806152344,122.12772369384766,177.0,304.0,342.0,370.0,398.0,-7.771358013153076,174.91258239746094,-38.0,0.0,28.0,53.0,74.0,268.6415710449219,177.14248657226562,80.0,117.0,261.0,400.0,510.0,23.43463897705078,41.2694091796875,-24.0,1.0,26.0,49.0,72.0
s1015,,,,,,,,,,,,,,,,,,,,,,,,,,,,,,,,,,,,,,,,,,,,,,,,,,,,,,,,,,,,,,,,,,,,,,,,,,,,,,,,,,,,,406.27142333984375,223.98265075683594,241.0,319.0,389.0,455.0,522.0,25.55864715576172,122.68301391601562,-73.0,-17.0,36.0,89.0,136.0,,,,,,,,,,,,,,
s1016,-2.1180052757263184,77.84674072265625,-95.0,-34.0,7.0,40.0,74.0,186.36302185058594,243.65899658203125,-44.0,14.0,123.0,282.0,508.0,263.6271057128906,307.7813720703125,-8.0,54.0,161.0,372.0,722.0,306.7080383300781,475.8156433105469,-6.0,55.0,170.0,383.0,733.0,114.5555648803711,37.69859313964844,67.0,94.0,118.0,140.0,158.0,52.29716110229492,162.67202758789062,9.0,50.0,83.0,110.0,131.0,-6.84917688369751,42.6328239440918,-60.0,-36.0,-8.0,19.0,48.0,296.16326904296875,263.8706970214844,48.0,103.0,218.0,416.0,673.0,186.3597412109375,58.053863525390625,127.0,160.0,189.0,216.0,241.0,117.16625213623047,48.15626525878906,52.0,91.0,123.0,150.0,173.0,101.47213745117188,31.70177459716797,63.0,83.0,102.0,122.0,140.0,110.87530517578125,36.66496276855469,63.0,88.0,113.0,137.0,156.0,234.1868896484375,65.43399047851562,136.0,213.0,251.0,277.0,297.0,16.605146408081055,187.50257873535156,-28.0,24.0,58.0,88.0,115.0,146.48773193359375,54.99959945678711,76.0,114.0,148.0,182.0,217.0,,,,,,,
s1017,,,,,,,,,,,,,,,,,,,,,,,,,,,,,54.856197357177734,127.42813873291016,-106.0,-30.0,53.0,140.0,215.0,50.79835510253906,120.98023223876953,-101.0,-29.0,51.0,131.0,204.0,15.42425537109375,145.5625457763672,-170.0,-82.0,16.0,113.0,199.0,,,,,,,,35.88823699951172,147.55592346191406,-151.0,-62.0,34.0,134.0,223.0,50.38282012939453,164.30616760253906,-157.7,-61.0,50.0,161.0,261.0,54.63713836669922,121.0897216796875,-97.0,-24.0,54.0,133.0,206.0,47.105472564697266,119.02601623535156,-104.0,-30.0,47.0,125.0,197.0,51.033790588378906,140.65135192871094,-97.0,-27.0,45.0,120.0,194.0,-1.1628249883651733,164.31826782226562,-158.0,-69.0,15.0,95.0,167.0,41.76846694946289,107.58888244628906,-94.0,-28.0,41.0,112.0,177.0,19.68712615966797,120.38359832763672,-136.09999999999997,-61.0,20.0,102.0,176.0
s1018,,,,,,,,,,,,,,,326.3853454589844,201.0908203125,108.0,171.0,290.0,442.0,605.7000000000003,289.79632568359375,200.3701934814453,67.0,141.0,251.0,404.0,571.0,109.9224853515625,48.635257720947266,49.0,80.0,111.0,142.0,169.0,2.3531737327575684,227.56581115722656,-61.0,19.0,60.0,96.0,129.0,78.46843719482422,61.28817367553711,0.0,40.0,80.0,117.0,152.0,241.63583374023438,251.99362182617188,30.0,85.0,173.0,314.0,542.8999999999996,153.778076171875,82.26314544677734,48.0,98.0,157.0,209.0,252.0,152.18154907226562,76.10270690917969,56.0,101.0,154.0,204.0,246.0,81.40937805175781,48.379364013671875,25.0,52.0,80.0,109.0,136.0,188.27024841308594,200.7176055908203,23.0,57.0,103.0,283.0,513.0,610.408447265625,165.620361328125,386.0,580.0,643.0,688.0,728.0,-73.91014099121094,282.748779296875,-627.0,-27.0,34.0,72.0,105.0,450.24774169921875,210.00726318359375,135.0,257.0,502.0,619.0,686.0,9.215866088867188,40.38824462890625,-39.0,-15.0,9.0,34.0,58.0
s1020,8.597846031188965,29.620851516723633,-34.0,-3.0,15.0,28.0,39.0,209.77220153808594,144.935302734375,70.0,112.0,172.0,272.0,401.0,291.68328857421875,212.73704528808594,100.0,151.0,224.0,373.0,583.0,300.1266174316406,216.62266540527344,100.0,152.0,232.0,391.0,599.0,,,,,,,,,,,,,,,,,,,,,,,,,,,,,,,,,,,,,,,,,,,,,,,,,,,,,,,,,,,,,,,,,,,,,,,,,,,,,,,,,,,,
s1021,,,,,,,,,,,,,,,,,,,,,,,,,,,,,69.53455352783203,29.69550323486328,32.0,50.0,70.0,89.0,107.0,50.00251388549805,34.85081481933594,6.600000000000023,28.0,50.0,73.0,94.0,,,,,,,,,,,,,,,,,,,,,,,,,,,,,72.75027465820312,50.18083572387695,25.0,44.0,66.0,90.0,118.0,372.06890869140625,90.8759536743164,247.0,317.0,386.0,440.0,475.0,437.1191711425781,103.85543060302734,302.0,415.0,463.0,499.0,528.0,-47.91048049926758,252.088623046875,-373.0,-3.0,36.0,65.0,91.0,423.956787109375,208.06578063964844,111.0,317.0,473.0,546.0,600.0,,,,,,,
s1022,6.456401348114014,31.06532096862793,-25.0,-6.0,9.0,24.0,38.0,156.4810028076172,187.24269104003906,-26.0,25.0,114.0,231.0,396.0,270.6944274902344,270.2742614746094,19.0,79.0,180.0,389.0,680.0,276.2398986816406,287.3860778808594,15.0,72.0,174.0,394.0,718.0,90.99249267578125,34.24374008178711,48.0,71.0,93.0,114.0,132.0,-51.902854919433594,260.063232421875,-111.0,-7.0,24.0,52.0,76.0,63.485843658447266,43.4733772277832,6.0,38.0,67.0,93.0,114.0,291.0163879394531,205.57940673828125,81.0,136.0,238.0,400.0,583.0,92.06315612792969,43.65373611450195,35.0,63.0,96.0,124.0,145.0,95.98683166503906,46.038002014160156,35.0,66.0,100.0,129.0,152.0,89.39061737060547,31.048171997070312,52.0,71.0,91.0,110.0,126.0,46.14613723754883,30.621654510498047,7.0,26.0,47.0,67.0,84.0,278.58563232421875,120.7223892211914,190.0,245.0,274.0,298.0,323.0,3.3887765407562256,166.741943359375,-35.0,5.0,37.0,65.0,91.0,201.33755493164062,125.27181243896484,67.0,116.0,221.0,275.0,307.0,17.853431701660156,27.317035675048828,-15.0,1.0,19.0,36.0,51.0
s1023,,,,,,,,,,,,,,,,,,,,,,,,,,,,,111.79381561279297,25.13544464111328,84.0,104.0,116.0,127.0,136.0,26.777801513671875,170.64608764648438,-14.0,32.0,68.0,92.0,106.0,82.47671508789062,29.90808868408203,40.0,68.0,87.0,102.0,115.0,,,,,,,,143.33395385742188,34.232948303222656,92.0,129.0,153.0,166.0,177.0,139.3914337158203,39.3327522277832,81.0,122.0,150.0,166.0,177.0,113.14215087890625,21.389141082763672,91.0,104.0,115.0,125.0,135.0,148.67796325683594,31.34132957458496,110.0,131.0,150.0,171.0,186.0,152.21543884277344,34.8736457824707,103.0,142.0,163.0,174.0,183.0,21.74970245361328,54.564125061035156,-29.0,6.0,31.0,52.0,69.0,139.45111083984375,41.62004470825195,86.0,112.0,153.0,169.0,180.0,20.07553482055664,19.127342224121094,0.0,9.0,19.0,30.0,43.0
s1024,35.53681945800781,42.92547607421875,-17.0,8.0,36.0,63.0,88.0,205.13475036621094,171.61138916015625,30.0,87.0,168.0,276.0,431.0,265.0104675292969,213.1439971923828,50.0,109.0,207.0,371.0,575.0,276.1363525390625,212.46823120117188,58.0,121.0,221.0,381.0,579.0,75.79325866699219,29.916440963745117,38.0,57.0,76.0,95.0,113.0,4.875666618347168,152.82627868652344,-18.0,7.0,31.0,55.0,76.0,60.45416259765625,35.0278434753418,15.0,38.0,62.0,84.0,103.0,290.5827331542969,207.60154724121094,89.0,137.0,233.0,373.0,592.0,82.5174560546875,29.948949813842773,45.0,65.0,84.0,102.0,119.0,68.61341094970703,37.9009895324707,20.0,45.0,70.0,94.0,115.0,81.20524597167969,27.92466163635254,46.0,64.0,82.0,100.0,116.0,78.24942779541016,34.24264144897461,36.0,56.0,78.0,99.0,120.0,127.89534759521484,41.9533576965332,71.0,108.0,134.0,156.0,174.0,-51.40190505981445,248.5066680908203,-317.79999999999995,-15.0,28.0,58.0,85.0,125.54180908203125,56.51008224487305,54.0,89.0,129.0,162.0,187.0,18.283823013305664,27.002660751342773,-15.0,0.0,18.0,36.0,53.0
s1025,,,,,,,,,,,,,,,,,,,,,,,,,,,,,51.5037841796875,39.04730987548828,-1.0,31.0,57.0,78.0,94.5,,,,,,,,,,,,,,,,,,,,,,,,,,,,,,,,,,,,26.63997459411621,29.76849937438965,-10.0,7.0,26.0,46.0,65.0,39.195953369140625,40.42506790161133,-8.0,11.0,36.0,65.0,92.0,256.9582824707031,115.18949127197266,138.0,225.0,262.0,291.0,317.0,27.840301513671875,60.9605598449707,-20.0,10.0,35.0,57.0,77.0,211.77725219726562,130.5570831298828,52.0,92.0,228.0,317.0,362.0,,,,,,,
s1026,,,,,,,,,,,,,,,,,,,,,,,,,,,,,49.740562438964844,33.84983825683594,8.0,26.0,48.0,72.0,93.10000000000036,29.674348831176758,38.595436096191406,-21.0,5.0,30.0,56.0,78.40000000000009,,,,,,,,,,,,,,,,,,,,,,,,,,,,,51.52588653564453,34.40935516357422,8.0,29.0,51.0,74.0,95.0,39.74195098876953,30.05479621887207,3.0,22.0,40.0,60.0,75.0,47.62373733520508,73.75863647460938,8.0,26.0,43.0,60.0,77.0,-28.67946434020996,179.4694061279297,-78.0,-15.0,16.0,40.0,61.0,40.21391677856445,40.79804992675781,8.0,26.0,43.0,60.0,74.0,,,,,,,
s1028,,,,,,,,,,,,,,,403.2171325683594,188.75167846679688,196.8,287.0,372.0,500.0,662.0,396.08477783203125,215.61007690429688,153.0,243.0,359.0,515.0,679.5,117.86985778808594,29.82634735107422,81.0,100.0,118.0,137.0,154.0,-0.07714201509952545,221.9469451904297,-28.0,18.0,52.0,83.0,110.0,81.104248046875,42.93836975097656,24.40000000000009,57.0,85.0,110.0,131.0,391.1655578613281,314.9446105957031,109.0,167.0,293.0,506.0,830.0,120.1079330444336,43.79147720336914,64.0,92.0,124.0,151.0,173.0,110.30809020996094,46.00016784667969,50.0,82.0,115.0,143.0,165.0,121.83868408203125,32.80791473388672,82.0,102.0,123.0,142.0,161.0,137.12960815429688,39.6030158996582,87.0,112.0,139.0,164.0,186.0,148.63253784179688,52.885414123535156,93.0,129.0,154.0,174.0,191.0,36.25761413574219,45.690269470214844,-15.0,16.0,42.0,64.0,84.0,135.73226928710938,49.096736907958984,70.0,104.0,144.0,172.0,191.0,41.33445739746094,38.676849365234375,-6.0,14.0,40.0,69.0,92.0
s1029,22.72288703918457,52.931846618652344,-30.0,-6.0,19.0,47.0,78.0,319.95159912109375,319.96429443359375,23.0,103.0,219.0,448.0,783.0,595.1663818359375,683.3077392578125,72.0,155.0,323.0,847.0,1400.0,613.271728515625,674.4510498046875,76.0,168.0,348.0,898.0,1414.0,175.59390258789062,50.231361389160156,118.0,154.0,182.0,207.0,229.0,-95.6310806274414,339.208984375,-948.0,-16.0,19.0,59.0,109.0,123.21260833740234,49.116641998291016,57.0,95.0,128.0,156.0,180.0,518.9598999023438,328.9046936035156,200.0,287.0,432.0,659.0,1005.0,244.87863159179688,65.42872619628906,158.0,208.0,256.0,290.0,317.0,239.49374389648438,65.19259643554688,153.0,203.0,250.0,285.0,312.0,114.00882720947266,38.62540054321289,68.0,90.0,114.0,137.0,160.0,162.68983459472656,67.11776733398438,68.0,109.0,174.0,214.0,242.0,435.120361328125,122.78306579589844,328.0,400.0,439.0,472.0,505.0,-68.39529418945312,319.7396545410156,-769.7,-7.0,43.0,82.0,117.0,245.62628173828125,97.47074890136719,120.0,184.0,248.0,306.0,380.0,,,,,,,
s1031,19.863826751708984,31.05518341064453,-13.0,6.75,23.0,39.0,53.0,234.35955810546875,255.72622680664062,-18.0,50.0,163.0,354.0,598.0,387.52667236328125,336.7652587890625,45.0,133.0,285.0,579.0,908.0,432.6921691894531,364.1424255371094,52.0,150.0,323.0,661.0,1002.0,110.29228210449219,30.013137817382812,76.0,96.0,113.0,129.0,143.0,-96.24874114990234,338.1617126464844,-920.0,-16.0,39.0,72.0,96.0,43.80180740356445,46.49406814575195,-19.0,14.0,49.0,77.0,99.0,432.47711181640625,287.9227294921875,165.0,216.0,340.0,567.0,853.6000000000022,142.60768127441406,44.79153823852539,84.0,118.0,150.0,174.0,191.0,144.6732940673828,42.86365509033203,88.0,121.0,152.0,175.0,192.0,79.57682037353516,30.458251953125,45.0,62.0,79.0,96.0,114.0,111.8004379272461,40.67168045043945,62.0,86.0,110.0,137.0,165.0,166.3070526123047,99.34359741210938,96.0,137.0,163.0,182.0,199.0,12.25560474395752,131.87232971191406,-25.0,11.0,36.0,56.0,74.0,126.17850494384766,47.859893798828125,56.0,100.0,135.0,161.0,179.0,51.07598114013672,45.863677978515625,-1.0,25.0,52.0,81.0,100.70000000000005
s1032,,,,,,,,,,,,,,,,,,,,,,,,,,,,,,,,,,,,,,,,,,,,,,,,,,,,,,,,,,,,,,,,,,,,,,,,,,,,,,,,,,,,,240.4105224609375,129.2977752685547,138.0,199.0,253.0,302.0,345.0,-49.69225311279297,246.20362854003906,-368.9,-57.0,19.0,79.0,134.0,,,,,,,,,,,,,,
s1033,,,,,,,,,,,,,,,,,,,,,,,,,,,,,12.250126838684082,39.71670150756836,-38.0,-14.0,12.0,39.0,64.0,45.40022659301758,26.150009155273438,14.0,30.0,46.0,62.0,76.0,55.307037353515625,45.287296295166016,6.0,33.0,56.0,79.0,98.0,,,,,,,,,,,,,,,,,,,,,,43.212440490722656,24.658370971679688,12.0,28.0,44.0,59.0,73.0,66.26948547363281,35.269012451171875,22.0,44.0,67.0,88.0,107.0,355.5824279785156,90.95396423339844,242.0,327.0,367.0,402.0,435.0,-57.55086135864258,264.7440185546875,-484.0,-17.0,39.0,73.0,105.0,249.7723846435547,165.0296630859375,63.0,116.0,259.0,371.0,412.0,,,,,,,
s1034,,,,,,,,,,,,,,,,,,,,,,,,,,,,,,,,,,,,,,,,,,,,,,,,,,,,,,,,,,,,,,,,,,,,,,,,,,,,,,,,,,,,,465.0659484863281,301.7505798339844,238.0,358.0,432.0,495.0,585.0,42.09150695800781,89.6329345703125,-61.0,-11.0,45.0,97.0,147.0,284.06463623046875,84.46668243408203,179.70000000000005,235.75,288.0,339.0,386.0,,,,,,,
s1035,,,,,,,,,,,,,,,,,,,,,,,,,,,,,136.05148315429688,20.34666633605957,116.0,127.0,137.0,146.0,155.0,24.235675811767578,108.89435577392578,-46.0,5.0,42.0,75.0,95.0,114.43649291992188,19.894733428955078,91.0,102.0,114.0,126.0,138.0,,,,,,,,184.4952392578125,82.66152954101562,90.0,174.0,204.0,231.0,257.0,203.71395874023438,45.05667495727539,152.0,179.0,203.0,228.0,253.0,131.0803985595703,30.184432983398438,111.0,122.0,132.0,142.0,154.0,164.38983154296875,39.2647590637207,130.0,149.0,165.0,186.5,208.0,189.66049194335938,39.62295150756836,135.0,176.0,202.0,216.0,225.0,49.60816192626953,103.28406524658203,5.0,41.0,66.0,91.0,114.0,174.43577575683594,46.07872009277344,112.0,147.0,190.0,207.0,218.0,,,,,,,
s1036,,,,,,,,,,,,,,,,,,,,,,,,,,,,,,,,,,,,,,,,,,,,,,,,,,,,,,,,,,,,,,,,,,,,,,,,,,,,,,,,,,,,,143.01272583007812,24.758333206176758,111.0,139.0,150.0,157.0,163.0,4.9208784103393555,164.20309448242188,-151.0,27.0,59.0,76.0,89.0,,,,,,,,,,,,,,
s1037,117.31439971923828,108.4024887084961,3.0,24.0,77.0,223.0,275.0,107.81388092041016,147.7940216064453,-42.0,-1.0,78.0,177.0,298.0,276.9002685546875,263.9366760253906,24.0,86.0,199.0,392.0,657.0,277.3658142089844,264.65533447265625,21.0,85.0,201.0,397.0,654.0,90.68449401855469,28.434396743774414,61.0,77.0,93.0,108.0,121.0,59.505435943603516,72.274169921875,26.0,50.0,69.0,85.0,99.0,44.056392669677734,37.09559631347656,-1.0,22.0,45.0,67.0,87.0,198.90455627441406,164.17430114746094,46.0,79.0,161.0,269.0,392.0,133.70608520507812,41.296382904052734,91.0,115.0,136.0,156.0,171.0,124.94281768798828,37.921348571777344,78.0,107.0,130.0,150.0,166.0,77.60263061523438,20.291330337524414,55.0,67.0,78.0,90.0,101.0,91.70895385742188,38.21417236328125,52.0,69.0,87.0,108.0,136.0,291.8023986816406,84.58686065673828,158.0,262.0,316.0,342.0,362.0,-45.6451530456543,207.50576782226562,-195.0,-22.0,17.0,47.0,67.0,199.90399169921875,204.1405029296875,72.0,124.0,238.0,305.0,360.0,11.384414672851562,17.96937370300293,-10.0,0.0,11.0,22.0,34.0
s1038,13.101208686828613,36.956764221191406,-51.0,1.0,27.0,38.0,44.0,165.75411987304688,144.80535888671875,7.0,72.0,140.0,227.0,349.0,243.35299682617188,184.057861328125,54.0,115.0,202.0,327.0,485.0,249.59353637695312,193.23863220214844,55.0,112.0,203.0,334.0,516.0,89.78523254394531,21.6773624420166,66.0,88.0,95.0,101.0,106.0,-30.268985748291016,217.95101928710938,-147.0,5.0,36.0,60.0,74.0,69.1377182006836,21.795265197753906,39.0,60.0,74.0,83.0,91.0,242.9995574951172,166.4127960205078,99.0,126.0,190.0,306.0,458.0,127.7298583984375,30.915525436401367,84.0,117.0,138.0,148.0,154.0,125.97833251953125,31.88098907470703,78.0,113.0,137.0,148.0,154.0,89.95108795166016,16.10097312927246,75.0,84.0,91.0,98.0,105.0,101.74687194824219,20.41042709350586,75.0,92.0,104.0,114.0,125.0,119.51408386230469,33.42382049560547,78.0,110.0,128.0,137.0,143.0,22.486417770385742,88.61963653564453,-26.0,18.0,42.0,58.0,73.0,104.3056869506836,30.58763885498047,70.0,92.0,111.0,125.0,132.0,15.778471946716309,13.439519882202148,3.0,8.0,14.0,22.0,33.0
s1039,,,,,,,,,,,,,,,,,,,,,,,,,,,,,125.17190551757812,32.46664047241211,90.0,114.0,130.0,144.0,157.0,46.090763092041016,176.0316619873047,13.0,51.0,83.0,108.0,127.0,112.91029357910156,30.982929229736328,75.0,96.0,116.0,133.0,148.0,,,,,,,,,,,,,,,167.45346069335938,58.89406204223633,84.0,122.0,183.0,213.0,233.0,122.05651092529297,29.251686096191406,89.0,108.0,124.0,139.0,153.0,149.665283203125,29.91514015197754,113.0,133.0,152.0,169.0,184.0,161.21292114257812,76.92664337158203,110.0,140.0,161.0,178.0,194.0,5.704900741577148,213.1532440185547,-27.0,29.0,58.0,83.0,108.0,145.05221557617188,41.21937942504883,97.0,123.0,150.0,171.0,189.0,,,,,,,
s1040,,,,,,,,,,,,,,,,,,,,,,,,,,,,,,,,,,,,,,,,,,,,,,,,,,,,,,,,,,,,,,,,,,,,,,,,,,,,,,,,,,,,,326.3667297363281,132.3209686279297,227.0,301.0,347.0,384.0,417.0,-7.028430938720703,160.39810180664062,-120.0,-16.0,28.0,71.0,108.0,194.79736328125,65.84492492675781,116.0,160.0,201.0,237.0,269.0,,,,,,,
s1041,-86.15188598632812,153.41787719726562,-300.0,-198.0,-76.0,31.0,103.0,64.91822052001953,143.62123107910156,-69.0,-42.0,30.0,132.0,228.0,231.1514434814453,549.4847412109375,-37.0,3.0,91.0,211.0,437.0,178.2213134765625,361.35137939453125,-32.0,18.0,103.0,224.0,433.0,,,,,,,,,,,,,,,,,,,,,,316.1162414550781,175.19229125976562,112.0,185.0,290.0,428.0,553.0,14.212499618530273,20.636552810668945,-15.0,4.0,18.5,28.0,36.0,,,,,,,,,,,,,,,29.75724983215332,13.153206825256348,14.0,23.0,31.0,38.0,44.0,160.99261474609375,212.1504669189453,30.0,39.0,56.0,189.0,490.0,,,,,,,,,,,,,,,,,,,,,
s1042,,,,,,,,,,,,,,,,,,,,,,,,,,,,,52.760066986083984,31.437171936035156,15.0,35.0,54.0,73.0,90.0,25.65481948852539,48.3082160949707,-14.0,7.0,29.0,50.0,68.0,16.559656143188477,43.66912841796875,-42.0,-8.0,20.0,45.0,69.0,,,,,,,,,,,,,,,30.82698631286621,29.688940048217773,-6.0,13.0,32.0,51.0,67.0,29.429475784301758,33.007965087890625,-12.0,7.0,30.0,52.0,71.0,42.96181869506836,32.89543533325195,3.0,23.0,44.0,63.0,81.0,144.388671875,53.06938171386719,77.0,115.0,151.0,181.0,204.0,24.269887924194336,42.360836029052734,-22.0,7.0,30.0,49.0,65.0,237.17703247070312,153.22642517089844,41.0,97.0,229.0,380.0,454.0,,,,,,,
s1043,,,,,,,,,,,,,,,,,,,,,,,,,,,,,,,,,,,,,,,,,,,,,,,,,,,,,,,,,,,,,,,,,,,,,,,,,,,,,,,,,,,,,142.85751342773438,39.369140625,93.0,119.0,145.0,169.0,190.0,16.01661491394043,154.8546600341797,-32.0,14.0,48.0,79.0,105.0,,,,,,,,,,,,,,
s1044,13.896636962890625,32.637123107910156,-20.0,0.0,17.0,34.0,49.0,241.83877563476562,262.7173156738281,-29.0,39.0,173.0,379.0,626.0,395.0784606933594,339.2261962890625,47.0,124.0,293.0,598.0,923.0,407.217041015625,343.8418273925781,50.0,134.0,307.0,616.0,939.0,48.01121139526367,25.840179443359375,18.0,35.0,50.0,65.0,78.0,33.198883056640625,39.61756134033203,0.0,18.0,36.0,52.0,67.0,28.06068229675293,31.264076232910156,-12.0,10.0,31.0,49.0,65.0,344.84967041015625,298.38800048828125,59.0,117.0,257.0,485.0,778.0,28.44120979309082,25.76690101623535,-4.0,12.0,30.0,46.0,60.0,24.296274185180664,27.310815811157227,-10.0,7.0,26.0,43.0,57.80000000000291,58.70256042480469,23.3201961517334,30.0,45.0,60.0,74.0,87.0,39.71598434448242,24.813507080078125,9.0,25.0,41.0,55.0,69.0,44.66011047363281,63.440185546875,16.0,29.0,41.0,53.0,65.0,22.265071868896484,35.96026611328125,-17.0,9.0,27.0,43.0,57.0,35.57366180419922,28.004417419433594,9.0,26.0,39.0,51.0,61.0,8.862860679626465,22.147140502929688,-19.0,-5.0,9.0,24.0,37.0
s1045,19.828815460205078,33.32757568359375,-20.0,17.0,25.0,37.0,49.0,231.34849548339844,201.44863891601562,10.0,84.0,199.0,332.0,491.0,385.1445617675781,266.60430908203125,115.0,193.0,317.0,510.0,770.0,397.46966552734375,270.0668029785156,118.0,200.0,330.0,536.0,786.0,169.38182067871094,33.28768539428711,134.0,168.0,178.0,185.0,192.0,-133.77191162109375,412.9932861328125,-974.0,-169.0,83.0,126.0,141.0,129.07763671875,35.2193717956543,85.0,116.0,134.0,147.0,162.0,342.5074157714844,211.20462036132812,157.0,190.0,274.0,428.0,626.0,220.7292938232422,61.926734924316406,136.0,174.0,235.0,272.0,289.0,215.42750549316406,61.31488800048828,129.0,169.0,228.0,267.0,285.0,89.5137939453125,21.640378952026367,72.0,80.0,88.0,98.0,110.0,128.84182739257812,49.29301071166992,75.0,90.0,117.0,172.0,195.0,345.7314147949219,72.52620697021484,227.0,321.0,378.0,393.0,402.0,-29.94444465637207,205.9212188720703,-280.29999999999995,-23.0,43.0,77.0,99.0,219.8792724609375,77.75457763671875,122.0,166.0,221.0,269.0,332.0,15.155380249023438,13.26467227935791,1.0,7.0,14.0,22.0,32.0
s1046,17.20655059814453,25.520721435546875,-7.0,13.0,23.0,30.0,38.0,266.87750244140625,229.5744171142578,30.0,99.0,210.0,376.0,599.0,373.2835388183594,490.77398681640625,43.0,103.0,228.0,454.0,773.0,306.8349304199219,257.1114196777344,44.0,112.0,238.0,440.0,681.0,88.22128295898438,23.829309463500977,63.0,87.0,94.0,100.0,105.0,-23.93411636352539,237.61508178710938,-133.0,22.0,53.0,68.0,78.0,63.565677642822266,24.87656593322754,29.0,53.0,69.0,79.0,89.0,349.59686279296875,220.26683044433594,118.0,175.0,301.0,466.0,664.0,137.01800537109375,34.488521575927734,85.0,126.0,145.0,159.0,172.0,134.9638214111328,35.36542510986328,81.0,124.0,144.0,158.0,170.0,93.11353302001953,18.235084533691406,79.0,89.0,95.0,102.0,108.0,98.65689849853516,21.245155334472656,76.0,90.0,99.0,109.0,125.0,117.8111801147461,27.150617599487305,82.0,114.0,127.0,133.0,138.0,-13.738609313964844,155.96897888183594,-128.0,-4.0,36.0,57.0,70.0,106.78148651123047,30.003244400024414,76.0,95.0,115.0,125.0,132.0,12.3839693069458,13.756680488586426,-1.0,6.0,13.0,20.0,27.0
s1048,,,,,,,,,,,,,,,,,,,,,,,,,,,,,,,,,,,,,,,,,,,,,,,,,,,,,,,,,27.329952239990234,31.749298095703125,-13.0,6.0,28.0,49.0,67.0,24.05376434326172,35.304866790771484,-20.0,2.0,25.0,48.0,68.0,47.274391174316406,30.94017791748047,8.0,28.0,48.0,68.0,86.0,,,,,,,,,,,,,,,,,,,,,,,,,,,,,,,,,,,
s1049,,,,,,,,,,,,,,,,,,,,,,,,,,,,,,,,,,,,,,,,,,,,,,,,,,,,,,,,,,,,,,,,,,,,,,,51.42332458496094,31.44793701171875,12.0,31.0,52.0,72.0,90.0,71.96700286865234,33.38529968261719,31.0,53.0,74.0,93.0,111.0,322.69219970703125,76.51210021972656,219.0,310.0,343.0,367.0,386.0,19.596309661865234,72.38984680175781,-38.0,0.0,31.0,57.0,79.0,206.201904296875,117.20464324951172,61.0,106.0,197.0,313.0,371.0,,,,,,,
s1050,-48.70365524291992,144.01112365722656,-104.0,-64.0,-27.0,10.0,44.0,162.21749877929688,227.57293701171875,-42.0,13.0,106.0,234.0,434.0,248.1302490234375,492.2434997558594,-56.0,22.0,133.0,324.0,700.0,233.3079376220703,498.2593688964844,-59.0,16.0,122.0,298.0,638.0,,,,,,,,,,,,,,,,,,,,,,199.49143981933594,523.76806640625,-706.0000000000001,81.0,202.0,429.0,796.0,,,,,,,,,,,,,,,,,,,,,,32.83694076538086,27.782930374145508,-1.7999999999999972,15.0,32.0,52.0,68.0,144.13856506347656,308.8086242675781,-15.0,18.0,48.0,93.0,439.0,,,,,,,,,,,,,,,,,,,,,
s1051,,,,,,,,,,,,,,,,,,,,,,,,,,,,,,,,,,,,,,,,,,,,,,,,,,,,,,,,,,,,,,,,,,,,,,,,,,,,,,,,,,,,,,,,,,,,14.247272491455078,52.71083068847656,-19.0,6.0,26.0,37.0,46.0,,,,,,,,,,,,,,
s1052,,,,,,,,,,,,,,,,,,,,,,,,,,,,,73.8121109008789,48.019073486328125,13.0,43.0,75.0,105.0,133.0,24.334009170532227,178.82110595703125,-28.0,15.0,54.0,92.0,127.0,-9.241423606872559,71.97801208496094,-101.0,-61.0,-11.0,41.0,86.0,,,,,,,,127.951171875,71.03125762939453,36.0,78.0,130.0,179.0,219.0,127.41364288330078,71.63766479492188,32.0,77.0,130.0,180.0,218.0,61.07850646972656,49.141334533691406,-1.0,29.0,61.0,94.0,123.0,58.20871353149414,53.007389068603516,-7.0,24.0,58.0,92.0,125.0,418.3055114746094,119.13526153564453,219.0,404.0,455.0,488.0,515.0,20.107919692993164,52.845333099365234,-44.0,-8.0,25.0,54.0,78.0,256.8209228515625,139.205078125,71.90000000000146,129.0,281.0,379.0,424.0,12.955013275146484,47.629276275634766,-47.0,-18.0,14.0,44.0,72.5
s1053,-3.958073616027832,147.2605743408203,-90.0,-37.0,13.0,60.0,105.0,243.8506317138672,357.8403015136719,-63.0,17.0,123.0,349.0,758.0,379.60498046875,436.27911376953125,-11.0,70.0,206.0,579.0,1133.0,320.0032958984375,351.9527282714844,0.0,71.0,195.0,478.0,854.8000000000011,,,,,,,,,,,,,,,,,,,,,,,,,,,,,,,,,,,,,,,,,,,,,,,,,,,,,,,,,,,,,,,,,,,,,,,,,,,,,,,,,,,,
s1057,14.794570922851562,92.36347198486328,-55.0,-18.0,20.0,57.0,91.0,187.67015075683594,242.3994598388672,-33.0,24.0,116.0,279.0,523.0,330.95220947265625,326.3655090332031,32.0,98.0,210.0,478.0,868.0,318.77117919921875,329.899658203125,21.0,85.0,193.0,464.0,858.0,,,,,,,,,,,,,,,,,,,,,,,,,,,,,,,,,,,,,,,,,,,,,,,,,,,,,,,,,,,,,,,,,,,,,,,,,,,,,,,,,,,,
s1058,,,,,,,,,,,,,,,,,,,,,,,,,,,,,124.68138885498047,124.16009521484375,-30.0,43.0,123.0,205.0,282.0,38.36482238769531,161.30667114257812,-139.0,-45.0,45.0,135.0,221.0,123.94970703125,143.81109619140625,-56.0,29.0,123.0,218.0,308.0,342.3966064453125,395.2257995605469,-47.0,89.0,250.0,483.0,878.3999999999996,191.18006896972656,118.73273468017578,41.0,115.0,193.0,271.0,340.0,183.50177001953125,136.43585205078125,12.0,95.0,184.0,273.0,356.0,127.18830108642578,134.1773681640625,-39.0,42.0,127.0,212.0,296.0,120.66098022460938,150.1720733642578,-70.0,23.0,119.0,217.0,315.0,146.402587890625,136.24273681640625,-21.0,59.0,146.0,234.0,317.0,-185.73703002929688,466.7111511230469,-988.0,-557.5,1.0,143.0,261.0,138.24790954589844,133.90016174316406,-30.0,51.0,138.0,224.0,309.0,44.73053741455078,95.94109344482422,-73.5,-18.0,38.0,106.0,170.5
s1059,,,,,,,,,,,,,,,,,,,,,,,,,,,,,,,,,,,,,,,,,,,,,,,,,,,,,,,,,,,,,,,,,,,,,,,,,,,,,,,,,,,,,132.77598571777344,73.14605712890625,90.7,105.0,122.0,138.0,157.0,-57.45817184448242,235.65069580078125,-437.5999999999999,-84.0,33.0,82.0,118.0,,,,,,,,,,,,,,
s1060,,,,,,,,,,,,,,,,,,,,,,,,,,,,,82.15299987792969,26.809572219848633,50.0,69.0,85.0,99.0,112.0,-135.9375457763672,358.4378662109375,-961.0,-16.0,18.0,43.0,64.0,73.64350128173828,26.74209213256836,40.0,58.0,76.0,91.0,105.0,,,,,,,,112.31929016113281,36.95038986206055,63.0,91.0,118.0,139.0,153.0,110.7553939819336,36.36399841308594,61.0,89.0,117.0,136.0,151.0,90.80741119384766,26.5145320892334,59.0,75.0,91.0,107.0,122.0,105.54199981689453,31.70453453063965,67.0,85.0,106.0,126.0,145.0,117.41879272460938,35.44594192504883,75.0,106.0,124.0,138.0,149.0,-25.857553482055664,189.19088745117188,-73.0,-3.0,24.0,45.0,63.0,102.74071502685547,37.45927810668945,57.0,86.0,109.0,127.0,141.0,,,,,,,
s1061,6.297039031982422,27.516887664794922,-25.0,-10.0,5.0,22.0,42.0,153.76925659179688,156.61209106445312,-16.0,39.0,125.0,233.0,358.0,290.77587890625,236.63323974609375,50.0,111.0,218.0,426.0,658.0,287.1510009765625,240.87435913085938,42.0,103.0,213.0,426.0,662.0,74.60050201416016,31.106718063354492,36.0,56.0,76.0,95.0,112.0,-31.638622283935547,215.51560974121094,-52.0,-6.0,21.0,45.0,65.0,67.25511932373047,33.34362030029297,25.0,46.0,68.0,90.0,108.0,242.7576904296875,172.38914489746094,75.0,123.0,201.0,310.0,463.0,94.3465805053711,38.11677169799805,46.0,73.0,97.0,119.0,139.0,94.21320343017578,36.04245376586914,49.0,73.0,96.0,118.0,137.0,61.912078857421875,30.48326301574707,24.0,42.0,62.0,81.0,100.0,88.27313995361328,34.16852569580078,45.0,66.0,89.0,111.0,132.0,94.70381164550781,36.83485412597656,50.0,76.0,98.0,117.0,134.0,-69.3641586303711,241.68328857421875,-419.4,-38.0,22.0,51.0,74.0,85.23544311523438,42.72534942626953,33.0,62.0,88.0,112.0,134.0,25.13134002685547,31.986013412475586,-14.0,4.0,24.0,46.0,66.0
s1062,9.693217277526855,32.933258056640625,-20.0,-3.0,12.0,27.0,40.0,191.8323516845703,205.43006896972656,-3.0,48.0,138.0,275.0,460.0,329.0479736328125,258.09307861328125,79.0,134.0,245.0,465.0,726.0,337.9355163574219,270.8694763183594,79.0,136.0,246.0,476.0,763.0,96.6995849609375,32.050071716308594,58.0,79.0,99.0,118.0,134.0,-278.8128356933594,450.7796936035156,-983.0,-930.0,8.0,50.0,75.0,52.39550018310547,41.53167724609375,2.0,30.0,55.0,78.0,98.0,310.3290100097656,234.3601531982422,95.0,142.0,238.0,410.0,634.0,100.23807525634766,45.43965148925781,38.0,70.0,107.0,133.0,153.0,99.26622772216797,43.34192657470703,40.0,70.0,105.0,131.0,150.0,47.10988998413086,28.522558212280273,12.0,29.0,48.0,65.0,82.0,107.97583770751953,97.69925689697266,26.0,51.0,78.0,115.0,295.0,243.4713134765625,56.664466857910156,179.0,228.0,254.0,275.0,294.0,-83.0748062133789,304.20904541015625,-742.0,-11.0,35.0,64.0,88.0,235.13743591308594,142.22959899902344,62.0,97.0,253.0,361.0,420.0,12.832924842834473,23.702600479125977,-17.0,-2.0,13.0,29.0,43.0
s1063,,,,,,,,249.5154571533203,267.2881164550781,-21.0,61.0,185.0,373.0,621.0,472.1289978027344,365.133056640625,96.0,187.0,354.0,697.0,1087.0999999999985,474.7325744628906,362.1178894042969,96.0,193.0,363.0,698.0,1084.0,110.13328552246094,53.12699508666992,43.0,77.0,111.0,145.0,176.0,-8.829448699951172,242.3828582763672,-94.0,-1.0,50.0,97.0,139.0,99.47077941894531,60.256832122802734,23.0,60.0,100.0,139.0,176.0,488.18310546875,367.88531494140625,102.0,204.0,380.0,712.0,1108.0,160.0858612060547,61.92427444458008,81.0,121.0,162.0,201.0,237.0,158.7016143798828,63.8417854309082,78.0,120.0,161.0,201.0,237.0,115.35968780517578,56.077239990234375,46.0,80.0,115.0,151.0,185.0,125.72396087646484,70.40274047851562,37.0,79.0,126.0,171.0,214.0,144.53713989257812,62.06482696533203,66.0,107.0,147.0,184.0,219.0,20.3284969329834,194.1343231201172,-65.0,10.0,59.0,105.0,147.0,134.51409912109375,70.82097625732422,45.0,90.0,136.0,181.0,222.0,50.57298278808594,56.238685607910156,-17.0,11.0,48.0,86.0,123.0
s1065,8.31092357635498,20.093570709228516,-8.0,0.0,8.0,17.0,27.0,367.4305725097656,315.55694580078125,84.0,171.0,291.0,472.0,715.0,325.02923583984375,351.7742614746094,57.0,124.0,229.0,409.0,666.0,281.50238037109375,290.471923828125,47.0,105.0,203.0,365.0,593.0,,,,,,,,,,,,,,,,,,,,,,,,,,,,,,,,,,,,,,,,,,,,,,,,,,,,,,,,,,,,,,,,,,,,,,,,,,,,,,,,,,,,
s1066,,,,,,,,,,,,,,,,,,,,,,,,,,,,,78.36128997802734,38.42456817626953,30.0,54.0,79.0,104.0,126.0,-125.68380737304688,357.41546630859375,-945.0,-37.0,24.0,62.0,91.0,66.37051391601562,42.04911804199219,13.0,39.0,67.0,94.0,119.0,,,,,,,,95.06597137451172,45.490577697753906,38.0,67.0,96.0,125.0,150.0,91.08927154541016,46.39270782470703,30.0,62.0,93.0,123.0,148.0,68.32376098632812,39.085636138916016,20.0,43.0,68.0,93.0,117.0,81.67503356933594,41.24173355102539,28.0,55.0,83.0,109.0,133.0,98.99645233154297,39.170013427734375,51.0,77.0,101.0,124.0,145.0,-89.89645385742188,255.19448852539062,-499.89999999999986,-69.0,9.0,47.0,76.0,92.48164367675781,42.67079162597656,42.0,68.0,94.0,120.0,142.0,14.878195762634277,36.12448501586914,-28.0,-8.0,15.0,37.0,60.0
s1067,,,,,,,,,,,,,,,,,,,,,,,,,,,,,95.4501953125,15.302935600280762,77.0,87.0,96.0,105.0,113.0,16.915908813476562,98.01338195800781,-9.0,4.0,23.0,56.0,74.0,86.7029037475586,18.941011428833008,64.0,75.0,87.0,98.0,110.0,,,,,,,,110.64549255371094,20.594335556030273,85.0,100.0,113.0,124.0,134.0,108.01712036132812,20.68153190612793,82.0,97.0,110.0,122.0,131.0,82.49152374267578,17.545974731445312,63.0,72.0,82.0,92.0,102.0,100.39716339111328,24.9993953704834,69.0,84.0,100.0,117.0,132.8000000000011,109.97898864746094,27.14235496520996,76.0,100.0,115.0,127.0,137.0,25.266002655029297,137.19708251953125,8.0,34.0,51.0,68.0,83.0,101.17826080322266,29.30124282836914,65.0,87.0,106.0,120.0,131.0,,,,,,,
s1068,20.78413200378418,50.20973587036133,-33.0,-6.0,21.0,49.0,75.0,298.43402099609375,282.4830322265625,12.700000000000045,114.0,231.5,421.75,681.3000000000002,427.6275329589844,350.243408203125,102.0,192.0,322.0,569.0,979.0,379.41961669921875,312.58746337890625,81.0,173.0,292.0,507.0,834.0,,,,,,,,,,,,,,,,,,,,,,,,,,,,,,,,,,,,,,,,,,,,,,,,,,,,,,,,,,,,,,,,,,,,,,,,,,,,,,,,,,,,
s1069,10.957503318786621,62.314483642578125,-2.0,8.0,17.0,27.0,39.0,236.1874237060547,219.87770080566406,39.0,87.0,174.0,307.0,523.0,333.4610900878906,290.6073913574219,54.0,121.0,241.0,465.0,768.0,336.108642578125,292.23370361328125,55.0,122.0,244.0,468.0,774.0,51.2609977722168,14.91844654083252,36.0,45.0,53.0,60.0,67.0,-254.37432861328125,437.88543701171875,-999.0,-805.75,5.0,22.0,42.0,-10.33283805847168,32.47159194946289,-55.0,-30.0,-7.0,12.0,27.0,430.0125732421875,276.78936767578125,155.0,229.0,356.0,555.0,828.0,33.74441909790039,14.053933143615723,17.0,26.0,35.0,43.0,50.0,33.30180358886719,14.490631103515625,16.0,26.0,35.0,43.0,50.0,51.1557502746582,13.46550178527832,36.0,44.0,52.0,60.0,66.0,28.439247131347656,35.388431549072266,-14.0,24.0,38.0,48.0,56.0,56.32676315307617,92.44094848632812,27.0,36.0,44.0,52.0,64.0,10.138408660888672,134.29238891601562,-7.0,21.0,37.0,50.0,62.0,36.29545593261719,19.983577728271484,14.0,30.0,40.0,48.0,55.0,25.170452117919922,13.035798072814941,9.0,17.0,25.0,34.0,41.0
s1070,17.050064086914062,25.939064025878906,-6.0,5.0,16.0,31.0,49.0,205.3053436279297,225.81277465820312,-21.0,38.0,147.0,313.0,515.0,407.60333251953125,299.3062438964844,112.0,177.0,310.0,579.0,864.0,409.57025146484375,305.92864990234375,110.0,174.0,306.0,584.0,882.0,118.35183715820312,23.221942901611328,92.0,108.0,121.0,133.0,143.0,-43.48838424682617,280.5726318359375,-480.0,11.0,62.0,86.0,103.0,97.15861511230469,23.761497497558594,70.0,84.0,98.0,111.0,125.0,405.8642578125,293.2222900390625,138.0,201.0,314.0,511.0,831.8999999999996,166.54452514648438,34.549903869628906,129.0,149.0,167.0,187.0,210.0,159.04690551757812,35.280921936035156,120.0,143.0,161.0,180.0,200.0,126.82305908203125,23.47941780090332,101.0,115.0,127.0,140.0,152.0,141.8352508544922,24.597280502319336,114.0,128.0,142.0,156.0,172.0,161.22303771972656,35.468441009521484,115.0,150.0,170.0,184.0,194.0,-109.43110656738281,261.06939697265625,-559.9,-128.0,4.0,47.0,70.0,144.70762634277344,42.654361724853516,91.0,123.0,153.0,174.0,188.0,20.350730895996094,21.785415649414062,-3.0,7.0,20.0,33.0,47.0
s1071,,,,,,,,,,,,,,,,,,,,,,,,,,,,,,,,,,,,,,,,,,,,,,,,,,,,,,,,,,,,,,,,,,,,,,,,,,,,,,,,,,,,,,,,,,,,16.44202423095703,130.28903198242188,-49.5,6.0,44.0,76.0,101.0,,,,,,,,,,,,,,
s1073,,,,,,,,,,,,,,,,,,,,,,,,,,,,,96.58782196044922,42.55617904663086,41.0,73.0,100.0,124.25,146.0,-74.7530288696289,312.4407653808594,-749.2999999999993,-11.0,41.0,75.0,102.0,98.97662353515625,58.636962890625,26.0,63.0,100.0,136.0,169.0,,,,,,,,136.9932403564453,68.1531753540039,43.0,91.0,144.0,185.0,219.0,143.06517028808594,62.212005615234375,63.0,102.0,146.0,187.0,220.0,61.30501937866211,34.7324333190918,20.0,40.0,61.0,82.0,103.0,71.56208038330078,38.09203338623047,23.0,48.0,73.0,97.0,117.0,388.2551574707031,129.9031219482422,296.0,360.0,392.0,420.0,447.0,-9.656984329223633,169.05343627929688,-104.20000000000005,-6.0,34.0,64.0,91.0,192.7511749267578,119.50094604492188,68.0,101.0,150.0,298.0,377.0,26.157360076904297,50.994712829589844,-33.0,-7.5,25.0,59.0,88.0
s1075,,,,,,,,,,,,,,,,,,,,,,,,,,,,,,,,,,,,,,,,,,,,,,,,,,,,,,,,,,,,,,,,,,,,,,,,,,,,,,,,,,,,,294.36785888671875,70.52201080322266,214.0,277.0,306.0,333.0,353.0,32.803192138671875,40.41463088989258,-12.0,10.0,32.0,54.0,76.0,,,,,,,,,,,,,,
s1077,,,,,,,,,,,,,,,,,,,,,,,,,,,,,59.30207824707031,52.05598449707031,-5.0,26.0,59.0,93.0,125.0,-241.9036102294922,417.6571350097656,-980.0,-571.0,-24.0,42.0,88.0,44.68901824951172,68.89649200439453,-42.0,0.0,45.0,88.0,129.0,312.62213134765625,266.45404052734375,61.0,124.0,232.0,423.0,718.0,154.48553466796875,92.4410171508789,27.0,88.0,164.0,221.0,266.0,151.756103515625,90.92329406738281,28.0,89.0,159.0,216.0,263.0,56.671546936035156,51.775386810302734,-7.0,23.0,56.0,89.0,122.0,97.55517578125,66.79801177978516,15.0,58.0,97.0,132.0,178.0,421.824951171875,124.21968841552734,297.0,388.0,434.0,472.0,508.0,5.985911846160889,143.57281494140625,-56.0,-4.0,32.0,65.0,96.0,192.58543395996094,143.47715759277344,52.0,87.0,130.0,340.0,415.0,3.4540603160858154,50.69451141357422,-61.0,-29.0,3.0,36.0,67.0
s1079,,,,,,,,,,,,,,,,,,,,,,,,,,,,,76.10272216796875,18.011632919311523,55.0,66.0,77.0,88.0,97.0,38.27464294433594,66.66358947753906,10.0,25.0,44.0,62.0,76.0,67.61884307861328,26.560577392578125,35.0,54.0,70.0,85.0,98.0,,,,,,,,,,,,,,,87.04975128173828,33.47016906738281,38.0,64.0,94.0,113.0,126.0,96.60626983642578,19.134613037109375,73.0,85.0,97.0,109.0,120.0,89.49147033691406,24.17254066467285,59.0,73.0,90.0,106.0,121.0,96.19508361816406,37.70064163208008,67.0,85.0,98.0,110.0,119.80000000000291,44.567054748535156,22.194852828979492,15.0,29.0,46.0,60.0,72.0,90.44707489013672,24.02663803100586,61.0,78.0,93.0,106.0,117.0,,,,,,,
s1082,0.5360536575317383,120.18637084960938,-39.0,-7.0,19.0,44.0,67.0,181.54551696777344,272.80267333984375,-51.0,6.0,104.0,256.0,501.0,320.6370544433594,329.59930419921875,55.0,117.0,204.0,393.0,806.0,296.0438537597656,323.1360778808594,47.0,102.0,181.0,353.0,753.0,157.61111450195312,42.00248336791992,114.0,145.0,165.0,182.0,197.0,-2.8264732360839844,233.91615295410156,-25.0,3.0,40.0,96.0,130.0,106.79673767089844,42.08153533935547,53.0,85.0,112.0,134.0,154.0,340.8484191894531,329.8875427246094,90.0,140.0,223.0,400.0,800.0,202.77603149414062,52.31114959716797,142.0,182.0,212.0,236.0,255.0,208.05224609375,53.156681060791016,145.0,187.0,218.0,241.0,261.0,120.49529266357422,28.426122665405273,87.0,104.0,121.0,138.0,154.0,114.8897933959961,41.59680938720703,63.0,83.0,111.0,148.0,171.0,288.9539489746094,70.78746795654297,199.0,275.0,304.0,325.0,344.0,31.33489990234375,186.90353393554688,5.0,42.0,70.0,94.0,116.0,186.8065643310547,52.020599365234375,118.0,157.0,192.0,220.0,251.0,28.479612350463867,31.361419677734375,-5.0,8.0,25.0,44.0,66.0
s1083,,,,,,,,,,,,,,,,,,,,,,,,,,,,,117.18553161621094,33.232261657714844,76.0,97.0,118.0,138.0,156.0,-139.6676025390625,432.5816955566406,-1024.0,25.0,65.0,88.0,106.0,,,,,,,,,,,,,,,153.20358276367188,61.875587463378906,85.0,117.0,146.0,171.5,256.0,,,,,,,,84.27399444580078,27.611413955688477,55.0,70.0,85.0,100.0,113.0,54.72623062133789,22.666791915893555,27.0,41.0,55.0,69.0,82.0,498.7831726074219,131.62388610839844,322.0,471.0,535.0,571.0,596.0,-46.737144470214844,204.40487670898438,-347.0,-47.0,31.0,62.0,87.0,273.0869140625,185.27810668945312,93.0,133.0,201.0,472.0,549.0,,,,,,,
s1084,,,,,,,,,,,,,,,,,,,,,,,,,,,,,,,,,,,,41.695404052734375,55.31292724609375,-25.0,8.0,45.0,77.0,107.0,,,,,,,,,,,,,,,,,,,,,,,,,,,,,58.21635818481445,46.01649856567383,0.0,27.0,57.0,89.0,118.0,37.21322250366211,43.276058197021484,-14.0,13.0,40.0,64.0,87.0,35.70819091796875,59.434783935546875,-7.0,15.0,39.0,62.0,83.0,-33.89452362060547,143.72476196289062,-146.89999999999998,-45.0,2.0,38.0,67.0,34.16542053222656,86.98902130126953,-5.0,19.0,42.0,65.0,85.0,,,,,,,
s1085,19.013216018676758,22.420984268188477,0.0,8.0,17.0,29.0,46.0,140.0791778564453,203.93492126464844,-57.0,-12.0,97.0,227.0,389.0,242.5012969970703,288.8197021484375,-14.0,36.0,133.0,372.0,690.0,249.73240661621094,295.2967224121094,-17.0,35.0,138.0,393.0,711.0,105.70841979980469,24.391891479492188,82.0,97.0,109.0,120.0,129.0,-76.18851470947266,356.353515625,-941.0,30.0,77.0,98.0,114.0,78.60340881347656,33.48965835571289,32.0,63.0,85.0,101.0,114.0,253.074462890625,244.559814453125,41.0,86.0,181.0,327.0,582.0,154.4069061279297,40.71138381958008,97.0,129.0,167.0,184.0,195.0,152.91278076171875,41.50609588623047,94.80000000000018,127.0,166.0,183.0,194.0,118.57801055908203,22.14566993713379,94.0,108.0,120.0,132.0,143.0,107.65289306640625,35.518218994140625,64.0,79.0,104.0,137.0,155.0,161.048583984375,140.90647888183594,97.0,126.0,140.0,151.0,165.0,23.775089263916016,165.77633666992188,6.0,40.0,60.0,76.0,89.0,117.80036926269531,35.94050598144531,75.0,103.0,127.0,141.0,151.0,28.106948852539062,30.27688980102539,-6.0,5.0,22.0,48.0,73.0
s1086,13.172752380371094,39.92262268066406,-36.0,-10.0,14.0,39.0,61.0,196.9727783203125,185.29229736328125,11.0,67.0,154.0,278.0,429.59999999999854,322.0569763183594,266.2260437011719,75.0,136.0,237.0,430.0,716.0,334.3253173828125,265.0826721191406,87.0,149.0,247.0,446.0,731.0,92.55438995361328,38.001041412353516,46.0,71.0,95.0,118.0,138.0,-82.74300384521484,321.76763916015625,-873.0,-7.0,36.0,68.0,93.0,64.43062591552734,36.618255615234375,18.0,42.0,66.0,89.0,109.0,314.55908203125,238.73077392578125,99.0,143.0,240.0,402.0,670.0,104.64189910888672,35.799583435058594,60.0,83.0,107.0,128.0,148.0,97.80597686767578,36.63926696777344,51.0,75.0,100.0,123.0,142.0,88.36038970947266,32.48815155029297,47.0,68.0,89.0,110.0,129.0,69.2975082397461,32.56764602661133,27.0,49.0,71.0,91.0,109.0,93.35062408447266,39.25003433227539,47.0,74.0,98.0,118.0,136.0,16.35547637939453,84.03619384765625,-34.0,-2.0,26.0,53.0,77.0,90.00323486328125,35.310787200927734,47.0,70.0,93.0,113.0,131.0,19.354862213134766,44.791099548339844,-17.0,1.0,20.0,41.0,60.0
s1088,5.534856796264648,44.6566047668457,-50.0,-22.0,6.0,34.0,60.0,211.43789672851562,382.54388427734375,-47.0,12.0,113.0,267.0,543.0,298.0460205078125,386.12725830078125,-22.0,44.0,149.0,420.0,913.0,260.4739074707031,350.1961975097656,-28.0,31.0,131.0,369.0,776.0,187.3459930419922,54.86754608154297,125.0,164.0,195.0,221.0,245.0,-157.5807647705078,401.2399597167969,-954.0,-58.0,28.0,80.0,120.0,101.1539077758789,57.13020706176758,25.0,69.0,107.0,140.0,167.0,337.95245361328125,319.9090881347656,63.0,119.0,223.0,450.0,813.2000000000007,164.8391571044922,81.85717010498047,55.0,103.0,174.0,230.0,264.0,163.0811004638672,89.35205841064453,41.0,96.0,174.0,235.0,271.0,109.89908599853516,38.058746337890625,64.0,88.0,111.0,134.0,156.0,107.04547882080078,48.35243606567383,42.0,75.0,110.0,143.0,166.0,335.1288757324219,127.62317657470703,136.0,303.0,372.0,406.0,430.0,9.61420726776123,114.25836944580078,-62.0,-6.0,30.0,61.0,88.0,192.74195861816406,84.03190612792969,93.0,136.0,181.0,255.0,314.0,,,,,,,
s1089,2.186497449874878,49.587886810302734,-61.0,-30.0,2.0,35.0,64.0,212.16468811035156,239.83665466308594,-35.0,43.0,159.0,319.0,540.0,356.7757568359375,362.20257568359375,23.0,109.0,236.0,503.0,936.0,370.36090087890625,372.6521911621094,22.0,109.0,245.0,537.0,975.0,139.91954040527344,63.35646057128906,60.0,99.0,140.0,181.0,219.0,22.297401428222656,173.6796875,-46.0,5.0,52.0,95.0,134.0,67.78807067871094,78.2179183959961,-32.0,16.0,68.0,121.0,167.0,324.04248046875,290.8792724609375,60.0,138.0,244.0,415.0,719.0,145.5191192626953,82.45911407470703,38.0,93.0,150.0,202.0,247.0,139.538818359375,83.2542724609375,30.0,85.0,144.0,197.0,243.0,84.92607879638672,63.38416290283203,5.0,43.0,84.0,126.0,165.0,97.77513122558594,65.01514434814453,13.0,55.0,101.0,142.0,177.0,247.24427795410156,72.74446868896484,144.0,212.0,261.0,297.0,324.0,26.92426109313965,125.23456573486328,-27.0,8.0,42.0,74.0,105.0,159.27810668945312,64.06139373779297,83.0,119.0,159.0,201.0,240.0,16.796049118041992,66.24813079833984,-66.0,-27.0,17.0,60.0,101.0
s1090,,,,,,,,217.3311004638672,240.11822509765625,-21.0,50.0,158.0,318.0,543.0,373.9461669921875,315.1739501953125,59.0,136.0,275.0,543.0,876.0,390.8757629394531,307.59197998046875,73.0,156.0,307.0,553.0,873.0,95.4551773071289,53.66560363769531,28.0,61.0,96.0,131.0,163.0,-229.18212890625,408.16363525390625,-960.0,-457.0,-13.0,31.0,67.0,45.47997283935547,49.19235610961914,-18.0,14.0,47.0,78.0,107.0,371.789794921875,299.4321594238281,88.0,150.0,277.0,510.0,815.0,112.73641967773438,59.76204299926758,34.0,74.0,116.0,154.0,186.0,113.80026245117188,58.87728500366211,35.0,76.0,118.0,155.0,186.0,100.9206771850586,45.24962615966797,44.0,72.0,101.0,131.0,158.0,104.76065826416016,50.63399887084961,38.0,70.0,106.0,139.0,167.0,115.68221282958984,60.996612548828125,58.0,87.0,115.0,141.0,165.0,30.363433837890625,74.71180725097656,-22.0,7.0,36.0,66.0,93.0,115.06047058105469,54.925514221191406,58.0,88.0,117.0,144.0,167.0,9.880746841430664,37.216148376464844,-37.0,-15.0,9.0,34.0,58.0
s1093,,,,,,,,,,,,,,,,,,,,,,,,,,,,,,,,,,,,,,,,,,,,,,,,,,,,,,,,,,,,,,,,,,,,,,,,,,,,,,,,,,,,,189.55235290527344,49.88747024536133,116.0,167.0,200.0,224.0,242.0,169.23170471191406,494.81109619140625,-101.5,2.0,47.0,96.0,770.5,155.8660430908203,38.4196662902832,106.0,135.0,160.0,182.0,201.0,,,,,,,
s1094,,,,,,,,,,,,,,,,,,,,,,,,,,,,,161.2235107421875,39.35734939575195,117.0,138.0,161.0,186.0,209.0,56.200958251953125,63.597660064697266,0.0,30.0,64.0,90.0,109.0,114.68698120117188,38.38960647583008,71.9,96.0,119.0,139.0,154.10000000000014,,,,,,,,,,,,,,,175.1792449951172,84.16413116455078,47.0,89.0,204.0,243.0,268.0,85.6128921508789,25.553707122802734,56.0,70.0,85.0,101.0,116.0,85.1568374633789,36.06238555908203,45.0,63.0,82.0,103.0,126.0,503.0582580566406,97.44038391113281,379.0,492.0,531.0,556.0,578.0,23.921863555908203,162.94590759277344,-38.0,33.0,64.0,88.0,111.0,455.5180358886719,206.4657745361328,153.0,333.0,501.0,565.0,626.0,,,,,,,
s1096,,,,,,,,,,,,,,,,,,,,,,,,,,,,,21.770164489746094,20.93511962890625,-4.0,8.0,22.0,36.0,48.0,21.183277130126953,25.529451370239258,-6.0,8.0,23.0,36.0,49.0,,,,,,,,,,,,,,,,,,,,,,7.8798627853393555,19.38190269470215,-17.0,-3.0,9.0,21.0,31.0,37.39647674560547,18.831615447998047,14.0,26.0,37.0,49.0,61.0,34.86784744262695,20.87356948852539,8.0,21.0,35.0,48.0,61.0,31.1241455078125,30.89472007751465,-10.0,11.0,34.0,53.0,67.0,-23.770828247070312,129.73585510253906,-66.0,-26.0,3.0,27.0,46.0,31.39980125427246,25.146244049072266,0.0,16.0,33.0,48.0,62.0,,,,,,,
s1097,,,,,,,,,,,,,,,,,,,,,,,,,,,,,,,,,,,,-44.50211715698242,192.1798858642578,-230.0,-72.0,6.0,60.0,106.0,,,,,,,,,,,,,,,,,,,,,,,,,,,,,49.16698455810547,64.24705505371094,-30.0,7.0,49.0,91.0,129.60000000000218,190.48207092285156,138.90011596679688,12.0,73.0,189.0,299.0,374.0,434.5361022949219,126.80467987060547,266.0,385.0,455.0,515.0,568.0,19.8747615814209,72.15971374511719,-65.0,-25.0,18.0,65.0,110.80000000000018,383.6672058105469,233.0550079345703,59.0,205.0,441.0,541.0,609.0,,,,,,,
s1098,1.9377143383026123,64.59535217285156,-84.0,-37.0,7.0,45.0,80.0,247.47402954101562,233.20028686523438,-9.0,76.0,201.0,378.0,574.0,414.42608642578125,302.7977600097656,86.0,185.0,344.0,593.0,860.0,388.0722961425781,289.01971435546875,80.0,174.0,321.0,545.0,810.0,,,,,,,,,,,,,,,,,,,,,,,,,,,,,,,,,,,,,,,,,,,,,,,,,,42.969444274902344,59.676414489746094,-31.0,1.75,42.0,82.5,122.0,83.2750473022461,153.68197631835938,-27.0,8.0,57.0,105.75,175.60000000000014,,,,,,,,,,,,,,,,,,,,,
s1099,39.167457580566406,76.6114730834961,-4.0,18.0,45.0,70.0,90.0,214.4401397705078,169.27561950683594,36.0,98.0,179.0,290.0,441.0,328.6424560546875,227.36289978027344,115.0,166.0,255.0,437.0,676.0,340.81329345703125,233.76942443847656,120.0,173.0,264.0,454.0,705.0,87.74491882324219,23.46473503112793,58.0,73.0,88.0,103.0,117.0,-6.570674896240234,186.39610290527344,-30.0,2.0,32.0,64.0,87.0,85.98633575439453,26.498703002929688,53.0,69.0,86.0,103.0,119.0,308.9444885253906,192.615234375,146.0,186.0,250.0,358.0,569.2000000000007,120.65805053710938,31.535518646240234,80.0,102.0,123.0,141.0,158.0,116.68627166748047,32.34489440917969,75.0,98.0,119.0,138.0,155.0,89.82925415039062,24.837324142456055,59.0,74.0,90.0,106.0,121.0,93.00505828857422,27.5208797454834,58.0,75.0,93.0,111.0,128.0,104.31339263916016,33.67271041870117,67.0,88.0,107.0,124.0,139.0,28.257150650024414,121.50981140136719,5.0,28.0,47.0,67.0,85.0,94.86335754394531,32.754302978515625,54.0,76.0,97.0,116.0,134.0,43.68525314331055,23.899242401123047,14.0,27.0,43.0,59.0,74.0
s1100,,,,,,,,,,,,,,,,,,,,,,,,,,,,,35.226051330566406,30.59583854675293,-1.0,18.0,37.0,55.0,71.0,-142.14866638183594,339.07977294921875,-945.0,-45.0,0.0,29.0,52.0,16.337574005126953,39.194549560546875,-33.0,-7.0,18.0,43.0,64.0,352.05908203125,275.4139099121094,122.0,176.0,263.0,428.0,713.0,23.55633544921875,31.252010345458984,-15.0,3.0,24.0,44.0,63.0,21.704511642456055,31.31626319885254,-17.0,2.0,22.0,42.0,60.0,59.71255874633789,29.629060745239258,23.0,42.0,61.0,79.0,96.0,34.50245666503906,33.647987365722656,-7.0,13.0,35.0,56.0,76.0,30.765661239624023,46.54448699951172,-3.0,15.0,30.0,45.0,62.0,-10.95649242401123,166.428466796875,-43.0,-4.0,22.0,44.0,67.0,28.022506713867188,27.00784683227539,-3.0,13.0,29.0,45.0,59.0,52.53144454956055,66.37646484375,-12.0,10.0,40.0,79.0,132.0
s1101,,,,,,,,,,,,,,,,,,,,,,,,,,,,,,,,,,,,46.654541015625,195.1724853515625,-116.0,-18.0,69.0,153.0,229.0,77.58440399169922,134.85067749023438,-88.0,-11.0,78.0,164.0,246.70000000000027,,,,,,,,,,,,,,,128.2942352294922,147.1981658935547,-57.0,33.0,130.0,225.0,311.0,108.27806091308594,116.81869506835938,-36.0,33.0,107.0,182.0,255.0,116.05291748046875,133.1468505859375,-50.0,37.0,119.0,196.0,276.0,140.3253173828125,108.80391693115234,17.0,79.0,141.0,203.0,261.0,-4.485851287841797,242.3558807373047,-150.69999999999993,-37.0,41.0,113.0,185.0,129.62026977539062,89.34587860107422,19.0,74.0,131.0,186.0,238.0,,,,,,,
s1102,,,,,,,,,,,,,,,451.5906066894531,233.3262481689453,151.10000000000002,262.5,421.5,638.0,790.6999999999999,363.2273254394531,188.13186645507812,161.0,218.0,324.0,477.0,623.0,28.628135681152344,31.155515670776367,0.0,15.0,31.0,45.0,57.0,-224.70660400390625,413.8735046386719,-967.0,-491.0,10.0,34.0,53.0,39.742279052734375,21.714189529418945,13.0,26.0,41.0,54.0,66.0,332.2912292480469,234.54933166503906,145.0,179.0,245.0,399.0,688.0,9.5548677444458,17.20036506652832,-11.0,-1.0,9.0,21.0,31.0,9.419757843017578,17.057598114013672,-11.0,-1.0,10.0,21.0,30.0,38.065956115722656,21.85251235961914,11.0,25.0,39.0,52.0,63.0,32.34019088745117,17.713953018188477,10.0,21.0,32.0,44.0,55.0,40.78731155395508,37.84780502319336,7.0,21.0,37.0,53.0,70.0,-7.226775169372559,180.4652862548828,-75.0,3.0,37.0,62.0,90.0,35.64027404785156,25.9426326751709,9.0,22.0,36.0,50.0,63.0,218.9540252685547,136.79122924804688,29.0,85.0,251.0,347.0,376.0
s1103,11.9824857711792,24.247926712036133,-2.0,5.0,13.0,21.0,29.0,227.34347534179688,204.9150390625,18.0,72.0,182.0,321.0,504.0,344.50299072265625,255.5225067138672,89.0,155.0,274.0,469.0,721.0,350.4347229003906,261.2810974121094,91.0,156.0,276.0,482.0,740.0,131.63198852539062,31.7608699798584,92.0,116.0,137.0,153.0,166.0,-133.85496520996094,371.23150634765625,-988.0,4.0,31.0,50.0,71.0,108.66520690917969,32.799598693847656,68.0,97.0,114.0,126.0,138.0,328.03961181640625,237.29931640625,105.0,148.0,255.0,437.0,664.0,163.5980224609375,59.66982650756836,77.0,118.0,176.0,213.0,232.0,158.98236083984375,64.08792114257812,67.0,107.0,172.0,214.0,233.0,73.6537094116211,26.297042846679688,58.0,67.0,75.0,83.0,91.0,64.65029907226562,23.3195743560791,38.0,51.0,64.0,80.0,94.0,370.2718811035156,78.80072021484375,238.0,340.0,406.0,421.0,430.0,,,,,,,,,,,,,,,24.167917251586914,17.050188064575195,5.0,13.0,23.0,34.0,47.0
s1104,,,,,,,,,,,,,,,,,,,,,,,,,,,,,,,,,,,,,,,,,,,,,,,,,,,,,,,,,,,,,,,,,,,,,,,,,,,,,,,,,,,,,,,,,,,,,,,,,,,,,,,,,,,,,,,,
s1105,77.50138854980469,31.437185287475586,33.0,56.0,84.0,101.0,112.0,117.63003540039062,159.6541748046875,-45.0,-1.0,93.0,190.0,305.0,264.58990478515625,249.60818481445312,19.0,86.0,198.0,371.0,614.0,273.27459716796875,251.1171417236328,21.0,93.0,207.0,382.0,624.0,112.59231567382812,30.666255950927734,72.0,97.0,119.0,134.0,144.0,11.679166793823242,147.57861328125,-7.0,15.0,30.0,54.0,88.0,86.16633605957031,40.364837646484375,33.0,57.0,86.0,118.0,137.0,285.9124450683594,225.9891357421875,82.0,127.0,220.0,367.0,599.0,102.56184387207031,47.98029327392578,35.0,70.0,108.0,141.0,161.0,113.66259002685547,43.46067810058594,56.0,79.0,117.0,150.0,168.0,52.54695510864258,17.68643569946289,34.0,44.0,53.0,62.0,71.0,59.714027404785156,22.36651039123535,32.0,45.0,60.0,74.0,86.0,423.16485595703125,138.98291015625,294.0,390.0,414.0,436.0,514.0,45.3917121887207,64.24614715576172,7.0,36.0,56.0,73.0,87.0,290.7259521484375,132.51995849609375,109.0,146.0,334.0,400.0,439.0,,,,,,,
s1106,,,,,,,,,,,,,,,,,,,,,,,,,,,,,92.70205688476562,76.22734069824219,6.7000000000000455,50.0,94.0,138.0,180.0,-143.9006805419922,379.68646240234375,-934.0,-76.0,28.0,81.0,121.0,,,,,,,,,,,,,,,,,,,,,,,,,,,,,66.36514282226562,51.55649948120117,3.0,33.0,65.0,99.0,132.0,93.7940902709961,48.86314392089844,31.0,65.0,97.5,126.0,151.0,436.5788879394531,98.66058349609375,297.0,423.0,467.0,494.0,515.0,-3.5038657188415527,169.50723266601562,-67.0,-2.0,34.0,63.0,93.0,182.9744110107422,142.03085327148438,52.0,85.0,127.0,287.0,424.0,,,,,,,
s1107,,,,,,,,,,,,,,,,,,,,,,,,,,,,,,,,,,,,,,,,,,,,,,,,,,,,,,,,,,,,,,,,,,,,,,,,,,,,,,,,,,,,,304.18206787109375,107.07737731933594,160.0,243.0,314.0,377.0,429.0,49.03943634033203,88.62858581542969,-43.0,3.0,52.0,100.0,147.0,,,,,,,,,,,,,,
s1109,,,,,,,,,,,,,,,,,,,,,,,,,,,,,,,,,,,,,,,,,,,,,,,,,,334.47454833984375,269.99609375,91.0,146.0,247.0,434.0,738.0,23.726716995239258,33.86896896362305,-18.0,4.0,26.0,46.0,64.0,29.83725929260254,32.08246612548828,-10.0,9.0,31.0,51.0,70.0,,,,,,,,35.299827575683594,31.480247497558594,-3.0,14.0,35.0,56.0,76.0,61.685176849365234,118.15868377685547,-7.0,16.0,41.0,69.0,103.0,,,,,,,,,,,,,,,,,,,,,
s1110,,,,,,,,,,,,,,,,,,,,,,,,,,,,,76.02055358886719,39.36343002319336,26.0,51.0,77.0,102.0,125.0,55.63273620605469,86.11962890625,-3.0,29.0,61.0,92.0,120.0,60.038394927978516,53.11140441894531,-6.0,26.0,61.0,95.0,125.0,,,,,,,,111.05059814453125,53.079429626464844,43.0,78.0,114.0,147.0,175.0,105.75044250488281,50.3956184387207,41.0,76.0,109.0,140.0,166.0,74.5636978149414,41.023826599121094,24.0,49.0,75.0,100.0,125.0,94.43827056884766,48.02260971069336,34.0,64.0,95.0,125.0,153.0,104.6788330078125,42.85563659667969,53.0,85.0,110.0,131.0,148.0,9.87116527557373,150.08718872070312,-40.0,9.0,40.0,68.0,92.0,96.0528793334961,46.12370681762695,51.0,77.0,101.0,122.0,140.0,35.425941467285156,45.700469970703125,-22.0,4.0,35.0,67.0,93.79999999999995
s1111,10.855093002319336,31.961566925048828,-24.0,-6.0,11.0,28.0,45.0,206.9368133544922,133.77642822265625,62.0,106.0,183.0,278.0,381.0,309.604248046875,190.17369079589844,98.0,167.0,272.0,414.0,584.0,293.6658020019531,178.85752868652344,94.0,161.0,262.0,392.0,543.0,61.17586135864258,23.91594123840332,31.0,46.0,62.0,77.0,91.0,-37.12641143798828,239.06524658203125,-68.0,4.0,31.0,53.0,70.0,42.03211212158203,28.699316024780273,5.0,24.0,44.0,61.0,77.0,342.49676513671875,165.45277404785156,162.0,229.0,317.0,420.0,546.0,55.138668060302734,27.373790740966797,20.0,39.0,57.0,74.0,88.0,56.837406158447266,26.505277633666992,23.0,41.0,58.0,75.0,89.0,54.537662506103516,25.982532501220703,21.0,38.0,55.0,72.0,87.0,48.71903991699219,26.326135635375977,15.0,32.0,49.0,66.0,82.0,64.54627227783203,50.50352478027344,29.0,46.0,62.0,77.0,92.0,-37.14421844482422,188.08421325683594,-153.0,-12.0,18.0,41.0,60.0,55.3643798828125,26.327714920043945,25.0,41.0,57.0,72.0,85.0,13.04418659210205,21.851329803466797,-14.0,-1.0,12.0,27.0,41.0
s1112,,,,,,,,,,,,,,,,,,,,,,,,,,,,,,,,,,,,,,,,,,,,,,,,,,,,,,,,,,,,,,,,,,,,,,,,,,,,,,,,,,,,,187.0087890625,43.449127197265625,137.0,173.0,193.0,209.0,224.0,26.024667739868164,144.34060668945312,-10.399999999999977,32.0,56.0,79.0,102.0,,,,,,,,,,,,,,
s1113,,,,,,,,,,,,,,,,,,,,,,,,,,,,,,,,,,,,,,,,,,,,,,,,,,,,,,,,,,,,,,,,,,,,,,,,,,,,,,,,,,,,,238.56338500976562,105.09380340576172,107.0,172.0,241.0,308.0,364.0,25.75968360900879,105.22463989257812,-91.0,-31.0,31.0,90.0,143.70000000000027,,,,,,,,,,,,,,
s1114,,,,,,,,,,,,,,,,,,,,,,,,,,,,,,,,,,,,,,,,,,,,,,,,,,,,,,,,,,,,,,,,,,,,,,,,,,,,,,,,,,,,,144.85879516601562,32.71202087402344,97.0,139.0,155.0,163.0,170.0,-25.353303909301758,114.4029541015625,-110.0,-31.0,10.0,30.0,43.0,,,,,,,,,,,,,,
s1115,,,,,,,,,,,,,,,,,,,,,,,,,,,,,,,,,,,,,,,,,,,,,,,,,,,,,,,,,,,,,,,,,,,,,,,,,,,,,,,,,,,,,382.2446594238281,140.86151123046875,215.0,305.0,390.0,466.0,532.0,7.817992687225342,155.94876098632812,-132.0,-44.75,27.0,96.0,157.0,,,,,,,,,,,,,,
s1119,,,,,,,,,,,,,,,,,,,,,,,,,,,,,101.8502197265625,103.98174285888672,-28.0,34.0,102.0,169.0,231.0,15.583643913269043,190.1293182373047,-116.0,-36.0,38.0,111.0,179.0,73.52885437011719,113.35456085205078,-71.0,0.0,74.0,148.0,217.0,,,,,,,,118.09676361083984,125.19235229492188,-39.0,38.0,119.0,199.0,272.0,,,,,,,,103.19741821289062,108.04951477050781,-31.0,33.0,103.0,173.0,239.0,109.91023254394531,124.52896881103516,-47.0,32.0,111.0,189.0,264.0,131.4180908203125,103.15653228759766,5.0,70.0,134.0,195.0,255.0,18.14529800415039,214.30697631835938,-132.0,-31.0,49.0,125.0,198.0,120.01541900634766,104.0382080078125,-10.0,53.0,120.0,187.0,250.0,22.74728012084961,103.15360260009766,-109.0,-45.0,22.0,91.0,155.0
s1120,8.49904727935791,20.317317962646484,-13.0,-2.0,9.0,20.0,30.0,195.12554931640625,167.15382385253906,19.0,77.0,160.0,270.0,422.0,311.74859619140625,218.6529541015625,103.0,157.0,240.0,414.0,647.0,317.65960693359375,230.10276794433594,101.0,153.0,241.0,427.0,670.6000000000058,79.3461685180664,21.708547592163086,54.0,68.0,81.0,93.0,104.0,1.0836604833602905,188.1912841796875,-35.0,22.0,51.0,70.0,85.0,68.3069076538086,25.130220413208008,37.0,54.0,70.0,85.0,98.0,310.6910400390625,194.71299743652344,131.0,176.0,254.0,382.0,583.8000000000011,146.04103088378906,41.09990692138672,104.0,128.0,146.0,163.0,185.0,137.58743286132812,46.0687370300293,93.0,119.0,138.0,155.0,174.0,91.72245788574219,19.811994552612305,68.0,80.0,92.0,104.0,115.0,97.2129898071289,19.713315963745117,72.0,85.0,98.0,110.0,121.0,109.49038696289062,41.721343994140625,80.0,98.0,111.0,122.0,131.0,27.407819747924805,98.57117462158203,-13.0,26.0,48.0,66.0,80.0,94.37210845947266,28.342111587524414,58.0,79.0,99.0,114.0,125.0,22.93268394470215,21.406631469726562,-2.0,9.0,23.0,36.0,49.0
s1121,25.09722900390625,17.69742774963379,8.0,16.0,24.0,33.0,43.0,256.339599609375,157.04232788085938,101.0,148.0,218.0,326.0,456.0,386.44677734375,236.05218505859375,165.0,215.0,313.0,502.0,731.0,403.32855224609375,258.7201232910156,166.0,219.0,317.0,526.0,786.0,109.24170684814453,35.77019500732422,96.0,103.0,111.0,119.0,126.0,25.583650588989258,222.41453552246094,-9.0,67.0,90.0,105.0,116.0,105.97955322265625,20.795654296875,83.0,93.0,105.0,116.0,130.0,380.173583984375,231.6098175048828,198.0,232.0,293.0,444.0,716.0,164.33563232421875,23.68168830871582,137.0,153.0,165.0,177.0,191.0,156.7318115234375,23.977046966552734,128.0,145.0,158.0,170.0,184.0,120.87017822265625,17.182621002197266,103.0,112.0,121.0,129.0,138.0,146.07867431640625,17.448118209838867,124.0,136.0,147.0,158.0,167.0,157.67893981933594,24.396127700805664,122.0,146.0,162.0,174.0,184.0,,,,,,,,120.78803253173828,12.918752670288086,106.0,113.0,120.0,128.0,136.0,26.490331649780273,22.045320510864258,4.0,11.0,21.0,35.0,60.0
s1122,,,,,,,,,,,,,,,,,,,,,,,,,,,,,58.755577087402344,37.42638397216797,12.0,34.0,59.0,83.0,106.0,0.6937867999076843,75.90386199951172,-60.0,-21.0,10.0,39.0,66.0,,,,,,,,,,,,,,,71.21013641357422,44.79387283325195,11.0,42.0,75.0,104.0,125.0,64.61832427978516,49.24283218383789,0.0,31.0,68.0,99.0,124.0,38.16177749633789,29.9593505859375,0.0,19.0,38.0,58.0,75.60000000000582,79.55406188964844,78.35517883300781,4.0,34.0,70.0,115.0,160.0,382.8531188964844,99.03191375732422,235.0,357.0,406.0,442.0,474.0,10.94591236114502,188.66839599609375,-52.0,13.0,50.0,83.0,115.0,303.8262634277344,239.27371215820312,52.0,134.0,347.0,427.0,478.0,,,,,,,
s1123,,,,,,,,295.5704345703125,206.59259033203125,75.0,157.0,253.0,383.0,589.0,308.51275634765625,211.19874572753906,103.0,148.0,245.0,420.0,620.0,297.92230224609375,205.83447265625,104.0,146.0,231.0,400.0,604.0999999999985,104.41812896728516,27.35870361328125,84.0,102.0,110.0,117.0,123.0,-52.731998443603516,239.5199432373047,-43.0,-3.0,8.0,22.0,52.0,75.9027328491211,28.717775344848633,41.0,68.0,83.0,93.0,101.0,310.21868896484375,194.48635864257812,144.0,175.0,244.0,376.0,596.0,145.4097442626953,27.973867416381836,117.0,139.0,152.0,161.0,169.0,140.79087829589844,30.031818389892578,110.0,134.0,149.0,158.0,165.0,84.01017761230469,17.329998016357422,69.0,77.0,85.0,93.0,100.0,96.99283599853516,29.805864334106445,60.0,74.0,101.0,119.0,131.0,139.8905029296875,32.930015563964844,93.0,133.0,149.0,160.0,169.0,22.683460235595703,179.5947265625,0.0,25.0,49.0,74.0,143.0,107.41071319580078,31.267444610595703,67.0,90.0,113.0,130.0,141.0,17.635311126708984,17.327909469604492,5.0,11.0,18.0,27.0,35.0
s1124,10.47469425201416,29.786378860473633,-5.0,2.0,10.0,19.0,29.0,223.64186096191406,276.8138732910156,-45.0,22.0,152.0,347.0,581.0,432.5133972167969,389.25946044921875,57.0,138.0,297.0,643.0,1047.0,430.4783935546875,389.5566711425781,60.0,136.0,293.0,638.0,1039.0,51.0958137512207,15.251530647277832,35.0,44.0,52.0,60.0,67.0,-15.836645126342773,199.9464569091797,-23.0,16.0,34.0,47.0,58.0,47.40495681762695,15.657343864440918,29.0,38.0,48.0,58.0,66.0,359.4352111816406,316.9949645996094,87.0,132.0,259.0,467.0,804.6000000000022,37.717830657958984,15.235257148742676,20.0,29.0,38.0,47.0,56.0,35.78677749633789,15.186775207519531,18.0,27.0,36.0,45.0,54.0,59.67957305908203,14.769660949707031,42.0,51.0,60.0,69.0,77.0,44.305416107177734,15.627320289611816,26.0,35.0,45.0,54.0,63.0,50.97755813598633,31.64506721496582,36.0,43.0,50.0,57.0,66.0,-2.558394193649292,146.07676696777344,-73.0,15.0,38.0,53.0,66.0,44.9228515625,22.24554443359375,32.0,40.0,47.0,53.0,60.0,17.088918685913086,24.612110137939453,-4.0,6.0,17.0,29.0,41.0
s1125,-6.42453145980835,102.5337905883789,-45.0,-6.0,10.0,23.0,41.0,109.23743438720703,168.12139892578125,-41.0,-12.0,55.5,180.0,330.0,251.58656311035156,501.15423583984375,-28.0,14.0,109.0,291.0,603.0,249.86216735839844,537.657470703125,-33.0,6.0,98.0,270.0,567.0,,,,,,,,,,,,,,,,,,,,,,248.79251098632812,153.5934600830078,101.4,136.0,206.0,321.0,459.60000000000014,,,,,,,,,,,,,,,,,,,,,,29.27806282043457,16.499494552612305,8.0,20.0,31.0,40.0,49.0,38.78084945678711,41.157630920410156,11.0,24.0,34.0,45.0,57.0,,,,,,,,,,,,,,,,,,,,,
s1127,-28.942401885986328,47.49163818359375,-93.0,-61.0,-26.0,6.0,30.0,153.61187744140625,183.6499786376953,-47.0,9.0,121.0,254.0,401.0,333.9448547363281,287.61956787109375,37.0,113.0,253.0,494.0,771.0,378.0216979980469,428.1736755371094,40.0,118.0,258.0,514.0,834.0,90.2101058959961,28.67600440979004,65.0,83.0,95.0,105.0,115.0,56.534915924072266,102.79749298095703,30.0,54.0,74.0,89.0,102.0,76.58424377441406,22.623205184936523,51.0,66.0,79.0,91.0,101.0,324.1190490722656,226.8018035888672,102.0,145.0,264.0,438.0,647.0,125.7272720336914,30.612573623657227,94.0,118.0,132.0,143.0,153.0,120.45773315429688,32.29109191894531,87.0,112.0,127.0,139.0,149.0,102.3812255859375,21.86682891845703,81.0,94.0,105.0,115.0,124.0,108.63970184326172,21.947866439819336,84.0,95.0,108.0,121.0,136.0,119.32138061523438,34.075714111328125,81.0,108.0,125.0,137.0,146.0,38.79252624511719,50.92134094238281,7.0,27.0,45.0,62.0,77.0,110.44387817382812,36.11080551147461,69.0,97.0,117.0,133.0,145.0,23.70274543762207,26.21173858642578,2.0,13.0,24.0,37.0,49.0
s1128,5.235095024108887,58.38362503051758,-68.0,-32.0,6.0,44.0,78.0,127.34859466552734,257.33172607421875,-114.0,-46.0,61.0,227.0,453.0,309.643310546875,407.1102294921875,-44.0,34.0,155.0,464.0,971.0,304.623046875,412.81243896484375,-51.0,27.0,147.0,461.0,970.0,,,,,,,,,,,,,,,,,,,,,,,,,,,,,,,,,,,,,,,,,,,,,,,,,,41.540321350097656,64.79834747314453,-41.099999999999994,-3.0,45.5,83.25,122.10000000000002,116.19400787353516,305.011474609375,-54.3,-3.0,52.0,110.25,224.09999999999968,,,,,,,,,,,,,,,,,,,,,
s1129,,,,,,,,,,,,,,,,,,,,,,,,,,,,,,,,,,,,,,,,,,,,,,,,,,,,,,,,,,,,,,,,,,,,,,,,,,,,,,,,,,,,,430.61932373046875,168.01913452148438,80.0,434.0,493.0,522.0,544.0,39.78707504272461,34.03577423095703,0.0,20.0,42.0,61.0,79.0,,,,,,,,,,,,,,
s1130,-4.749809265136719,57.16365432739258,-81.0,-36.0,6.0,24.0,39.0,371.0561218261719,256.95458984375,101.0,177.0,305.0,513.0,740.0,589.5347290039062,349.0494384765625,185.0,303.0,511.0,852.0,1133.0,602.4324340820312,347.11260986328125,198.0,314.0,530.0,874.0,1138.0,106.08769226074219,30.683069229125977,64.0,107.0,116.0,122.0,127.0,-289.1149597167969,493.5643310546875,-997.0,-984.0,36.0,101.0,130.0,47.34496307373047,41.358150482177734,-9.0,25.0,54.0,74.0,90.0,501.92535400390625,307.3690490722656,193.0,254.0,411.0,676.0,982.0,151.18069458007812,56.19572067260742,63.0,124.0,174.0,192.0,201.0,157.27597045898438,48.86851119995117,87.0,133.0,177.0,192.0,201.0,105.99239349365234,20.797075271606445,90.0,100.0,108.0,115.0,123.0,114.43740844726562,38.5543212890625,73.0,89.0,107.0,146.0,170.0,161.42294311523438,101.83969116210938,92.0,138.0,154.0,166.0,179.0,45.32878494262695,27.676963806152344,10.0,32.0,50.0,65.0,75.0,137.94215393066406,36.77738571166992,92.0,120.0,150.0,162.0,170.0,22.121299743652344,16.12978744506836,6.0,16.0,24.0,31.0,37.0
s1131,-2.6387739181518555,19.458532333374023,-15.0,-7.0,-1.0,3.0,10.0,203.6403350830078,131.4214630126953,63.0,113.0,179.0,265.0,371.0,364.3241271972656,194.58645629882812,165.0,223.0,317.0,454.0,642.0,383.2079772949219,200.8456268310547,177.0,238.0,334.0,479.0,670.0,82.62100219726562,19.705364227294922,63.0,81.0,88.0,93.0,97.0,-237.00767517089844,417.38385009765625,-980.0,-590.0,17.0,49.0,65.0,69.11988067626953,16.477901458740234,49.0,62.0,71.0,79.0,86.0,317.3292541503906,172.87777709960938,158.0,189.0,260.0,398.0,560.0,125.66767120361328,30.96929359436035,81.0,114.0,136.0,146.0,154.0,121.05498504638672,31.12334632873535,74.0,109.0,131.0,142.0,150.0,59.29144287109375,17.675445556640625,43.0,50.0,59.0,68.0,78.0,103.80006408691406,24.200368881225586,78.0,93.0,103.0,113.0,135.0,98.33976745605469,31.566272735595703,54.0,83.0,106.0,120.0,130.0,-100.6495361328125,208.40518188476562,-388.0,-110.0,-20.0,14.0,36.0,102.57987976074219,81.19996643066406,75.0,92.0,110.0,128.0,144.0,16.843217849731445,17.689552307128906,-3.0,5.0,17.0,28.0,38.0
s1132,,,,,,,,,,,,,,,,,,,,,,,,,,,,,101.42896270751953,133.92294311523438,-66.0,12.0,102.0,189.0,270.0,-108.36868286132812,369.0730285644531,-886.0,-149.0,3.0,118.0,214.0,64.6529312133789,160.23208618164062,-136.0,-41.0,63.0,170.0,268.0,,,,,,,,115.55475616455078,158.50228881835938,-82.0,10.0,117.0,220.0,315.0,83.03922271728516,166.3604736328125,-128.0,-25.0,83.0,193.0,290.0,98.84966278076172,146.59214782714844,-85.0,3.0,98.0,194.0,283.0,103.28416442871094,162.2023468017578,-103.0,1.0,106.0,206.0,305.0,154.52005004882812,209.8879852294922,-26.0,57.0,140.0,224.0,311.0,-24.492416381835938,287.2049255371094,-259.0,-69.0,33.0,126.0,219.0,118.6241455078125,129.2044677734375,-40.0,37.0,119.0,201.0,278.0,36.31219482421875,147.93231201171875,-143.6,-62.0,33.0,134.0,227.60000000000002
s1133,,,,,,,,,,,,,,,,,,,,,,,,,,,,,49.32368087768555,20.720874786376953,24.0,37.0,50.0,62.0,74.0,-349.71136474609375,454.50933837890625,-997.0,-957.0,-20.0,36.0,56.0,32.98887634277344,19.404361724853516,8.400000000000034,22.0,35.0,46.0,55.0,234.0107421875,124.11949157714844,85.0,141.0,218.0,307.0,405.0,36.35400390625,14.761364936828613,18.0,27.0,37.0,46.0,54.0,23.25876235961914,104.1263427734375,5.0,19.0,31.0,41.0,50.0,61.25160217285156,17.3430118560791,41.0,52.0,62.0,72.0,81.0,138.40673828125,73.33098602294922,38.0,61.0,150.0,205.0,227.0,296.3499450683594,181.0699920654297,60.0,121.0,299.0,450.0,557.0,-208.18338012695312,348.09967041015625,-880.0,-385.0,-20.0,32.0,62.0,309.1882629394531,179.16848754882812,104.0,190.0,253.0,505.0,590.0,,,,,,,
s1134,,,,,,,,,,,,,,,,,,,,,,,,,,,,,128.00660705566406,53.333465576171875,63.0,94.0,128.0,163.0,195.0,74.30316162109375,118.430908203125,-3.0,42.0,87.0,129.0,168.0,,,,,,,,,,,,,,,,,,,,,,,,,,,,,103.86872100830078,55.18113327026367,34.0,68.0,103.0,139.0,173.0,117.93468475341797,54.57500076293945,52.0,83.0,117.0,153.0,186.0,536.551025390625,126.68535614013672,366.0,483.0,561.0,618.0,663.0,47.68124008178711,107.81083679199219,-30.0,17.0,61.5,102.0,140.0,626.975341796875,380.98101806640625,151.0,263.0,636.0,950.0,1092.0,,,,,,,
s1135,-85.0128173828125,34.400299072265625,-113.0,-103.0,-92.0,-79.0,-60.0,183.1522979736328,173.01971435546875,17.0,61.0,138.0,255.0,407.0,322.5892028808594,248.40972900390625,81.0,140.0,248.0,433.0,699.0,275.3505859375,213.90560913085938,61.0,116.0,214.0,378.0,591.0,73.90499114990234,16.443483352661133,55.0,65.0,75.0,84.0,93.0,-43.37952423095703,257.52008056640625,-349.0,10.0,45.0,67.0,81.0,45.11598587036133,31.559120178222656,3.0,30.0,50.0,65.0,79.0,284.91229248046875,195.38961791992188,99.0,140.0,226.0,378.0,557.5,71.34513854980469,27.74631118774414,35.0,56.0,75.0,91.0,102.0,83.10249328613281,29.483057022094727,44.0,67.0,88.0,104.0,115.0,40.13083267211914,20.43215560913086,17.0,28.0,40.0,52.0,65.0,70.69972229003906,28.276750564575195,38.0,53.0,69.0,87.0,108.0,104.38658905029297,33.391788482666016,62.0,91.0,114.0,127.0,134.0,3.9982078075408936,106.7311019897461,-57.0,-4.0,30.0,53.0,68.0,89.90229797363281,38.034725189208984,43.0,72.0,97.0,116.0,129.0,2.8477210998535156,18.486045837402344,-18.0,-6.0,3.0,14.0,24.0
s1136,13.746124267578125,66.95149230957031,-68.0,-27.0,15.0,57.0,94.0,139.03123474121094,215.86624145507812,-67.0,0.0,90.0,218.75,405.0,210.33050537109375,313.015869140625,-51.0,17.0,115.0,282.0,632.0,215.18453979492188,318.5387878417969,-50.0,22.0,118.0,286.0,650.0,,,,,,,,-462.4665832519531,457.3638000488281,-1000.0,-953.0,-387.0,-7.0,75.0,,,,,,,,,,,,,,,,,,,,,,,,,,,,,57.355262756347656,63.392066955566406,-24.0,15.0,59.0,100.0,137.0,,,,,,,,111.2106704711914,288.76165771484375,-57.0,-1.0,59.0,124.0,218.0,,,,,,,,,,,,,,,,,,,,,
s1137,29.771137237548828,33.48801803588867,2.0,16.0,28.0,43.0,60.0,201.6668701171875,170.08596801757812,-6.0,80.0,184.0,296.0,424.0,347.3379821777344,256.3023376464844,99.0,174.0,277.0,457.0,710.0,328.3956298828125,377.1617431640625,64.0,128.0,231.0,399.0,639.0,,,,,,,,,,,,,,,,,,,,,,382.4072570800781,198.31637573242188,185.0,237.0,338.0,471.0,639.0,152.3692169189453,55.75584411621094,73.0,109.0,168.0,198.0,213.0,151.2068634033203,57.761871337890625,78.0,114.0,166.0,194.0,208.0,60.768001556396484,25.01666831970215,17.0,59.0,68.0,75.0,80.0,41.8673095703125,12.145559310913086,29.0,35.0,42.0,48.0,55.0,377.8810729980469,120.5201187133789,208.0,315.25,410.0,427.0,442.0,,,,,,,,,,,,,,,,,,,,,
s1138,,,,,,,,,,,,,,,,,,,,,,,,,,,,,,,,,,,,,,,,,,,,,,,,,,,,,,,,,,,,,,,,,,,,,,,,,,,,,,,,,,,,,379.6557922363281,109.50249481201172,242.0,329.0,394.0,451.0,500.0,21.309803009033203,180.5872344970703,-76.0,-10.0,50.0,107.0,155.0,219.98341369628906,79.25316619873047,115.9,167.0,223.0,274.0,320.10000000000014,,,,,,,
s1140,,,,,,,,,,,,,,,,,,,,,,,,,,,,,125.73358917236328,113.55683135986328,-16.899999999999636,51.0,125.0,199.0,269.0,-12.094545364379883,245.692626953125,-195.0,-67.0,30.0,120.0,202.0,52.77470016479492,139.05665588378906,-123.0,-37.0,51.0,146.0,231.0,,,,,,,,119.07047271728516,135.8522186279297,-55.0,28.0,121.0,210.0,292.0,113.23268127441406,133.8262481689453,-58.0,26.0,116.0,203.0,281.0,87.31291198730469,115.51627349853516,-57.0,11.0,86.0,162.0,234.0,91.36929321289062,106.97298431396484,-38.0,33.0,93.0,152.0,218.0,199.3779296875,129.52867126464844,61.0,133.0,201.0,261.0,318.0,31.0047550201416,99.69490814208984,-78.0,-22.0,33.0,90.0,145.0,157.93026733398438,147.33657836914062,35.0,94.0,155.0,216.0,272.0,,,,,,,
s1141,9.906221389770508,35.523746490478516,-33.0,-11.0,11.0,33.0,53.0,90.654541015625,187.93223571777344,-69.0,-29.0,39.0,150.0,298.0,209.10751342773438,296.4880676269531,-31.0,20.0,102.0,295.0,614.0,205.07244873046875,261.08544921875,-18.0,33.0,118.0,291.0,564.0,,,,,,,,,,,,,,,,,,,,,,,,,,,,,,,,,,,,,,,,,,,,,,,,,,37.24686050415039,33.606204986572266,-4.0,16.0,36.0,59.0,81.0,67.6193618774414,109.16313934326172,3.0,25.0,50.0,78.0,111.0,,,,,,,,,,,,,,,,,,,,,
s1142,,,,,,,,,,,,,,,,,,,,,,,,,,,,,69.90775299072266,45.41631317138672,13.0,40.0,69.0,99.0,128.0,0.14380909502506256,111.06438446044922,-71.0,-15.0,19.0,50.0,77.0,48.56337356567383,49.10774612426758,-11.0,19.0,50.0,78.0,105.0,188.73983764648438,216.87342834472656,14.0,52.0,117.0,245.0,452.0,108.21957397460938,60.296138763427734,26.0,66.0,115.0,152.0,181.0,91.0458755493164,59.0383415222168,13.0,52.0,95.0,133.0,162.0,29.313844680786133,34.66661071777344,-13.0,7.0,29.0,51.0,72.0,50.06884002685547,42.428863525390625,0.0,24.0,48.0,74.0,102.0,224.93560791015625,201.10110473632812,16.0,49.0,166.0,404.0,450.0,19.1424617767334,106.36750793457031,-29.0,4.0,34.0,60.0,84.0,297.2164306640625,148.13369750976562,85.0,152.0,333.0,425.0,467.0,1.640918254852295,33.319549560546875,-40.0,-20.0,1.0,23.0,43.0
s1143,14.72852611541748,52.337345123291016,-53.0,-16.0,18.0,50.0,78.0,278.6761779785156,226.990478515625,41.0,113.0,220.0,401.0,608.0,388.161376953125,285.32586669921875,100.0,169.0,302.0,549.0,830.0,374.9828186035156,282.18902587890625,96.0,163.0,284.0,529.0,816.0,112.73075866699219,43.39519500732422,59.0,88.0,116.0,141.0,164.0,-22.0836124420166,209.20558166503906,-60.0,-9.0,26.0,57.0,84.0,76.512939453125,44.23637008666992,19.0,48.0,78.0,106.0,131.0,405.2388916015625,291.69671630859375,129.0,191.0,307.0,541.0,870.0,114.64301300048828,49.7966423034668,50.30000000000018,84.0,118.0,148.0,176.0,109.12067413330078,52.36225509643555,41.0,77.0,113.0,145.0,172.20000000000073,108.30061340332031,42.814083099365234,55.0,81.0,108.0,136.0,162.0,87.16471862792969,49.44767761230469,23.0,53.0,87.0,121.0,150.0,116.80998229980469,51.7226448059082,59.0,92.0,120.0,144.0,165.0,17.656770706176758,91.71583557128906,-33.0,0.0,28.0,56.0,83.0,116.32340240478516,39.349525451660156,67.0,93.0,119.0,143.0,163.0,53.255279541015625,45.93656539916992,-4.0,20.0,53.0,87.0,114.20000000000005
s1144,,,,,,,,,,,,,,,,,,,,,,,,,,,,,128.03125,59.97580337524414,58.0,101.0,136.0,166.0,192.0,7.427648544311523,245.97850036621094,-82.0,15.0,70.0,114.0,152.0,72.0587387084961,67.6217269897461,-14.0,30.0,76.0,117.0,153.0,,,,,,,,202.10340881347656,73.2214584350586,102.9,159.0,212.0,252.0,286.0,183.9628448486328,80.74002838134766,76.0,131.0,194.0,243.0,278.0,82.8418197631836,50.834346771240234,23.0,53.0,83.0,113.0,144.0,177.98301696777344,62.281009674072266,98.0,142.75,183.0,218.0,250.0,183.49720764160156,80.86798858642578,105.0,155.0,189.0,216.0,239.0,-18.537311553955078,224.80520629882812,-149.0,-9.0,43.0,84.0,117.0,173.1141815185547,57.546138763427734,97.0,139.0,182.0,213.0,238.0,6.160220146179199,49.08964538574219,-55.0,-23.0,7.0,38.0,65.10000000000036
s1145,18.02593231201172,44.0620231628418,-36.0,-8.0,19.0,47.0,72.0,171.5728302001953,175.8607940673828,-7.0,46.0,133.0,252.0,404.0,285.1980285644531,240.84127807617188,59.0,116.0,206.0,393.0,646.0,337.4062805175781,264.5677185058594,85.0,147.0,250.0,465.0,736.0,117.45452117919922,34.75946807861328,75.0,97.0,119.0,140.0,160.0,74.57559967041016,120.40245056152344,24.0,62.0,94.0,123.0,146.0,103.25897216796875,43.20455551147461,49.0,76.0,104.0,132.0,157.0,291.5133056640625,225.12835693359375,87.0,137.0,230.0,370.0,577.2000000000007,159.68458557128906,48.62083435058594,96.0,130.0,164.0,193.0,218.0,157.15493774414062,50.631629943847656,90.0,126.0,162.0,192.0,217.0,116.93049621582031,36.37922286987305,74.0,96.0,118.0,139.0,159.0,134.7746124267578,45.89426040649414,71.0,105.0,140.0,168.0,189.0,153.8464813232422,42.6705436706543,93.0,135.0,162.0,182.0,199.0,13.660079956054688,110.64996337890625,-37.0,0.0,30.0,58.5,86.0,150.21263122558594,45.81673812866211,88.0,123.0,158.0,183.0,201.0,19.827394485473633,32.60115432739258,-21.0,-2.0,19.0,41.0,62.0
s1146,,,,,,,,,,,,,,,,,,,,,,,,,,,,,134.6975555419922,106.13865661621094,1.0,65.0,135.0,204.0,268.0,83.98882293701172,122.27452087402344,-67.0,5.0,83.0,164.0,236.0,108.72218322753906,140.19091796875,-69.0,18.0,109.5,197.0,286.0,,,,,,,,,,,,,,,174.84779357910156,142.90826416015625,-2.0,83.0,176.0,267.0,354.0,100.68618774414062,114.91451263427734,-41.0,27.0,100.0,173.0,244.0,153.42019653320312,121.00114440917969,5.0,85.0,157.0,223.0,298.0,150.3686065673828,135.25650024414062,36.0,93.0,148.0,200.0,252.0,-43.80284881591797,336.0501708984375,-626.3999999999996,-43.0,49.0,126.0,209.0,143.8389434814453,92.60807037353516,38.0,92.0,147.0,201.0,249.0,,,,,,,
s1147,,,,,,,,,,,,,,,,,,,,,,,,,,,,,,,,,,,,,,,,,,,,,,,,,,,,,,,,,,,,,,,,,,,,,,,,,,,,,,,,,,,,,274.6196594238281,108.1399154663086,140.0,211.0,278.0,344.0,402.0,19.776508331298828,157.14332580566406,-116.0,-19.0,46.0,97.0,157.0,,,,,,,,,,,,,,
s1149,21.849620819091797,44.98069381713867,-1.0,9.0,20.0,31.0,43.0,158.43357849121094,158.6919708251953,8.0,52.0,124.0,215.0,341.0,265.09246826171875,203.3349609375,73.0,124.0,210.0,340.0,550.0,264.0542297363281,200.78482055664062,78.0,127.0,206.0,340.0,537.0,116.1054916381836,22.126554489135742,93.0,108.0,119.0,129.0,138.0,-103.49946594238281,366.9472351074219,-945.0,12.0,68.0,92.0,107.0,68.81387329101562,30.02533531188965,28.0,50.0,72.0,90.0,104.0,356.7165832519531,193.98414611816406,148.0,220.0,321.0,443.0,614.0,94.3722152709961,36.12657928466797,50.0,70.0,96.0,123.0,139.0,99.24624633789062,35.4533805847168,55.0,73.0,101.0,128.0,144.0,81.05498504638672,18.738622665405273,59.0,70.0,82.0,93.0,103.0,73.87789916992188,20.525083541870117,48.0,61.0,74.0,87.0,99.0,167.84071350097656,182.21022033691406,74.0,106.0,127.0,150.0,237.0,35.67129898071289,65.3241195678711,1.0,24.0,45.0,62.0,77.0,94.13302612304688,65.81175231933594,63.0,82.0,98.0,116.0,134.0,,,,,,,
s1151,36.44511795043945,45.07992172241211,13.0,22.0,33.0,48.0,62.0,207.39956665039062,179.8960723876953,26.0,80.0,165.0,287.0,439.0,301.1515197753906,257.4859924316406,68.0,122.0,216.0,404.0,677.0,331.896240234375,287.87530517578125,69.0,128.0,232.0,457.0,754.0,,,,,,,,,,,,,,,,,,,,,,308.6002197265625,249.59288024902344,92.0,135.0,227.0,404.0,636.0,149.06817626953125,36.00474166870117,94.0,124.0,161.0,176.0,186.0,145.9059600830078,30.451871871948242,98.0,130.0,154.0,167.0,178.0,112.00525665283203,14.486984252929688,94.0,103.0,112.0,121.0,129.0,133.7195587158203,15.150826454162598,114.0,125.0,135.0,144.0,151.0,172.60174560546875,152.69345092773438,105.0,130.0,145.0,158.0,185.5,,,,,,,,,,,,,,,,,,,,,
s1152,-16.314767837524414,82.3592758178711,-130.0,-64.0,-3.0,40.0,76.0,152.89552307128906,201.85885620117188,-40.0,13.0,100.0,233.0,420.0,373.82208251953125,581.9326782226562,8.0,73.0,183.0,444.0,900.0,262.20989990234375,355.3775634765625,-2.0,59.0,153.0,348.0,711.6999999999971,92.93788146972656,44.59534454345703,37.0,65.0,94.0,122.0,148.0,51.3607177734375,174.46656799316406,-16.0,25.0,66.0,105.0,142.0,67.65564727783203,58.35182571411133,-7.0,30.0,69.0,107.0,140.0,286.1434020996094,257.68157958984375,47.0,106.0,206.0,392.0,669.0,127.14469909667969,64.61263275146484,39.0,88.0,133.0,172.0,204.0,137.4540557861328,59.011329650878906,61.0,102.0,142.0,178.0,208.0,79.32098388671875,47.76188278198242,21.0,49.0,80.0,110.0,138.0,91.18106079101562,46.01078414916992,32.0,62.0,92.0,122.0,148.0,190.42514038085938,58.91768264770508,110.0,162.0,201.0,230.0,251.0,2.443634033203125,174.50038146972656,-20.0,12.0,37.0,61.0,83.0,131.0733642578125,49.422061920166016,68.0,100.0,133.0,165.0,192.0,,,,,,,
s1153,,,,,,,,,,,,,,,415.59588623046875,223.0465087890625,150.0,221.0,385.0,577.0,730.0,445.5932922363281,228.18368530273438,180.0,249.0,410.0,617.0,773.2000000000003,75.02775573730469,16.92977523803711,56.0,66.0,76.0,85.0,94.0,27.173404693603516,164.3802032470703,-61.0,48.0,73.0,88.0,100.0,74.0919189453125,18.454872131347656,51.0,62.0,74.0,86.0,97.0,394.86004638671875,256.23089599609375,155.0,208.0,317.0,490.0,802.0,126.95266723632812,82.43598175048828,80.0,101.0,120.0,137.0,158.0,115.45463562011719,34.25074768066406,76.0,99.0,117.0,134.0,153.0,80.23222351074219,15.9319429397583,61.0,71.0,81.0,90.0,99.0,87.98147583007812,18.52432632446289,64.0,77.0,89.0,100.0,110.0,79.66154479980469,28.793659210205078,51.0,68.0,82.0,95.0,106.0,-5.917197227478027,83.61692810058594,-65.0,-19.0,9.0,31.0,51.0,74.97669219970703,54.34918212890625,49.0,70.0,85.0,96.0,104.0,18.26095962524414,15.827437400817871,-1.0,7.0,18.0,28.0,39.0
s1154,,,,,,,,,,,,,,,,,,,,,,,,,,,,,,,,,,,,,,,,,,,,,,,,,,,,,,,,,,,,,,,,,,,,,,,,,,,,,,,,,,,,,369.5831604003906,104.48844146728516,240.0,325.0,385.0,437.0,481.0,0.3214195966720581,155.34840393066406,-84.0,-21.0,27.0,72.0,112.0,,,,,,,,,,,,,,
s1155,,,,,,,,,,,,,,,,,,,,,,,,,,,,,88.21395874023438,130.7266845703125,-75.0,3.0,88.0,173.0,252.0,-113.05118560791016,380.4434509277344,-914.0,-123.0,16.0,116.0,201.0,50.33863067626953,135.68617248535156,-123.0,-40.0,51.0,142.0,223.0,,,,,,,,127.99071502685547,129.10403442382812,-36.0,45.0,128.0,213.0,291.0,125.13813781738281,129.51759338378906,-37.0,42.0,124.0,210.0,288.0,74.45772552490234,115.27264404296875,-70.0,0.0,74.0,149.0,219.0,78.97329711914062,132.11485290527344,-85.0,-8.0,77.0,164.0,247.0,160.0416259765625,109.56886291503906,23.0,91.0,161.0,231.0,295.0,-34.09512710571289,244.0315704345703,-240.0,-78.0,15.0,95.0,170.0,128.9926300048828,118.88276672363281,-21.0,51.0,130.0,208.0,278.0,25.874141693115234,121.173828125,-123.0,-56.0,22.0,105.0,179.0
s1156,10.062905311584473,25.041536331176758,-20.0,0.0,14.0,26.0,36.0,167.56756591796875,163.82713317871094,3.0,48.0,126.0,243.0,392.0,337.312744140625,475.45587158203125,50.0,97.0,208.0,404.0,668.0,349.2597961425781,203.68760681152344,93.0,176.0,324.0,504.0,643.0,,,,,,,,,,,,,,,,,,,,,,,,,,,,,,,,,,,,,,,,,,,,,,,,,,,,,,,,,,,,,,,,,,,,,,,,,,,,,,,,,,,,
s1157,,,,,,,,,,,,,,,,,,,,,,,,,,,,,39.33203125,27.88638687133789,4.0,22.0,40.0,58.0,74.0,-38.1579704284668,231.93792724609375,-126.0,0.0,29.0,52.0,71.0,42.308311462402344,32.847434997558594,0.0,21.0,43.0,64.0,84.0,,,,,,,,31.559803009033203,29.707975387573242,-5.0,11.0,32.0,51.0,69.0,28.62016487121582,33.937374114990234,-14.699999999999932,6.0,29.0,52.0,71.0,62.152976989746094,29.36832046508789,25.0,43.0,63.0,82.0,99.0,37.291996002197266,45.78895568847656,-3.0,17.0,38.0,61.0,82.0,35.69853973388672,30.149932861328125,0.0,18.0,37.0,55.0,71.0,-15.034343719482422,182.6504364013672,-50.0,0.0,29.0,53.0,75.0,35.755470275878906,26.809167861938477,3.0,19.0,36.0,53.0,68.0,17.958498001098633,32.293174743652344,-24.0,-3.0,18.0,40.0,59.0
s1158,,,,,,,,,,,,,,,,,,,,,,,,,,,,,34.37025833129883,64.65064239501953,-47.0,-8.0,34.0,77.0,116.0,-4.228786468505859,130.42860412597656,-90.0,-37.0,12.0,59.0,101.0,12.48730754852295,66.20841979980469,-73.0,-30.0,13.5,57.0,95.0,,,,,,,,10.011146545410156,68.70886993408203,-73.0,-34.25,7.5,55.25,97.0,,,,,,,,46.009254455566406,66.09026336669922,-37.0,2.0,45.0,89.0,130.0,103.0865249633789,75.74890899658203,6.0,52.0,103.0,154.0,200.0,170.04795837402344,75.58810424804688,65.0,125.0,182.0,224.0,254.90000000000146,25.729463577270508,66.02908325195312,-46.0,-8.0,29.0,64.0,96.0,169.9085235595703,104.82221984863281,27.0,87.0,178.0,251.0,302.0,5.536277770996094,54.09627151489258,-64.0,-32.0,3.0,42.0,75.0
s1159,27.731063842773438,30.82672691345215,-9.0,10.0,29.0,47.0,64.0,237.41961669921875,205.06613159179688,47.0,105.0,188.0,312.0,486.0,382.52239990234375,351.3438720703125,91.0,158.0,258.0,469.0,938.0,404.6195373535156,357.60888671875,99.0,172.0,280.0,503.0,986.0,189.32936096191406,39.13231658935547,143.0,169.0,192.0,214.0,234.0,-177.935546875,419.8789367675781,-961.0,-362.0,41.0,97.0,136.0,137.07412719726562,39.56581497192383,87.0,112.0,138.0,163.0,186.0,415.97564697265625,300.36883544921875,180.0,231.0,311.0,479.0,830.0,225.6998291015625,52.180335998535156,153.0,195.0,235.0,263.0,283.0,214.64602661132812,52.763851165771484,142.0,183.0,223.0,253.0,274.0,134.51461791992188,31.3942813873291,96.0,114.0,134.0,155.0,174.0,182.0336151123047,33.34290313720703,139.0,161.0,184.0,204.0,222.0,262.7816162109375,53.470645904541016,191.0,241.0,275.0,299.0,316.0,69.364501953125,58.900699615478516,31.0,52.0,73.0,94.0,115.0,202.19924926757812,53.1909294128418,131.0,170.0,209.0,240.0,265.0,33.693172454833984,31.973060607910156,-5.0,11.0,32.0,54.0,75.0
s1161,4.107964992523193,19.32391357421875,-15.0,-2.0,6.0,15.0,23.0,150.42808532714844,158.303466796875,3.0,44.0,112.0,211.0,331.0,349.8579406738281,414.3725891113281,54.0,98.0,203.0,458.0,856.0,249.61328125,231.10301208496094,54.0,93.0,166.0,325.0,585.0,105.53170013427734,19.705354690551758,87.0,100.0,109.0,117.0,123.0,28.376243591308594,38.46809768676758,8.0,16.0,25.0,38.0,65.0,79.84891510009766,29.11032485961914,38.0,65.0,86.0,100.0,111.0,267.68109130859375,204.242431640625,73.0,113.0,209.0,362.0,555.0,135.1107177734375,33.8494758605957,87.0,114.0,145.0,160.0,170.0,138.00680541992188,37.87366485595703,84.0,114.0,150.0,166.0,176.0,99.77882385253906,17.251140594482422,85.0,94.0,102.0,109.0,116.0,100.35486602783203,29.280454635620117,63.0,79.0,103.0,124.0,136.0,146.419921875,66.05738830566406,83.0,129.0,152.0,168.0,179.0,19.540119171142578,144.872802734375,10.0,29.0,47.0,62.0,76.0,113.13004302978516,36.11713790893555,63.0,96.0,122.0,138.0,150.0,26.018714904785156,18.68782615661621,5.0,14.0,24.0,36.0,49.0
s1162,,,,,,,,,,,,,,,,,,,,,,,,,,,,,103.28428649902344,128.94163513183594,-56.0,20.0,103.0,186.0,265.0,71.10118103027344,178.4162139892578,-106.0,-12.0,82.0,174.0,261.0,92.02713775634766,166.3351287841797,-121.0,-18.0,91.0,202.0,302.0,,,,,,,,150.6803436279297,175.4791259765625,-70.19999999999993,34.0,151.0,267.0,371.0,148.908203125,173.47669982910156,-72.0,36.0,149.0,263.0,368.0,103.73596954345703,136.5124053955078,-65.0,18.0,103.0,189.0,273.0,116.2164077758789,148.28451538085938,-63.0,33.0,121.0,201.0,288.0,110.01587677001953,130.74765014648438,-26.0,44.0,114.0,184.0,252.0,25.91703224182129,168.91567993164062,-116.59999999999991,-37.0,40.0,115.0,186.0,118.45669555664062,96.33515930175781,1.0,59.0,119.0,180.0,236.0,41.57720184326172,153.45558166503906,-155.8,-51.0,49.0,142.0,230.60000000000014
s1163,,,,,,,,,,,,,,,,,,,,,,,,,,,,,,,,,,,,,,,,,,,,,,,,,,,,,,,,,,,,,,,,,,,,,,,,,,,,,,,,,,,,,386.16192626953125,68.98655700683594,330.0,378.0,402.0,422.0,439.0,-15.58218765258789,161.66433715820312,-116.0,-10.0,25.0,54.0,77.0,,,,,,,,,,,,,,
s1164,,,,,,,,,,,,,,,,,,,,,,,,,,,,,110.73067474365234,41.760372161865234,62.0,88.0,113.0,137.0,158.0,-128.8023681640625,370.5453796386719,-966.0,-35.0,22.0,68.0,105.0,88.34407806396484,55.371315002441406,17.0,62.0,94.0,122.0,149.0,,,,,,,,146.05593872070312,62.3584098815918,63.0,111.0,155.0,189.0,216.0,155.07177734375,58.10074234008789,74.0,120.0,164.0,196.0,221.0,106.9129638671875,46.49308776855469,55.0,82.0,107.0,133.0,159.0,142.7971649169922,66.25962829589844,66.0,104.0,147.5,184.0,209.0,163.60464477539062,106.7225341796875,92.0,134.0,161.0,182.0,202.0,58.550907135009766,70.02926635742188,5.0,35.0,65.0,92.0,116.0,147.32484436035156,50.3062629699707,81.0,118.0,157.0,182.0,202.0,41.707881927490234,29.51699447631836,6.5,22.0,42.0,62.25,78.0
s1165,,,,,,,,,,,,,,,120.46348571777344,256.3442687988281,-166.8,-47.5,80.0,250.0,468.8000000000002,167.6905517578125,288.8907165527344,-150.0,-33.0,115.0,310.5,576.2000000000003,41.1291618347168,168.38314819335938,-173.0,-70.0,41.0,152.0,254.0,16.033443450927734,179.45741271972656,-212.0,-103.0,17.0,133.0,244.0,21.130556106567383,182.3257598876953,-209.0,-100.0,20.0,139.0,248.0,216.26235961914062,309.1561279296875,-112.0,10.0,162.0,354.0,614.0,25.395122528076172,166.5612030029297,-186.0,-85.0,25.0,136.0,236.0,24.29828643798828,163.65599060058594,-183.0,-84.0,23.0,134.0,232.0,57.509891510009766,185.72579956054688,-178.0,-65.0,57.0,180.0,293.0,30.198759078979492,175.1933135986328,-192.0,-84.0,31.0,146.0,253.0,34.643653869628906,163.1165771484375,-164.0,-68.0,33.0,134.0,230.0,0.08172157406806946,200.32899475097656,-196.0,-86.0,18.5,116.0,209.0,23.184091567993164,156.547119140625,-175.0,-80.0,23.0,126.0,222.0,,,,,,,
s1167,,,,,,,,,,,,,,,,,,,,,,,,,,,,,42.49031066894531,27.600082397460938,14.0,29.0,44.0,59.0,72.0,-51.55150604248047,240.58041381835938,-174.0,-9.0,21.0,44.0,64.0,32.28022384643555,28.118497848510742,-2.0,16.0,33.0,50.0,66.0,,,,,,,,23.879131317138672,27.781038284301758,-8.0,8.0,25.0,42.0,56.0,21.519412994384766,29.644174575805664,-12.0,6.0,23.0,40.0,56.0,56.16225814819336,31.772750854492188,24.0,41.0,58.0,74.0,89.0,23.38519287109375,60.90635299682617,-10.0,9.0,28.0,46.0,64.0,30.573753356933594,27.215564727783203,3.0,18.0,31.0,45.0,59.0,6.972723007202148,127.67124938964844,-24.0,5.0,30.0,52.0,74.0,30.760812759399414,27.32090187072754,0.0,15.0,31.0,47.0,62.0,,,,,,,
s1168,,,,,,,,,,,,,,,,,,,,,,,,,,,,,,,,,,,,,,,,,,,,,,,,,,,,,,,,,,,,,,,,,,,,,,,,,,,,,,,,,,,,,,,,,,,,48.934871673583984,43.281429290771484,-4.0,22.0,51.0,78.0,103.0,,,,,,,,,,,,,,
s1169,,,,,,,,,,,,,,,,,,,,,,,,,,,,,,,,,,,,,,,,,,,,,,,,,,,,,,,,,,,,,,,,,,,,,,,,,,,,,,,,,,,,,76.11248779296875,281.9764099121094,-282.59999999999997,-113.0,78.0,258.0,443.20000000000005,-64.32307434082031,341.98736572265625,-542.0,-249.5,-29.0,164.0,330.0,,,,,,,,,,,,,,
s1170,6.881903648376465,83.33921813964844,-65.0,-27.0,10.0,49.0,87.0,,,,,,,,240.9850311279297,367.42462158203125,-52.0,22.0,122.0,315.0,781.0,198.8951416015625,178.10226440429688,19.80000000000001,81.0,158.0,281.0,433.0,,,,,,,,,,,,,,,,,,,,,,,,,,,,,,,,,,,,,,,,,,,,,,,,,,,,,,,,,,,,,,,,,,,,,,,,,,,,,,,,,,,,
s1171,,,,,,,,511.2701721191406,260.93402099609375,227.3,318.75,447.0,667.25,898.7,576.70556640625,383.2939147949219,170.4000000000001,263.0,460.0,881.0,1163.0,536.4284057617188,346.52001953125,183.0,274.0,421.0,789.0,1085.0,178.83555603027344,37.87126159667969,136.0,159.0,181.0,203.0,222.0,-55.13750457763672,314.2286376953125,-784.0,3.0,43.0,89.0,129.0,136.12405395507812,39.93918991088867,86.0,111.0,137.0,162.0,185.0,533.9609375,310.761474609375,261.0,320.0,422.5,655.0,1027.0,230.73081970214844,55.75664138793945,156.0,200.0,238.0,269.0,294.0,233.77024841308594,53.56095886230469,164.0,206.0,242.0,270.0,293.0,127.68186950683594,37.592124938964844,81.0,103.0,128.0,152.0,175.0,150.24465942382812,42.652862548828125,94.0,123.0,152.0,179.0,203.0,285.62109375,61.16682052612305,203.0,264.0,299.0,325.0,346.0,-25.073753356933594,218.35848999023438,-241.0,-15.0,42.0,79.0,111.0,213.5565948486328,72.6685562133789,120.0,167.0,215.0,265.0,307.0,35.750850677490234,38.436195373535156,-12.0,9.0,35.0,61.0,85.0
s1172,,,,,,,,,,,,,,,,,,,,,,,,,,,,,132.58262634277344,24.55133628845215,101.0,118.0,135.0,149.0,160.0,11.438279151916504,224.40084838867188,-3.0,41.0,71.0,93.0,108.0,127.80297088623047,24.21271514892578,100.0,115.0,128.0,141.0,154.0,,,,,,,,,,,,,,,159.82655334472656,45.29805374145508,91.0,124.0,171.0,196.0,211.0,90.91165924072266,20.851999282836914,66.0,78.0,90.0,103.0,116.0,120.50323486328125,30.675846099853516,80.0,99.0,122.0,142.0,158.0,255.04835510253906,49.19393539428711,177.0,247.0,269.0,285.0,297.0,35.020084381103516,116.25338745117188,6.0,39.0,56.0,71.0,85.0,182.75096130371094,78.46955108642578,88.0,121.0,170.0,258.0,295.0,,,,,,,
s1173,,,,,,,,,,,,,,,,,,,,,,,,,,,,,133.2666473388672,175.4161376953125,-83.0,24.0,132.0,243.0,352.0,46.84224319458008,208.75714111328125,-137.0,-35.0,66.0,164.0,255.0,112.10894012451172,164.99114990234375,-97.0,3.0,111.0,219.0,323.0,,,,,,,,171.07281494140625,203.83592224121094,-84.0,35.0,173.0,306.0,426.0,175.08326721191406,209.6603546142578,-89.0,40.0,175.0,312.0,441.0,104.06177520751953,153.90399169921875,-87.0,5.0,103.0,202.0,297.0,126.19001770019531,136.90603637695312,-39.0,46.0,128.0,206.0,290.60000000000036,201.26402282714844,111.02079010009766,64.0,138.0,207.0,269.0,326.0,37.390953063964844,184.0623779296875,-91.0,-11.0,58.0,126.0,195.60000000000036,150.61500549316406,104.33670043945312,20.0,84.0,152.0,218.0,280.0,,,,,,,
s1174,10.694682121276855,25.97484588623047,-11.0,7.0,14.0,21.0,35.0,257.4156494140625,178.4776611328125,52.0,121.0,229.0,359.0,501.0,415.4526062011719,227.5789337158203,158.0,242.0,374.0,555.0,739.0,417.5294494628906,233.59356689453125,148.0,238.0,378.0,564.0,749.0,83.8046646118164,38.03057098388672,23.0,56.0,102.0,109.0,115.0,29.71537971496582,128.41737365722656,11.0,31.0,58.0,72.0,81.0,70.0768814086914,28.696428298950195,29.0,56.0,76.0,89.0,100.0,405.1357727050781,213.8390655517578,185.0,240.0,355.0,510.0,704.0,124.78206634521484,28.739578247070312,82.0,119.0,135.0,142.0,148.0,122.09149932861328,29.158626556396484,77.0,113.0,132.0,141.0,147.0,95.7136001586914,18.637022018432617,82.0,90.0,97.0,104.0,111.0,111.05338287353516,27.170080184936523,78.0,101.0,113.0,124.0,144.0,126.08380889892578,35.595855712890625,76.0,116.0,139.0,147.0,152.0,27.26774787902832,69.30770111083984,-23.0,17.5,45.0,61.0,72.0,110.7755355834961,37.6630744934082,62.0,92.0,120.0,139.0,147.0,20.896413803100586,20.881433486938477,2.0,8.0,16.0,28.0,50.0
s1175,,,,,,,,,,,,,,,,,,,,,,,,,,,,,38.4205436706543,18.59429168701172,20.0,32.0,41.0,49.0,56.0,32.36644744873047,16.696880340576172,12.0,24.0,34.0,43.0,51.0,,,,,,,,,,,,,,,11.271528244018555,21.806238174438477,-19.0,-1.0,14.0,27.0,37.0,,,,,,,,45.24319839477539,15.302106857299805,27.0,36.0,46.0,55.0,63.0,33.09404754638672,16.749122619628906,15.0,25.0,34.0,43.0,52.0,30.548492431640625,49.52603530883789,2.0,15.0,27.0,39.0,54.0,16.615617752075195,30.424503326416016,-20.0,-1.0,17.0,34.0,51.0,28.36490821838379,19.192502975463867,10.0,22.0,31.0,39.0,46.0,,,,,,,
s1176,,,,,,,,,,,,,,,,,,,,,,,,,,,,,70.99736022949219,53.74092102050781,46.0,60.0,75.0,89.0,102.0,-42.617523193359375,226.10501098632812,-43.0,-12.0,11.0,38.0,62.0,50.80448913574219,30.36643409729004,12.0,33.0,53.0,71.0,87.0,387.66180419921875,215.66041564941406,186.0,229.0,313.0,488.0,737.0,89.09345245361328,27.811969757080078,55.0,71.0,89.0,107.0,124.0,54.44254684448242,23.39146614074707,25.0,40.0,55.0,70.0,83.0,76.55256652832031,23.132400512695312,47.0,62.0,77.0,92.0,105.0,67.73487091064453,24.433818817138672,37.0,52.0,68.0,84.0,98.0,70.38448333740234,24.89923667907715,42.0,58.0,72.0,86.0,98.0,-38.268314361572266,229.04196166992188,-296.79999999999995,12.0,41.0,60.0,75.0,69.76476287841797,24.928890228271484,43.0,57.0,71.0,84.0,97.0,10.104447364807129,20.880861282348633,-16.0,-3.0,10.0,23.0,36.0
s1178,-15.97877025604248,48.57866668701172,-90.0,-59.0,2.0,21.0,34.0,111.79024505615234,124.19420623779297,-6.0,31.0,85.0,157.0,248.0,121.93671417236328,156.7219696044922,-21.0,19.0,77.0,175.0,322.0,126.01690673828125,277.8331604003906,-31.0,18.0,77.0,161.0,285.0,34.598976135253906,21.837072372436523,14.0,29.0,38.0,47.0,54.0,-226.06002807617188,391.3408508300781,-965.0,-348.0,0.0,16.0,26.0,-2.8008203506469727,24.969989776611328,-38.0,-17.0,1.0,15.0,26.0,,,,,,,,,,,,,,,,,,,,,,-14.121010780334473,15.728693008422852,-33.0,-24.0,-14.0,-4.0,5.0,21.19451141357422,20.710433959960938,-9.0,10.0,25.0,35.0,44.0,41.335018157958984,45.24697494506836,18.0,32.0,41.0,48.0,56.0,-68.35230255126953,204.69471740722656,-328.9,-56.0,5.0,35.0,54.0,30.42737579345703,18.12687110900879,7.0,24.0,34.0,42.0,48.0,,,,,,,
s1179,,,,,,,,,,,,,,,,,,,,,,,,,,,,,138.69223022460938,54.44895553588867,69.0,102.0,139.0,176.0,208.0,63.16225814819336,74.60496520996094,4.0,36.0,69.0,100.0,127.0,,,,,,,,,,,,,,,,,,,,,,,,,,,,,81.67713165283203,42.21348571777344,29.0,54.0,81.0,109.0,134.0,62.634620666503906,50.12123107910156,3.0,33.0,64.0,94.0,123.0,482.1022033691406,112.1212387084961,343.0,468.0,509.0,542.0,571.0,-208.01454162597656,392.9493408203125,-910.0,-505.0,5.0,72.0,112.0,312.08123779296875,140.19815063476562,124.0,203.0,307.0,431.0,506.0,,,,,,,
s1182,,,,,,,,,,,,,,,,,,,,,,,,,,,,,79.86123657226562,29.668203353881836,41.0,65.0,84.0,99.0,113.0,66.38689422607422,35.38768005371094,23.0,46.0,69.0,90.0,107.0,,,,,,,,,,,,,,,,,,,,,,,,,,,,,101.24143981933594,26.58353614807129,69.0,86.0,102.0,118.0,133.0,118.470947265625,28.473041534423828,83.0,103.0,121.0,137.0,151.0,124.19697570800781,48.47934341430664,76.0,111.0,130.0,144.0,156.0,-41.816444396972656,217.9369659423828,-294.0,-15.0,34.0,60.0,81.0,113.22865295410156,33.930076599121094,70.0,97.0,119.0,136.0,149.0,,,,,,,
s1183,-14.225375175476074,45.55569839477539,-90.0,-38.0,-2.0,19.0,35.0,174.34898376464844,156.6931915283203,-4.0,56.0,153.0,260.0,379.0,258.2978820800781,193.96275329589844,64.0,117.0,208.0,348.0,533.0,271.16259765625,203.57418823242188,65.0,124.0,219.0,369.0,555.0,28.599294662475586,22.03502082824707,0.0,15.0,31.0,44.0,54.0,-119.55196380615234,337.0216064453125,-930.0,-18.0,11.0,30.0,46.0,8.931923866271973,26.999361038208008,-27.0,-5.0,12.0,27.0,40.0,262.6378173828125,192.1273193359375,94.0,129.0,203.0,331.0,515.0,20.53173828125,19.962522506713867,-4.0,11.0,23.0,34.0,43.0,17.865428924560547,20.9959716796875,-9.0,7.0,20.0,32.0,41.0,36.5313606262207,26.307958602905273,3.0,23.0,41.0,53.0,63.0,24.41691780090332,19.17445182800293,0.0,13.0,26.0,37.0,47.0,25.85569190979004,29.103654861450195,-1.0,13.0,26.0,38.0,50.0,-3.120701551437378,125.29708099365234,-57.0,-17.0,9.0,35.0,77.0,26.503765106201172,63.53108596801758,4.0,18.0,31.0,43.0,54.0,13.182849884033203,14.363348960876465,-3.799999999999997,3.0,13.0,22.0,33.0
s1184,,,,,,,,,,,,,,,,,,,,,,,,,,,,,,,,,,,,,,,,,,,,,,,,,,,,,,,,,,,,,,,,,,,,,,,,,,,,,,,,,,,,,532.8414916992188,163.90090942382812,344.0,468.0,555.0,626.0,685.0,28.469284057617188,130.02041625976562,-79.0,-20.0,40.0,97.0,146.0,158.63600158691406,80.06715393066406,53.0,107.0,159.0,213.0,257.0,,,,,,,
s1185,,,,,,,,,,,,,,,,,,,,,,,,,,,,,,,,,,,,,,,,,,,,,,,,,,,,,,,,,,,,,,,,,,,,,,,,,,,,,,,,,,,,,,,,,,,,31.295612335205078,70.47975158691406,-14.5,22.25,43.0,63.0,81.0,,,,,,,,,,,,,,
s1187,-17.60767936706543,46.086795806884766,-92.0,-44.0,-7.0,16.0,33.0,176.28033447265625,159.57498168945312,-5.0,57.0,155.0,263.0,384.0,264.3905944824219,203.1600341796875,61.0,115.0,209.0,362.0,558.0,272.64044189453125,206.3073272705078,62.0,121.0,219.0,376.0,568.0,26.90583610534668,22.946529388427734,-4.0,13.0,30.0,43.0,53.0,-196.28013610839844,381.236328125,-979.0,-59.0,-6.0,13.0,32.0,11.420380592346191,27.490407943725586,-25.0,-3.0,15.0,30.0,43.0,260.3182067871094,194.2007293701172,89.0,128.0,205.0,325.0,510.0,20.633853912353516,21.661876678466797,-6.0,9.0,22.0,35.0,46.0,19.400543212890625,22.012048721313477,-8.0,8.0,21.0,34.0,45.0,50.98895263671875,19.31458854675293,27.0,41.0,52.0,64.0,73.0,24.636455535888672,20.277803421020508,0.0,12.0,25.0,38.0,49.0,27.534822463989258,28.265579223632812,1.0,16.0,28.0,40.0,51.0,1.6361850500106812,48.723480224609375,-34.0,-12.0,6.0,25.0,42.0,26.241586685180664,20.672504425048828,2.0,16.0,28.0,39.0,49.0,,,,,,,
s1189,,,,,,,,,,,,,,,289.39593505859375,197.6733856201172,77.0,132.0,233.0,418.0,583.0,,,,,,,,99.1064453125,26.375226974487305,63.0,79.0,101.0,119.0,132.0,-288.2513427734375,420.4314270019531,-982.0,-790.0,-21.0,24.0,47.0,64.39476013183594,17.717567443847656,43.0,54.0,65.0,74.0,84.0,289.825927734375,232.98973083496094,84.0,122.0,217.0,376.0,606.0,110.62544250488281,40.2273063659668,50.0,76.0,123.0,142.0,154.0,109.71441650390625,40.044246673583984,51.0,75.0,121.0,141.0,154.0,62.5313720703125,14.469399452209473,46.0,54.0,63.0,71.0,79.0,67.22732543945312,36.208518981933594,30.0,41.0,58.0,88.0,117.0,266.669921875,57.19965362548828,183.0,253.0,283.0,302.0,317.0,5.954879283905029,94.30587005615234,-32.0,-5.0,20.0,43.0,62.0,209.7637176513672,87.58497619628906,80.0,138.0,235.0,279.0,305.0,13.086390495300293,14.133304595947266,-3.0,3.0,12.0,21.0,32.0
s1190,,,,,,,,,,,,,,,,,,,,,,,,,,,,,110.5068130493164,36.3814697265625,66.0,88.0,111.0,133.0,155.0,22.92938995361328,75.41413116455078,-36.0,-1.0,29.0,60.0,91.0,90.00911712646484,46.21680450439453,29.0,66.0,94.0,120.0,143.0,,,,,,,,127.80754089355469,65.79762268066406,38.0,80.0,135.0,176.0,206.0,121.10863494873047,64.46926879882812,33.0,75.0,128.0,169.0,199.0,62.20779037475586,31.644203186035156,24.0,42.0,62.0,82.0,101.0,77.28417205810547,41.21254348754883,24.0,49.0,77.0,107.0,130.0,512.6002197265625,118.69928741455078,373.0,496.0,539.0,568.0,592.0,42.072349548339844,59.137916564941406,-15.0,16.0,46.0,77.0,102.0,239.146240234375,173.69485473632812,77.0,116.0,160.0,440.0,519.0,,,,,,,
s1191,,,,,,,,,,,,,,,,,,,,,,,,,,,,,131.07177734375,167.5679168701172,-78.0,21.0,131.0,241.0,341.0,-21.860370635986328,350.7510986328125,-618.0,-84.0,59.0,181.0,291.0,94.90192413330078,174.213134765625,-124.0,-19.0,96.0,209.0,313.0,,,,,,,,,,,,,,,,,,,,,,105.93907928466797,164.34121704101562,-98.0,1.0,105.0,210.0,311.0,125.10789489746094,187.7971954345703,-110.0,7.0,128.0,243.0,356.0,195.9125213623047,142.8773956298828,34.0,115.0,197.0,275.0,351.0,-80.48799133300781,386.1322937011719,-892.3,-102.0,38.0,146.0,244.0,174.64451599121094,142.76806640625,-3.0,81.0,174.0,266.0,353.0,,,,,,,
s1192,,,,,,,,,,,,,,,,,,,,,,,,,,,,,,,,,,,,,,,,,,,,,,,,,,,,,,,,,,,,,,,,,,,,,,,,,,,,,,,,,,,,,284.75274658203125,128.01019287109375,153.0,224.0,287.0,341.0,393.0,21.10358238220215,90.92156219482422,-86.0,-34.0,19.0,76.75,135.0,,,,,,,,,,,,,,
s1195,,,,,,,,,,,,,,,,,,,,,,,,,,,,,,,,,,,,,,,,,,,,,,,,,,,,,,,,,,,,,,,,,,,,,,,,,,,,,,,,,,,,,100.7883071899414,15.054572105407715,87.0,96.0,103.0,109.0,115.0,-8.67828369140625,191.4077911376953,-128.29999999999995,23.0,50.0,68.75,83.0,,,,,,,,,,,,,,
s1196,,,,,,,,,,,,,,,,,,,,,,,,,,,,,24.64336395263672,26.298131942749023,-3.0,14.0,28.0,41.0,52.0,-143.49630737304688,345.30303955078125,-952.0,-33.0,11.0,30.0,44.0,9.40765380859375,35.56235885620117,-41.0,-9.0,15.0,34.0,49.0,464.70904541015625,226.3841094970703,211.2,294.0,420.0,608.5,797.0,26.582307815551758,25.477272033691406,-4.0,12.0,29.0,43.0,56.0,21.583070755004883,26.938282012939453,-11.0,7.0,24.0,39.0,52.0,42.84035110473633,19.986858367919922,19.0,32.0,44.0,56.0,66.0,44.394351959228516,20.53830909729004,19.0,32.0,45.0,58.0,69.0,73.95962524414062,139.33424377441406,16.0,30.0,45.0,63.0,97.0,-25.842294692993164,144.82223510742188,-51.0,-10.0,10.0,25.0,36.0,40.12512969970703,40.13876724243164,20.0,31.0,43.0,54.0,64.0,,,,,,,
s1197,,,,,,,,,,,,,,,,,,,,,,,,,,,,,108.36578369140625,21.656587600708008,81.0,95.0,110.0,123.0,134.0,76.57585906982422,24.833946228027344,47.0,62.5,78.0,92.0,106.0,,,,,,,,,,,,,,,157.99057006835938,27.831823348999023,123.0,140.0,157.0,176.0,194.60000000000002,,,,,,,,118.85395812988281,22.698644638061523,90.0,105.0,120.0,134.0,146.0,119.3965835571289,18.268247604370117,95.0,108.0,120.0,132.0,141.0,146.33599853515625,127.64447021484375,94.0,110.0,124.0,137.0,158.0,49.28915023803711,64.60537719726562,22.0,41.0,57.0,72.0,86.0,116.07905578613281,45.61943817138672,82.0,99.0,116.0,131.0,145.0,,,,,,,
s1199,,,,,,,,,,,,,,,,,,,,,,,,,,,,,82.5262451171875,132.33094787597656,-84.0,-3.0,82.0,169.0,249.0,-174.11061096191406,440.53265380859375,-970.0,-262.0,-7.0,118.0,225.0,36.37969970703125,182.19277954101562,-196.0,-84.0,37.0,155.0,266.0,,,,,,,,117.55703735351562,179.0513916015625,-109.0,0.0,118.0,235.0,345.0,111.47171783447266,178.71974182128906,-115.0,-5.0,112.0,230.0,337.0,49.7797737121582,143.38076782226562,-128.0,-41.0,49.0,141.0,228.0,90.23567962646484,161.00540161132812,-114.0,-15.0,92.0,197.0,293.0,115.3591079711914,138.69691467285156,-50.0,32.0,117.0,200.0,280.0,34.71427536010742,159.89642333984375,-128.0,-43.0,43.5,129.0,208.0,101.35372161865234,128.82151794433594,-59.0,18.0,102.0,185.0,262.0,13.701115608215332,156.57948303222656,-181.0999999999999,-89.0,12.0,116.0,210.0
s1201,,,,,,,,,,,,,,,,,,,,,,,,,,,,,88.84808349609375,47.37354278564453,28.0,58.0,89.0,120.0,149.0,18.616596221923828,152.29624938964844,-31.0,8.0,44.0,78.0,108.0,42.03473663330078,57.014930725097656,-37.099999999999994,7.0,49.0,82.0,110.0,,,,,,,,110.99674224853516,59.60080337524414,31.0,70.0,114.0,155.0,185.0,,,,,,,,52.10455322265625,41.583343505859375,0.0,25.0,52.0,79.0,105.0,60.68788528442383,42.04774856567383,9.0,35.0,60.0,86.0,113.0,302.8009338378906,212.8390350341797,151.0,263.0,301.0,328.0,354.0,20.451995849609375,70.56080627441406,-27.0,0.0,26.0,51.0,74.0,153.4202423095703,94.72393035888672,49.0,81.0,126.0,236.0,296.0,,,,,,,
s1203,,,,,,,,,,,,,,,,,,,,,,,,,,,,,,,,,,,,,,,,,,,,,,,,,,,,,,,,,,,,,,,,,,,,,,,50.59638595581055,145.2725067138672,-133.0,-45.0,51.0,146.0,234.0,44.79243469238281,152.06045532226562,-149.0,-56.0,45.0,146.0,239.0,50.67415237426758,133.20504760742188,-94.0,-24.0,48.0,120.0,193.0,-11.976261138916016,239.0548858642578,-209.5,-65.0,31.0,116.0,193.0,42.450950622558594,121.14744567871094,-109.0,-35.0,42.0,120.0,194.0,,,,,,,
s1205,,,,,,,,,,,,,,,504.7642517089844,352.4408874511719,118.0,190.0,419.0,756.0,1056.1999999999998,531.1063842773438,352.4859924316406,143.0,209.75,460.0,781.0,1092.0,41.71308517456055,13.455509185791016,28.0,36.0,43.0,50.0,56.0,-94.27307891845703,289.13037109375,-620.0,-24.0,21.0,40.0,56.0,27.982254028320312,19.018770217895508,6.0,17.0,29.0,39.0,49.0,,,,,,,,25.767181396484375,15.007124900817871,8.0,19.0,27.0,35.0,42.0,23.853759765625,13.695838928222656,7.0,16.0,25.0,33.0,40.0,49.572940826416016,13.690617561340332,35.0,43.0,51.0,58.0,65.0,34.80803680419922,20.54090118408203,12.0,25.0,37.0,47.0,56.0,40.72028732299805,26.877885818481445,14.0,30.0,41.0,51.0,62.0,-55.366207122802734,204.6568603515625,-191.5,-22.0,7.0,27.0,46.0,-12.52949047088623,200.42538452148438,19.0,35.0,42.0,48.0,53.0,,,,,,,
s1206,22.349672317504883,105.24402618408203,-19.0,29.0,45.0,55.0,62.0,168.50314331054688,171.38075256347656,-11.0,43.0,143.0,245.0,373.3000000000029,249.24913024902344,228.6656494140625,37.0,99.0,184.0,333.0,551.0,255.4994659423828,233.26007080078125,41.0,101.0,189.0,337.0,567.0,130.9080047607422,43.51409912109375,71.0,111.0,141.0,161.0,175.0,66.21541595458984,68.87886810302734,19.0,47.0,75.0,102.0,124.0,77.17788696289062,41.79718017578125,20.0,52.5,81.0,105.0,125.0,238.75233459472656,179.88063049316406,89.0,122.0,192.0,295.0,435.0,245.802001953125,59.81688690185547,171.0,204.0,256.0,295.0,313.0,224.88966369628906,66.46306610107422,139.0,183.0,226.0,279.0,309.0,129.1951141357422,27.606834411621094,105.0,116.0,127.0,142.0,161.0,191.77171325683594,33.93827438354492,161.0,176.0,191.0,210.0,230.0,377.652587890625,67.1330795288086,288.0,367.0,398.0,414.0,427.0,-26.194866180419922,275.087646484375,-376.0,19.0,62.0,99.0,128.0,240.7904510498047,72.47611236572266,144.0,198.0,254.0,288.0,327.0,14.182089805603027,22.086912155151367,-9.0,1.0,11.0,24.0,42.0
s1207,16.33002471923828,17.93602180480957,-1.0,7.0,16.0,26.0,36.0,237.90965270996094,198.47903442382812,47.0,99.0,183.0,319.0,511.0,439.8131103515625,281.26885986328125,137.0,220.0,371.0,607.0,874.0,444.9782409667969,284.12847900390625,139.0,222.0,374.0,621.0,887.0,95.50199127197266,16.656749725341797,77.0,87.0,97.0,106.0,114.0,-37.53666687011719,217.902587890625,-210.0,-4.0,20.0,61.0,87.0,60.76245880126953,31.577495574951172,20.0,42.0,62.0,80.0,97.0,431.338623046875,266.72454833984375,172.0,228.0,350.0,561.0,850.0,114.33207702636719,33.598121643066406,67.0,99.0,122.0,137.0,149.0,110.22645568847656,32.805755615234375,63.0,94.0,118.0,133.0,144.0,102.51876068115234,21.971614837646484,79.0,92.0,104.0,115.0,126.0,102.11418151855469,25.551082611083984,74.0,87.0,101.0,116.0,134.0,154.2726593017578,81.001708984375,100.0,132.0,151.0,164.0,175.0,-4.211693286895752,198.88893127441406,-110.20000000000005,25.0,52.0,73.0,92.0,125.34629821777344,33.578697204589844,82.0,108.0,133.0,149.0,160.0,23.90144157409668,23.178773880004883,-3.0,8.0,23.0,40.0,54.0
s1208,4.475875377655029,31.089550018310547,-17.0,-8.0,1.0,12.0,26.0,161.56005859375,174.29600524902344,-30.0,34.0,136.0,246.0,384.0,302.0596618652344,248.3102264404297,47.0,124.0,237.0,423.0,656.0,290.7747802734375,241.39833068847656,44.0,116.0,229.0,408.0,632.0,121.18309020996094,30.51334571838379,80.0,112.0,128.0,140.0,150.0,19.870532989501953,171.24107360839844,11.0,41.0,60.0,73.0,84.0,88.44283294677734,24.181991577148438,57.0,76.0,92.0,103.0,113.0,264.2984619140625,182.78184509277344,99.0,140.0,215.0,327.0,498.0,130.15782165527344,54.75371551513672,47.0,88.0,140.0,175.0,195.0,124.35233306884766,52.91695785522461,46.0,82.0,134.0,168.0,187.0,73.52330017089844,16.800003051757812,55.0,65.0,75.0,84.0,92.0,83.31597137451172,89.52993774414062,29.0,38.0,52.0,81.0,181.60000000000036,380.6990051269531,126.59436798095703,202.0,375.0,414.0,433.0,450.0,29.459983825683594,117.43191528320312,-12.0,19.0,46.0,72.0,94.0,347.03057861328125,166.08399963378906,109.0,199.0,363.0,494.0,553.0,10.741109848022461,14.360455513000488,-5.0,2.0,10.0,19.0,29.0
s1209,-1.70575749874115,65.96854400634766,-68.0,-15.0,6.0,23.0,38.0,217.14743041992188,198.73350524902344,39.0,78.0,153.0,296.0,492.0,375.30712890625,286.22711181640625,83.0,149.0,282.0,558.0,828.4000000000087,351.1069641113281,273.36138916015625,73.0,138.0,261.0,525.0,781.0,66.4819564819336,25.28863525390625,39.0,55.0,69.0,82.0,94.0,-88.81407928466797,273.45941162109375,-563.0,-18.0,5.0,24.0,41.0,35.698543548583984,38.40814208984375,-16.0,12.0,40.0,63.0,81.0,331.2604675292969,216.96987915039062,129.0,167.0,261.0,437.0,649.0,91.52180480957031,34.952232360839844,47.0,72.0,96.0,115.0,132.0,94.909423828125,34.96472930908203,49.0,76.0,100.0,119.0,134.0,68.6708984375,26.5457706451416,38.0,53.0,69.0,85.0,101.0,99.81082916259766,34.04225158691406,55.0,78.0,102.0,124.0,142.0,125.1451416015625,69.60401916503906,69.0,102.0,128.0,143.0,153.0,-8.50283145904541,141.57423400878906,-64.0,-8.0,23.0,47.0,70.0,95.54904174804688,40.43242263793945,44.0,71.0,100.0,127.0,142.0,-10.734911918640137,22.4821834564209,-39.0,-26.0,-11.0,4.0,18.0
s1210,12.109116554260254,65.73635864257812,-32.0,2.0,24.0,37.0,47.0,187.46755981445312,195.713623046875,-11.0,44.0,141.0,275.0,452.0,295.3721923828125,237.39923095703125,61.0,119.0,221.0,419.0,650.0,329.66424560546875,278.13372802734375,64.0,125.0,235.0,466.0,755.0,21.64336395263672,19.125282287597656,0.0,13.0,24.0,34.0,43.0,-13.932229042053223,138.77005004882812,-34.0,-6.0,13.0,28.0,40.0,-5.007568836212158,30.507320404052734,-48.0,-24.0,0.0,17.0,30.0,276.983154296875,207.33856201171875,77.0,118.0,222.0,378.0,565.0,22.94853401184082,17.16769027709961,3.0,15.0,25.0,34.0,42.0,9.217291831970215,19.017471313476562,-14.0,0.0,11.0,21.0,30.0,29.893815994262695,14.777721405029297,13.0,22.0,31.0,39.0,47.0,31.582731246948242,16.406232833862305,11.0,22.0,33.0,42.0,51.0,40.96540069580078,56.06157302856445,15.0,27.0,36.0,44.0,54.0,18.56690788269043,34.4594612121582,-4.0,11.0,23.0,33.0,42.0,29.727994918823242,19.836109161376953,11.0,23.0,32.0,40.0,48.0,3.7268729209899902,14.883455276489258,-14.0,-3.0,5.0,13.0,20.0
s1212,-6.274754524230957,32.512290954589844,-47.0,-25.0,-4.0,15.0,33.0,258.1838073730469,246.1018524169922,10.0,79.0,199.0,366.0,590.4000000000015,435.1876220703125,347.5149841308594,80.0,167.0,332.0,628.0,978.0,414.5743408203125,331.8877868652344,77.0,158.0,318.0,595.0,925.0,115.3851547241211,40.699127197265625,62.0,96.0,122.0,142.0,159.0,-151.1488800048828,368.5464172363281,-969.0,-43.0,7.0,52.0,86.0,77.45101165771484,46.384849548339844,16.0,53.0,82.0,107.0,129.0,481.068603515625,313.2618408203125,130.0,232.0,417.0,674.0,959.0,128.9673309326172,64.78133392333984,36.0,79.0,141.0,180.0,205.0,133.69378662109375,65.52881622314453,40.0,82.0,146.0,186.0,211.0,73.25477600097656,28.057479858398438,40.0,58.0,74.0,91.0,106.0,65.73892974853516,42.17400360107422,14.0,38.0,65.0,91.0,116.0,356.7297058105469,97.54206085205078,185.0,327.0,395.0,421.0,439.0,38.327510833740234,40.722808837890625,-10.799999999999955,16.0,41.0,65.0,86.0,317.03094482421875,163.42276000976562,87.0,157.0,350.0,449.0,524.0,21.927913665771484,25.234529495239258,-9.0,6.0,22.0,38.0,53.0
s1216,8.667844772338867,37.73408508300781,-38.0,-14.0,9.0,33.0,55.0,240.03268432617188,213.27090454101562,55.0,112.0,191.0,315.0,481.0,343.5578918457031,238.6145477294922,111.0,173.0,274.0,458.0,706.0,354.3713684082031,247.6291961669922,111.0,178.0,285.0,475.0,727.0,83.76579284667969,40.42549133300781,33.0,59.0,85.0,111.0,133.0,-37.769126892089844,145.83285522460938,-149.0,-57.0,-5.0,34.0,67.0,48.42387771606445,46.7764892578125,-11.0,18.0,50.0,79.0,106.0,348.0871276855469,245.0641632080078,125.0,173.0,266.0,443.0,728.0,112.90811157226562,53.76011657714844,43.0,79.0,115.0,149.0,179.0,111.38027954101562,48.46490478515625,48.0,82.0,115.0,144.0,170.0,64.19956970214844,47.92117691040039,5.0,33.0,65.0,95.0,122.0,90.51882934570312,52.640865325927734,35.0,61.0,89.0,118.0,145.0,97.95922088623047,44.921836853027344,40.0,70.0,100.0,129.0,154.0,19.33271026611328,134.97378540039062,-25.0,11.5,43.0,72.0,95.0,97.7935791015625,47.705562591552734,40.0,69.0,99.0,129.0,155.0,,,,,,,
s1218,,,,,,,,,,,,,,,,,,,,,,,,,,,,,,,,,,,,,,,,,,,,,,,,,,,,,,,,,,,,,,,,,,,,,,,,,,,,,,,,,,,,,,,,,,,,30.543548583984375,64.1774673461914,-37.0,0.0,34.0,67.0,102.0,,,,,,,,,,,,,,
s1220,,,,,,,,,,,,,,,,,,,,,,,,,,,,,,,,,,,,,,,,,,,,,,,,,,,,,,,,,,,,,,,,,,,,,,,,,,,,,,,,,,,,,,,,,,,,23.35596466064453,151.24273681640625,-31.0,37.0,65.0,80.0,94.0,,,,,,,,,,,,,,
s1221,,,,,,,,,,,,,,,,,,,,,,,,,,,,,31.795085906982422,22.146711349487305,6.0,19.0,33.0,46.0,58.0,23.70917320251465,57.64716339111328,-11.0,4.0,20.0,37.0,53.0,25.543415069580078,25.41090202331543,-5.0,11.0,27.0,42.0,55.0,,,,,,,,9.105957984924316,32.641700744628906,-20.0,-7.0,7.0,22.0,39.0,1.7538686990737915,27.66092300415039,-32.0,-15.0,1.0,18.0,34.0,51.97797393798828,22.080142974853516,24.0,38.0,52.0,67.0,79.0,43.45107650756836,26.058841705322266,12.0,27.0,43.0,61.0,77.0,39.80988311767578,65.91063690185547,6.0,20.0,34.0,49.0,65.0,81.38105773925781,246.15383911132812,-54.0,-5.0,30.0,68.0,298.0,35.68080139160156,138.17831420898438,0.0,17.0,32.0,46.0,61.0,8.757460594177246,23.63499641418457,-20.0,-5.0,9.0,24.0,38.0
s1222,,,,,,,,,,,,,,,,,,,,,,,,,,,,,,,,,,,,,,,,,,,,,,,,,,,,,,,,,,,,,,,,,,,,,,,,,,,,,,,,,,,,,182.0751953125,36.11640930175781,136.0,167.0,189.0,205.0,221.0,-239.59950256347656,408.4728088378906,-952.0,-602.0,4.0,63.0,95.0,,,,,,,,,,,,,,
s1223,31.876296997070312,35.135536193847656,8.0,17.0,29.0,46.0,68.0,162.3099822998047,175.280517578125,-32.0,36.0,134.0,246.0,396.0,299.2989501953125,230.67587280273438,58.0,135.0,245.0,411.0,625.0,343.4776306152344,251.533447265625,84.0,163.0,281.0,465.0,705.0,103.14640045166016,16.583797454833984,88.0,96.0,104.0,113.0,121.0,-146.2306365966797,360.83294677734375,-964.0,-65.0,14.0,61.0,77.0,97.10910034179688,18.984285354614258,75.0,87.0,97.0,108.0,122.0,281.3829040527344,218.30735778808594,79.0,125.0,216.0,372.0,580.0,121.62238311767578,20.8424072265625,94.0,113.0,126.0,135.0,143.0,,,,,,,,105.73959350585938,12.809322357177734,93.0,100.0,106.0,113.0,119.0,99.13045501708984,20.72642707824707,82.0,90.0,97.0,106.0,123.0,123.42552947998047,27.287200927734375,92.0,117.0,130.0,138.0,145.0,4.7798380851745605,142.83973693847656,-125.0,10.0,52.0,71.0,84.0,113.99365234375,29.35715103149414,83.0,103.0,122.0,132.0,138.0,22.98026466369629,16.325469970703125,6.0,11.0,18.0,32.0,49.0
s1224,20.02220916748047,42.035308837890625,-42.0,9.0,27.0,45.0,62.0,198.8419189453125,190.83804321289062,4.400000000000546,65.0,159.0,281.0,444.0,347.2455749511719,269.2720947265625,83.0,145.0,260.0,492.0,760.0,349.19482421875,270.9015808105469,85.0,147.0,260.0,493.0,767.0,104.13189697265625,27.84491729736328,75.0,92.0,107.0,121.0,133.0,-8.085643768310547,220.1225128173828,-40.0,14.0,44.0,73.0,96.0,55.32276916503906,36.197296142578125,8.0,36.0,60.0,79.0,97.0,313.3198547363281,208.33030700683594,103.0,153.0,265.0,411.0,590.6000000000022,144.80975341796875,42.448726654052734,85.0,122.0,153.0,175.0,190.0,138.73983764648438,44.841522216796875,76.0,115.0,149.0,170.0,186.0,103.01714324951172,26.477479934692383,74.0,90.0,105.0,119.0,132.0,100.09481811523438,34.731807708740234,58.0,78.0,99.0,124.0,146.0,132.26531982421875,49.7175407409668,90.0,120.0,137.0,150.0,160.0,51.45725631713867,56.33912658691406,13.0,40.0,60.0,77.0,92.0,120.57186126708984,44.8563232421875,77.0,105.0,126.0,142.0,154.0,24.853775024414062,22.67024040222168,-2.0,10.0,24.0,39.0,54.0
s1225,,,,,,,,,,,,,,,,,,,,,,,,,,,,,182.13729858398438,45.40614700317383,126.0,162.0,190.0,211.0,229.30000000000018,-17.403064727783203,184.58865356445312,-82.0,-20.0,12.0,43.0,95.0,,,,,,,,,,,,,,,,,,,,,,,,,,,,,88.07365417480469,38.09383773803711,44.0,66.0,87.0,110.0,132.0,116.48909759521484,54.37207794189453,53.0,83.0,114.0,147.0,187.0,544.5377807617188,161.93496704101562,313.0,527.0,583.0,616.0,645.0,78.88195037841797,178.5191192626953,-25.0,23.0,60.0,90.0,131.0,356.9019470214844,202.1791534423828,114.0,179.0,334.0,515.0,629.0,,,,,,,
s1226,,,,,,,,,,,,,,,,,,,,,,,,,,,,,65.81251525878906,23.34073257446289,38.0,53.0,67.0,81.0,93.0,19.483842849731445,45.48295974731445,-34.0,-2.0,26.0,50.0,68.0,,,,,,,,,,,,,,,,,,,,,,,,,,,,,70.71122741699219,22.969099044799805,42.0,56.0,71.0,86.0,99.0,77.00182342529297,27.24140167236328,42.0,61.0,79.0,96.0,109.0,131.51870727539062,207.9733428955078,36.0,64.0,91.0,117.0,167.0,-86.6067123413086,275.4623107910156,-572.0,-22.0,22.0,45.0,64.0,78.061279296875,30.75035858154297,44.0,63.0,81.0,97.0,111.0,,,,,,,
s1228,16.282468795776367,43.767826080322266,-41.0,-11.0,18.0,46.0,71.0,155.38705444335938,147.24496459960938,4.0,57.0,126.0,214.0,345.0,267.34368896484375,205.7615203857422,68.0,121.0,207.0,358.0,570.0,284.2411804199219,225.31472778320312,68.0,123.0,215.0,384.0,622.0,81.68816375732422,35.70299530029297,36.0,60.0,83.0,105.0,125.0,-27.342906951904297,203.3919677734375,-120.0,-7.0,29.0,57.0,81.0,27.444978713989258,43.210445404052734,-29.0,0.0,29.0,57.0,81.0,332.6333312988281,221.9579315185547,121.0,168.0,262.0,441.0,671.0,94.02708435058594,38.460426330566406,44.0,71.0,97.0,121.0,141.0,65.2506332397461,48.68695831298828,0.0,30.0,68.0,101.0,127.0,85.32778930664062,32.865379333496094,45.0,66.0,87.0,107.0,125.0,80.20178985595703,35.32200241088867,34.0,58.0,82.0,104.0,123.0,110.88006591796875,58.193790435791016,54.0,86.0,112.0,133.0,152.0,-83.73095703125,230.7364044189453,-441.5,-61.0,0.0,36.0,61.0,97.18639373779297,38.628353118896484,49.0,76.0,101.0,123.0,141.0,,,,,,,
s1230,490.25750732421875,194.79855346679688,139.0,457.0,540.0,619.0,670.0,307.5018310546875,264.8141784667969,66.0,130.0,226.0,398.0,696.0,501.1784362792969,555.2910766601562,98.0,178.0,322.0,663.0,1058.0,427.0749206542969,325.977294921875,108.0,178.0,311.0,625.0,967.0,118.1604995727539,36.43952178955078,71.0,95.0,121.0,143.0,162.0,-353.0267028808594,472.4695129394531,-989.0,-962.0,-28.0,44.0,75.0,79.41539001464844,47.44717788696289,19.0,56.0,85.0,109.0,131.0,482.6781921386719,316.7938232421875,162.0,231.0,380.0,679.0,1018.0,123.82293701171875,54.055442810058594,59.0,89.0,128.0,159.0,182.0,121.70856475830078,52.15597915649414,56.0,86.0,127.0,159.0,181.0,65.58064270019531,27.823612213134766,32.0,49.0,66.0,84.0,99.0,72.90858459472656,86.10893249511719,15.0,33.0,54.0,78.0,119.0,391.4942626953125,107.63204956054688,277.0,373.0,409.0,435.0,455.0,26.747299194335938,97.7007827758789,-28.0,14.0,43.0,68.0,89.0,311.717529296875,162.75550842285156,94.0,134.0,383.0,444.0,483.0,75.3742446899414,33.55901336669922,34.0,53.0,74.0,97.0,120.0
s1231,,,,,,,,,,,,,,,,,,,,,,,,,,,,,,,,,,,,,,,,,,,,,,,,,,,,,,,,,,,,,,,,,,,,,,,,,,,,,,,,,,,,,287.0220642089844,75.94941711425781,184.0,269.0,302.0,327.0,343.0,15.142428398132324,111.02587890625,2.800000000000068,19.0,34.0,47.0,57.0,,,,,,,,,,,,,,
s1233,9.174020767211914,30.80290412902832,-28.0,-7.0,11.0,29.0,46.0,149.2155303955078,165.53378295898438,-13.0,34.0,109.0,220.0,360.0,247.2506103515625,218.41357421875,34.0,87.0,180.0,356.0,572.3000000000029,250.3849334716797,228.96974182128906,31.0,85.0,177.0,361.0,596.0,75.05680084228516,37.09206771850586,33.0,59.0,80.0,98.0,114.0,14.348369598388672,147.0272216796875,-19.0,16.0,42.0,64.0,83.0,-2.212768316268921,39.2948112487793,-53.0,-28.0,-1.0,24.0,48.0,358.2336730957031,204.82240295410156,127.0,201.0,322.0,479.0,641.0,80.65321350097656,36.01952362060547,38.0,64.0,85.0,104.0,120.0,74.04150390625,41.915245056152344,19.0,54.0,80.0,102.0,120.0,56.90962600708008,31.529165267944336,24.0,42.0,59.0,76.0,90.0,73.32341003417969,32.45246887207031,31.0,54.0,76.0,96.0,112.0,90.01317596435547,38.163604736328125,49.0,74.0,93.0,110.0,125.0,35.1561393737793,39.47621536254883,-5.0,20.0,41.0,58.0,73.0,81.0322494506836,34.32011032104492,40.0,67.0,86.0,103.0,117.0,9.865595817565918,28.840795516967773,-25.0,-6.0,11.0,28.0,44.0
s1234,4.240143299102783,70.48114776611328,-26.0,-9.0,11.0,33.0,50.0,275.3272705078125,186.04617309570312,67.0,152.0,245.0,365.25,521.0,349.2117919921875,210.0093994140625,131.0,199.0,301.0,457.0,645.0,360.70562744140625,216.8932342529297,135.0,201.0,312.0,472.0,670.0,,,,,,,,,,,,,,,,,,,,,,,,,,,,,,,,,,,,,,,,,,,,,,,,,,,,,,,,,,,,,,,,,,,,,,,,,,,,,,,,,,,,
s1235,,,,,,,,199.8721160888672,141.7225799560547,68.0,124.0,178.0,246.0,352.0,350.53814697265625,213.11305236816406,146.0,205.0,300.0,431.0,614.0,355.75201416015625,197.322265625,158.0,224.0,319.0,431.0,583.0,115.0372543334961,24.02238655090332,87.0,106.0,119.0,130.0,139.0,-49.380985260009766,285.7813720703125,-495.0,-2.0,58.0,91.0,112.0,91.2199478149414,26.277118682861328,59.0,76.0,92.0,107.0,122.0,374.3420104980469,250.05357360839844,150.0,198.0,288.0,471.0,746.0,173.48828125,46.491573333740234,102.0,144.0,188.0,209.0,221.0,168.1171417236328,47.7043571472168,95.0,137.0,182.0,205.0,218.0,127.01925659179688,26.528200149536133,100.0,115.0,128.0,140.0,151.0,149.89883422851562,33.90445327758789,114.0,130.0,148.0,168.0,191.0,180.7075958251953,55.45794677734375,122.0,164.0,188.0,204.0,215.0,49.91065979003906,43.6309700012207,9.0,33.0,53.0,75.0,94.0,158.61428833007812,45.98925018310547,98.0,127.0,173.0,192.0,204.0,40.964820861816406,15.125082969665527,26.0,31.0,38.0,48.0,62.0
s1236,,,,,,,,266.5026550292969,185.07276916503906,63.0,124.75,234.0,366.25,518.4000000000001,288.0942687988281,184.18695068359375,88.0,149.0,251.0,395.0,528.6000000000004,301.09381103515625,218.7334747314453,73.0,138.0,249.0,414.0,595.0,41.714481353759766,15.633760452270508,26.0,37.0,44.0,51.0,56.0,-8.174281120300293,152.41195678710938,-12.0,7.0,23.0,36.0,45.0,-50.055145263671875,43.359073638916016,-100.0,-87.0,-59.0,-15.0,16.0,319.47119140625,211.19754028320312,111.0,168.0,266.0,409.0,606.0,25.743141174316406,15.806994438171387,6.0,21.0,29.0,35.0,41.0,25.697601318359375,16.19013786315918,6.0,22.0,29.0,35.0,40.0,53.208221435546875,15.24455451965332,38.0,48.0,56.0,62.0,68.0,37.76488494873047,13.422450065612793,22.0,31.0,38.0,46.0,53.0,46.84842300415039,55.78773498535156,26.0,35.0,43.0,50.0,58.0,,,,,,,,,,,,,,,,,,,,,
s1237,,,,,,,,,,,,,,,,,,,,,,,,,,,,,,,,,,,,,,,,,,,,,,,,,,,,,,,,,,,,,,,,,,,,,,,67.07176208496094,32.78125762939453,37.0,53.0,68.0,80.0,92.0,714.3426513671875,157.9132843017578,471.0,643.0,743.0,825.0,886.0,593.8944702148438,127.15894317626953,383.0,564.0,640.0,675.0,701.0,24.68143653869629,84.82494354248047,-18.0,11.0,36.0,61.0,84.0,567.7749633789062,264.14129638671875,139.0,386.0,631.0,773.0,840.0,,,,,,,
s1238,10.928994178771973,52.72830581665039,-16.0,4.0,13.0,21.0,29.0,220.89849853515625,138.00588989257812,94.0,128.0,182.0,276.0,399.0,331.28741455078125,202.64039611816406,133.0,183.0,271.0,433.0,626.0,342.85809326171875,217.3666229248047,133.0,185.0,277.0,446.0,659.0,53.79365921020508,21.62899398803711,24.0,39.0,56.0,69.0,80.0,0.009222930297255516,153.2959747314453,-5.0,12.0,29.0,48.0,64.0,51.08322525024414,22.157312393188477,20.0,37.0,54.0,67.0,77.0,314.858642578125,183.0762481689453,171.0,196.0,250.0,363.0,564.0,61.7672004699707,17.562488555908203,41.0,54.0,64.0,73.0,81.0,53.978759765625,18.596336364746094,32.0,46.0,56.0,66.0,74.0,70.1468734741211,25.523630142211914,35.0,56.0,73.0,88.0,99.0,82.64744567871094,20.922433853149414,56.0,71.0,84.0,96.0,107.0,99.93724822998047,35.362937927246094,57.0,82.0,104.0,123.0,133.0,64.71296691894531,24.59219741821289,36.0,52.0,67.0,80.0,92.0,86.74315643310547,33.19698715209961,52.0,74.0,92.0,106.0,119.0,30.21538543701172,19.320966720581055,5.0,17.0,30.0,43.0,55.0
s1239,,,,,,,,,,,,,,,,,,,,,,,,,,,,,,,,,,,,,,,,,,,,,,,,,,,,,,,,,,,,,,,,,,,,,,,67.18386840820312,43.41840362548828,13.0,40.0,68.0,95.0,121.0,145.9862060546875,98.20511627197266,77.0,110.0,145.0,177.0,204.0,263.72625732421875,78.16059112548828,154.0,236.0,281.0,313.0,340.0,44.56684875488281,95.27433013916016,-8.0,22.0,53.0,82.0,108.0,190.4784393310547,146.26162719726562,69.0,124.0,187.0,252.0,297.0,,,,,,,
s1240,,,,,,,,257.1559753417969,171.72872924804688,64.0,129.0,225.0,364.5,501.30000000000007,279.750244140625,170.0491485595703,102.0,156.0,241.0,365.0,526.0,257.2627258300781,158.72061157226562,92.0,145.0,224.0,336.0,484.0,108.36845397949219,40.185272216796875,57.0,82.0,108.0,135.0,159.0,36.14569091796875,95.11609649658203,-32.0,17.0,52.0,83.0,109.0,83.29013061523438,44.387603759765625,27.0,55.0,84.0,113.0,139.0,309.9135437011719,218.71900939941406,117.0,171.0,247.0,374.0,592.0,125.69722747802734,49.49066162109375,63.0,94.0,127.0,159.0,187.0,59.463626861572266,81.28802490234375,-53.0,2.0,68.0,120.0,158.30000000000018,105.95745849609375,39.298187255859375,56.0,80.0,106.0,132.0,156.0,102.56745147705078,41.78697204589844,48.0,75.0,104.0,131.0,154.0,121.47936248779297,39.35675048828125,72.0,101.0,125.0,146.0,165.0,-5.058058261871338,172.54336547851562,-52.0,1.0,35.0,63.0,88.0,114.41130828857422,40.13942337036133,63.0,91.0,117.0,142.0,162.0,38.14667892456055,40.02383041381836,-12.0,11.0,37.0,65.0,89.0
s1241,,,,,,,,303.5366516113281,193.13851928710938,27.0,175.0,303.0,437.0,559.0,200.27703857421875,191.09190368652344,15.0,57.0,148.0,290.0,461.0,165.22930908203125,144.83746337890625,20.0,58.0,131.0,236.0,361.0,39.377262115478516,16.936004638671875,19.0,30.0,41.0,50.0,59.0,-176.52052307128906,372.1824645996094,-969.0,-78.0,14.0,30.0,41.0,25.742597579956055,22.327247619628906,-3.0,13.0,28.0,41.0,52.0,275.4716796875,271.3169860839844,37.0,75.0,172.0,395.0,705.0,25.29599952697754,21.880268096923828,-2.0,13.0,27.0,40.0,51.0,23.624980926513672,23.65983772277832,-7.0,10.0,26.0,40.0,51.0,42.78329849243164,17.69339370727539,22.0,34.0,44.0,54.0,63.0,32.70618438720703,18.413658142089844,10.0,22.0,33.0,44.0,55.0,36.978878021240234,69.97513580322266,2.0,16.0,29.0,43.0,58.0,0.9449198842048645,70.81584930419922,-36.0,-4.0,15.0,30.0,42.0,28.801406860351562,17.657148361206055,8.0,20.0,31.0,40.0,48.0,,,,,,,
s1242,,,,,,,,,,,,,,,,,,,,,,,,,,,,,,,,,,,,,,,,,,,,,,,,,,,,,,,,,,,,,,,,,,,,,,,,,,,,,,,,,,,,,135.16876220703125,59.785587310791016,78.0,113.0,138.0,159.0,176.0,35.25937271118164,37.60895919799805,-11.0,11.0,34.0,59.0,82.0,123.10755157470703,33.12946701049805,82.0,105.0,126.0,145.0,161.0,,,,,,,
s1243,,,,,,,,,,,,,,,,,,,,,,,,,,,,,81.35877227783203,32.60619354248047,39.0,59.0,81.0,104.0,122.30000000000018,54.903564453125,55.40129089355469,0.0,29.0,60.0,87.25,111.0,,,,,,,,,,,,,,,,,,,,,,,,,,,,,59.33523941040039,31.432252883911133,20.0,39.0,59.0,80.0,99.0,83.17154693603516,43.53881072998047,31.0,53.0,79.0,113.0,143.0,291.6274719238281,65.77960205078125,204.0,278.0,309.0,331.0,349.0,17.948326110839844,103.87034606933594,-26.0,5.0,33.0,59.0,81.0,184.43594360351562,84.17438507080078,78.0,125.0,175.0,254.0,303.0,,,,,,,
s1244,-1.649091362953186,34.324676513671875,-47.0,-15.0,4.0,20.0,34.0,151.43771362304688,215.86688232421875,-35.0,4.0,86.5,220.0,430.0,316.51788330078125,285.9806213378906,48.0,104.0,218.0,453.0,761.0,303.97784423828125,275.14306640625,42.0,99.0,211.0,440.0,727.0,55.74904251098633,22.687786102294922,31.0,48.0,60.0,70.0,78.0,50.4936637878418,115.45611572265625,1.0,38.0,77.0,96.0,109.0,-18.753257751464844,34.8306999206543,-65.0,-44.0,-18.0,6.0,26.0,284.728515625,269.5603942871094,47.0,92.0,199.0,380.0,668.9000000000015,23.48736572265625,21.32471466064453,-3.0,11.0,25.0,38.0,49.0,24.4246883392334,21.863374710083008,-2.0,13.0,27.0,39.0,49.0,65.88043975830078,21.280229568481445,42.0,56.0,68.0,79.0,89.0,35.50606918334961,24.389909744262695,5.0,22.0,38.0,51.0,64.0,27.24732780456543,35.04024887084961,-5.0,14.0,30.0,43.0,55.0,-7.931334495544434,86.76004028320312,-46.0,-15.0,7.0,24.0,38.0,30.269519805908203,22.763402938842773,6.0,21.0,33.0,44.0,54.0,6.962890625,19.762310028076172,-17.0,-4.0,8.0,20.0,31.0
s1245,,,,,,,,,,,,,,,,,,,,,,,,,,,,,34.08751678466797,35.22777557373047,-8.0,12.0,35.0,57.0,77.0,8.552946090698242,62.649566650390625,-46.0,-14.0,14.0,42.0,66.0,29.263050079345703,39.83905029296875,-20.0,3.0,30.0,56.0,78.0,,,,,,,,25.757671356201172,41.51104736328125,-26.0,-1.0,25.0,54.0,79.0,23.491931915283203,39.31501770019531,-26.0,-2.0,24.0,50.0,73.0,38.71782684326172,36.88516616821289,-6.0,15.0,39.0,62.0,84.0,37.12480926513672,41.55463790893555,-12.0,13.0,39.0,63.0,87.0,37.906150817871094,34.00613021850586,0.0,21.0,40.0,57.0,73.0,22.768924713134766,53.414093017578125,-24.0,3.0,28.0,50.0,70.0,36.83264923095703,29.505449295043945,1.0,19.0,37.0,56.0,72.0,10.06403923034668,40.4580078125,-42.0,-15.0,9.0,38.0,64.0
s1246,44.170799255371094,74.82203674316406,-49.0,-8.75,41.5,95.0,144.0,310.9306640625,341.6879577636719,26.0,118.0,244.0,423.0,663.0,418.4639587402344,424.25830078125,49.0,147.0,299.0,586.0,968.0,425.8118591308594,381.77001953125,64.0,167.0,320.0,600.0,985.0,,,,,,,,,,,,,,,,,,,,,,,,,,,,,,,,,,,,,,,,,,,,,,,,,,,,,,,,,,,,,,,,,,,,,,,,,,,,,,,,,,,,
s1247,-5.348576545715332,177.0211181640625,-59.0,-7.0,30.0,63.0,91.0,268.4402770996094,232.05072021484375,30.0,101.0,208.0,383.0,602.0,434.5832214355469,304.9929504394531,120.0,201.0,342.0,617.0,921.0,430.5318603515625,300.9107971191406,119.0,199.0,343.0,609.0,905.0,107.79022979736328,45.158241271972656,51.0,80.0,108.0,137.0,164.0,-111.16372680664062,358.4430236816406,-916.0,-22.0,42.0,83.0,115.0,97.54783630371094,47.54964828491211,37.0,66.0,98.0,129.0,157.0,433.1075134277344,309.3885803222656,127.0,195.0,334.0,599.0,938.0,151.00442504882812,51.79642105102539,84.0,118.0,153.0,186.0,215.0,148.7404022216797,52.81010437011719,81.0,115.0,150.0,184.0,214.0,118.474609375,40.55497360229492,68.0,92.0,118.0,145.0,170.0,118.3511962890625,42.31644058227539,64.0,92.0,119.0,146.0,170.0,129.4993438720703,44.74863052368164,73.0,105.0,134.0,158.0,180.0,-19.07306480407715,165.8349609375,-87.0,-16.0,20.0,51.0,77.0,126.21976470947266,43.89239501953125,72.0,103.0,132.0,156.0,174.0,38.594871520996094,43.836280822753906,-16.0,8.0,38.0,68.0,93.10000000000036
s1248,-142.5755157470703,156.09820556640625,-416.0,-183.0,-87.0,-36.0,-6.0,82.94084167480469,148.48887634277344,-86.0,-28.0,61.0,161.0,279.0,279.1126403808594,286.5118408203125,23.0,112.0,229.0,391.0,592.0,273.941650390625,263.9225158691406,44.0,118.0,217.0,374.0,602.0,81.40869903564453,33.90215301513672,35.0,61.0,86.0,106.0,120.0,56.30018615722656,30.152515411376953,32.0,46.0,59.0,71.0,82.0,70.33280181884766,32.95743179321289,24.0,52.0,75.0,93.0,107.0,325.5386047363281,170.47264099121094,149.0,207.0,289.0,406.0,548.0,86.17302703857422,42.37255096435547,29.0,54.0,91.0,119.0,138.0,76.0048599243164,41.414276123046875,20.0,45.0,80.0,108.0,127.0,52.40921401977539,19.397428512573242,30.0,43.0,54.0,65.0,74.0,41.618385314941406,30.173038482666016,8.0,24.0,39.0,55.0,75.0,361.3646240234375,106.30464172363281,232.0,339.0,371.0,393.0,420.0,54.41912078857422,40.19061279296875,17.0,40.0,59.0,77.0,92.0,238.65309143066406,112.26886749267578,81.0,140.0,263.0,323.0,363.0,,,,,,,
s1249,9.606465339660645,26.713306427001953,-7.0,1.0,8.0,16.0,26.0,188.88436889648438,155.7204132080078,34.0,85.0,157.0,249.0,381.0,347.7005310058594,208.63792419433594,139.0,196.0,294.0,453.0,641.0,336.42913818359375,212.0152587890625,131.0,184.0,278.0,435.0,632.0,117.94013977050781,31.175636291503906,76.0,114.0,126.0,135.0,143.0,63.52396011352539,102.82501983642578,18.0,44.0,78.0,109.0,125.0,65.34823608398438,37.763031005859375,11.0,40.0,71.0,93.0,109.0,367.7779846191406,214.0380401611328,160.0,214.0,310.0,461.0,664.0,157.98411560058594,50.3883171081543,89.0,125.0,165.0,199.0,217.0,135.82591247558594,60.910240173339844,44.0,98.0,145.0,186.0,205.0,99.15332794189453,22.033607482910156,77.0,90.0,101.0,111.0,121.0,119.46360778808594,32.65980911254883,80.0,99.0,122.0,143.0,159.0,272.33355712890625,81.10578918457031,180.0,249.0,276.0,301.0,316.0,19.223146438598633,143.32009887695312,-56.0,26.0,57.0,77.0,96.0,159.55931091308594,55.08809280395508,89.0,122.0,165.0,198.0,231.0,18.329055786132812,17.38446617126465,-1.0,8.0,17.0,28.0,39.0
s1250,,,,,,,,,,,,,,,,,,,,,,,,,,,,,42.91675567626953,43.330509185791016,-9.699999999999989,14.0,40.0,71.0,101.0,49.63576126098633,43.975406646728516,-2.5,21.0,47.0,76.0,106.0,,,,,,,,,,,,,,,,,,,,,,,,,,,,,59.3687629699707,42.4219970703125,7.0,32.0,58.0,86.0,113.0,156.7247314453125,50.4516487121582,92.0,126.0,158.0,189.0,218.0,346.9391174316406,94.32726287841797,215.0,321.0,365.0,397.0,426.0,84.73832702636719,49.90045928955078,34.0,60.0,87.0,113.0,138.0,246.05850219726562,117.20897674560547,98.0,145.0,248.0,345.0,392.0,,,,,,,
s1251,17.952491760253906,23.60761260986328,-4.0,10.0,22.0,31.0,40.0,231.45013427734375,214.31661987304688,14.0,83.0,179.0,320.0,528.0,383.3652648925781,308.6224670410156,83.0,156.0,290.0,530.0,838.0,372.73956298828125,296.2666320800781,79.0,151.0,284.0,524.0,816.0,,,,,,,,,,,,,,,,,,,,,,408.5765380859375,251.9693603515625,161.0,222.0,337.0,529.0,769.0,24.36591339111328,19.80864143371582,0.0,12.0,25.0,37.0,49.0,27.459999084472656,15.855145454406738,7.0,18.0,28.0,38.0,47.0,40.734527587890625,18.050573348999023,19.0,30.0,41.0,52.0,63.0,37.500160217285156,17.124439239501953,16.0,26.0,37.0,48.0,59.0,82.69315338134766,94.16255950927734,23.0,36.0,52.0,81.0,189.0,,,,,,,,,,,,,,,-1.3733222484588623,17.5000057220459,-23.0,-12.0,-1.0,9.0,20.0
s1252,-2.5069339275360107,19.74106788635254,-17.0,-11.0,-4.0,6.0,22.0,128.71624755859375,163.3433380126953,-40.0,7.0,100.0,204.0,329.0,280.717529296875,223.9808807373047,43.0,112.0,233.0,396.0,587.0,283.5428466796875,222.38978576660156,45.0,120.0,236.0,393.0,591.0,160.80126953125,26.588300704956055,128.0,151.0,166.0,177.0,186.0,-152.993896484375,360.563232421875,-950.0,-141.0,22.0,64.0,85.0,149.33824157714844,17.854145050048828,128.0,143.0,151.5,159.0,167.0,293.1151428222656,222.23500061035156,110.0,142.0,210.0,374.0,597.7000000000007,171.62571716308594,63.90330505371094,74.0,119.0,184.0,226.0,248.0,173.74575805664062,67.74542236328125,72.0,115.0,185.0,232.0,256.0,93.0396957397461,15.245963096618652,79.0,87.0,93.0,100.0,107.0,203.51321411132812,27.66366958618164,163.0,191.0,208.0,219.0,234.0,234.29391479492188,50.14509582519531,159.60000000000014,206.0,242.0,267.0,296.0,,,,,,,,,,,,,,,21.583784103393555,18.359148025512695,1.0,9.0,19.0,31.0,46.0
s1254,,,,,,,,,,,,,,,,,,,,,,,,,,,,,26.02469253540039,28.432220458984375,-8.0,10.0,28.0,44.0,59.0,18.441516876220703,37.39153289794922,-24.0,-2.0,20.0,42.0,61.0,,,,,,,,,,,,,,,,,,,,,,,,,,,,,30.999788284301758,29.112558364868164,-4.0,12.0,31.0,49.0,67.0,26.256322860717773,27.695903778076172,-7.0,10.0,28.0,43.0,58.0,42.858585357666016,64.85334777832031,4.0,27.0,41.0,52.0,65.0,-19.257965087890625,120.4953384399414,-65.0,-26.0,4.0,27.0,46.0,29.397838592529297,30.35736846923828,-1.0,19.0,33.0,46.0,58.0,,,,,,,
s1255,,,,,,,,,,,,,,,,,,,,,,,,,,,,,97.76580810546875,30.449954986572266,55.0,87.0,104.0,117.0,128.0,-14.741644859313965,206.46804809570312,-32.0,11.0,35.0,61.0,81.0,20.014904022216797,37.949745178222656,-29.0,-6.0,20.0,45.0,68.0,,,,,,,,145.06822204589844,40.28453826904297,86.0,121.0,155.0,175.0,188.0,142.4878387451172,43.17601776123047,77.0,119.0,153.0,174.0,188.0,83.2386703491211,23.639232635498047,57.0,71.0,84.0,97.0,110.0,101.56732940673828,34.13533020019531,55.0,78.0,107.0,127.0,142.0,121.79510498046875,48.38239288330078,65.0,103.0,130.0,146.0,158.0,-3.111959457397461,82.23762512207031,-58.0,-21.0,14.0,36.0,55.0,116.07062530517578,41.79973220825195,64.0,94.0,120.0,146.0,163.0,15.441449165344238,21.853153228759766,-12.0,2.0,17.0,30.0,41.0
s1256,23.535396575927734,63.33135223388672,-7.0,6.0,23.0,51.0,69.0,261.6858215332031,220.5586700439453,28.0,93.0,212.0,379.0,560.0,450.001220703125,326.2294921875,90.0,188.0,366.0,673.0,951.0,448.823974609375,326.9659423828125,90.0,187.0,364.0,668.0,952.0,,,,,,,,,,,,,,,,,,,,,,575.9314575195312,262.3455810546875,303.0,378.75,505.0,727.0,973.0999999999999,162.4520263671875,39.31467056274414,111.0,153.0,171.0,185.0,199.0,162.40187072753906,37.058929443359375,115.0,152.0,170.0,184.0,197.0,111.10868072509766,29.222949981689453,80.0,106.0,117.0,127.0,136.0,122.76409149169922,22.704679489135742,96.0,111.0,124.0,137.0,148.0,151.84841918945312,50.25584030151367,90.0,134.0,158.0,174.0,189.0,,,,,,,,,,,,,,,,,,,,,
s1257,,,,,,,,,,,,,,,272.34930419921875,151.87295532226562,106.0,158.0,244.0,362.0,472.0,265.44512939453125,151.32473754882812,104.0,156.0,237.0,350.0,476.0,110.49776458740234,29.060224533081055,81.0,101.0,115.0,128.0,139.0,13.724763870239258,264.70367431640625,-238.0,59.0,107.0,130.0,145.0,88.60757446289062,26.930431365966797,57.0,75.0,91.0,106.0,119.0,250.74388122558594,171.96871948242188,85.0,131.0,207.0,322.0,485.0,142.4020538330078,32.22529220581055,103.0,127.0,145.0,162.0,177.0,132.97756958007812,35.273624420166016,87.0,118.0,139.0,155.0,170.0,108.60637664794922,22.40778923034668,82.0,96.0,109.0,123.0,135.0,113.36358642578125,26.470958709716797,80.0,97.0,114.0,131.0,146.0,122.99058532714844,30.04449462890625,81.0,108.0,128.0,143.0,156.0,-10.354193687438965,192.99517822265625,-103.0,15.0,43.0,66.0,89.0,101.76494598388672,39.20490264892578,43.0,81.0,109.0,130.0,145.0,31.74236297607422,20.621257781982422,8.0,18.0,30.0,43.0,58.0
s1258,,,,,,,,,,,,,,,,,,,,,,,,,,,,,,,,,,,,21.41567611694336,38.62890625,-25.0,-1.0,22.0,47.0,66.20000000000005,,,,,,,,,,,,,,,,,,,,,,,,,,,,,42.01737594604492,33.55860137939453,0.0,20.0,42.0,64.0,84.0,74.1953125,37.99045944213867,29.0,50.0,74.0,98.0,121.0,335.1004333496094,79.83895111083984,224.0,318.0,355.0,383.0,406.0,29.571964263916016,55.29150390625,-29.0,3.0,35.0,62.0,86.0,208.70889282226562,110.4570083618164,61.0,120.0,211.0,296.0,356.0,,,,,,,
s1259,,,,,,,,,,,,,,,,,,,,,,,,,,,,,29.621278762817383,28.46472930908203,-5.0,11.0,30.0,48.0,65.0,-10.025256156921387,87.73471069335938,-55.0,-25.0,1.0,25.0,45.0,,,,,,,,,,,,,,,,,,,,,,,,,,,,,51.5329704284668,31.040042877197266,12.0,31.0,51.0,72.0,91.0,43.413291931152344,27.86804962158203,9.0,26.0,44.0,61.0,77.0,46.112674713134766,82.55467224121094,13.0,29.0,44.0,58.0,71.0,-25.265527725219727,181.88134765625,-85.0,-12.0,20.0,48.0,72.0,38.814247131347656,26.148550033569336,8.0,24.0,40.0,55.0,69.0,,,,,,,
s1261,,,,,,,,,,,,,,,,,,,,,,,,,,,,,,,,,,,,,,,,,,,,,,,,,,,,,,,,,,,,,,,,,,,,,,,,,,,,,,,,,,,,,191.9798583984375,130.0174102783203,86.0,140.0,189.0,234.0,276.0,53.80323791503906,107.38729858398438,-59.0,-3.0,57.0,114.0,173.0,171.31207275390625,80.91851043701172,71.0,123.0,175.0,224.0,268.0,,,,,,,
s1262,,,,,,,,233.72190856933594,163.07281494140625,58.0,117.0,197.5,317.0,473.0,242.90570068359375,222.97903442382812,46.0,92.0,168.0,326.0,551.0,234.65606689453125,213.8759002685547,42.0,88.0,165.0,321.0,534.0,124.01022338867188,46.76216506958008,65.0,96.0,126.0,155.0,181.0,-7.262084007263184,231.9073944091797,-45.0,15.0,51.0,83.0,109.0,73.39771270751953,49.06996536254883,10.0,43.0,76.0,106.0,133.0,297.34246826171875,237.09912109375,84.0,127.0,214.0,401.0,644.0,105.20262908935547,56.69654083251953,30.0,66.0,109.0,145.0,173.0,106.84405517578125,56.42161560058594,31.5,67.0,112.0,147.0,175.0,63.563873291015625,37.02936553955078,17.0,40.0,64.0,87.0,109.0,78.10001373291016,96.37273406982422,9.0,31.0,58.0,91.0,135.0,321.0967102050781,86.81086730957031,206.0,298.0,338.0,366.0,391.0,-23.320932388305664,193.642333984375,-85.0,-9.0,26.0,54.0,78.0,260.7548522949219,167.0015869140625,73.0,115.0,272.0,359.0,465.0,17.581226348876953,37.485694885253906,-20.899999999999977,-1.0,18.0,39.0,58.0
s1264,,,,,,,,280.42840576171875,134.00192260742188,150.60000000000002,192.0,253.0,334.0,432.79999999999995,252.05191040039062,169.60475158691406,84.0,131.0,212.0,331.0,466.0,280.36395263671875,180.07623291015625,88.0,140.0,241.0,379.0,531.0,101.76808166503906,28.495882034301758,67.0,86.0,103.0,120.0,135.0,-17.53160285949707,279.1252746582031,-415.0,44.0,81.0,104.0,123.0,101.77622985839844,34.768611907958984,60.0,84.0,104.0,123.0,141.0,296.08416748046875,199.02859497070312,113.0,152.0,237.0,379.0,576.0,159.49253845214844,60.02924728393555,114.0,141.0,161.0,179.0,197.0,151.2199249267578,38.969505310058594,109.0,135.0,154.0,172.0,188.0,87.77781677246094,26.134666442871094,56.0,72.0,88.0,104.0,119.0,113.15093231201172,37.37152099609375,68.0,89.0,111.0,136.0,161.0,247.11192321777344,70.49266815185547,184.0,227.0,251.0,272.0,290.0,29.195446014404297,171.524658203125,-1.0,39.0,66.0,89.0,111.0,172.72210693359375,68.28893280029297,82.0,120.0,178.0,224.0,259.0,32.12883377075195,27.10537338256836,-1.0,13.0,30.0,50.0,64.0
s1267,25.29088020324707,25.058048248291016,2.0,16.0,28.0,40.0,51.0,177.3489532470703,198.43043518066406,-16.0,37.0,126.0,264.0,437.0,315.1956787109375,274.74603271484375,62.600000000000364,121.0,223.0,436.0,723.0,314.826416015625,281.38140869140625,56.0,113.0,219.0,447.0,735.0,91.60242462158203,37.149471282958984,71.0,84.0,96.0,107.0,117.0,-14.33656120300293,233.0758514404297,-126.0,4.0,48.0,72.0,99.0,64.5737075805664,31.5401611328125,23.0,50.0,70.0,85.0,98.0,272.61761474609375,193.11061096191406,104.0,140.0,215.0,350.0,508.0,105.41502380371094,32.71046447753906,68.0,96.0,112.0,125.0,136.0,103.48450469970703,34.13361358642578,60.0,93.0,111.0,125.0,135.0,89.40509033203125,26.260948181152344,68.0,80.0,91.0,102.0,112.0,100.03398895263672,20.20111846923828,76.0,89.0,101.0,113.0,124.0,102.80387115478516,27.180438995361328,70.0,94.0,108.0,119.0,128.0,19.02297592163086,140.1750030517578,-8.0,32.0,50.0,65.0,79.0,98.53288269042969,33.764427185058594,70.0,88.0,104.0,116.0,126.0,,,,,,,
s1268,,,,,,,,,,,,,,,,,,,,,,,,,,,,,,,,,,,,,,,,,,,,,,,,,,,,,,,,,,,,,,,,,,,,,,,,,,,,,,,,,,,,,172.45098876953125,90.89225769042969,63.0,119.0,176.0,228.0,276.0,35.0538215637207,152.1697540283203,-99.09999999999991,-25.0,44.5,113.0,181.0,166.36758422851562,92.92218780517578,47.0,108.0,169.0,228.0,280.0,,,,,,,
s1269,,,,,,,,,,,,,,,,,,,,,,,,,,,,,68.37669372558594,48.13795471191406,7.0,39.0,70.0,100.0,127.0,-288.30572509765625,455.7628479003906,-996.0,-948.0,-5.0,42.0,74.0,44.025428771972656,46.00614547729492,-15.0,16.0,47.0,75.0,99.0,,,,,,,,66.20880889892578,54.542930603027344,-3.0,30.0,68.0,103.0,133.0,73.2635498046875,52.78354263305664,3.0,40.0,76.0,107.0,136.0,60.43768310546875,38.53118133544922,12.0,36.0,61.0,85.0,108.0,70.85894012451172,42.553932189941406,17.0,43.0,71.0,98.0,125.0,244.1543426513672,63.064022064208984,161.0,218.0,256.0,284.0,308.0,-281.2245178222656,429.0150451660156,-976.0,-787.0,-32.0,41.0,89.0,190.54319763183594,90.31297302246094,63.0,120.0,205.0,259.0,298.0,14.943066596984863,36.76153564453125,-30.0,-9.0,15.0,39.0,61.0
s1270,,,,,,,,,,,,,,,,,,,,,,,,,,,,,95.0234146118164,24.859033584594727,66.0,81.0,96.0,111.0,125.0,-52.771366119384766,344.5107727050781,-905.0,25.0,68.0,105.0,147.0,76.82685852050781,41.101036071777344,31.0,56.0,79.0,101.0,124.0,,,,,,,,134.00169372558594,35.99494171142578,93.0,117.0,138.0,157.0,173.0,132.72525024414062,37.17098617553711,88.0,115.0,137.0,157.0,174.0,98.8442611694336,27.11967658996582,68.0,84.0,100.0,116.0,130.0,106.5974349975586,32.2819709777832,66.0,86.0,107.0,128.0,147.0,126.29264831542969,38.549251556396484,81.0,113.0,133.0,150.0,164.0,41.752296447753906,70.34764862060547,0.0,27.0,49.0,70.0,88.0,115.4745101928711,40.77097702026367,68.0,95.0,121.0,142.0,158.0,36.2813720703125,35.20011520385742,-4.0,13.0,34.0,57.25,81.0
s1271,,,,,,,,,,,,,,,,,,,,,,,,,,,,,43.52668380737305,17.56346321105957,22.0,38.0,47.0,54.0,60.0,-201.41708374023438,381.08880615234375,-962.0,-381.75,21.0,42.0,54.0,29.27716064453125,15.773755073547363,9.0,22.0,32.0,40.0,46.0,,,,,,,,26.63243865966797,13.162711143493652,9.0,21.0,30.0,35.0,40.0,27.957651138305664,12.734269142150879,13.0,23.0,30.0,36.0,41.0,55.781185150146484,11.945510864257812,44.0,51.0,57.0,63.0,67.0,37.606136322021484,14.488641738891602,22.0,32.0,40.0,46.0,52.0,43.938724517822266,36.27170181274414,23.0,34.0,42.0,51.0,60.0,24.05311393737793,40.575862884521484,-12.0,11.0,29.0,41.0,57.0,35.70792770385742,25.509714126586914,10.0,31.0,41.0,49.0,55.0,,,,,,,
s1272,,,,,,,,,,,,,,,,,,,,,,,,,,,,,120.6113052368164,31.192045211791992,83.0,106.0,126.0,142.0,153.0,-73.39787292480469,323.25653076171875,-859.0,26.0,56.0,74.0,91.0,98.70537567138672,30.78510284423828,59.0,84.0,103.0,117.0,129.0,,,,,,,,190.48976135253906,57.45131301879883,111.0,159.0,201.0,223.0,246.0,171.13121032714844,57.4720573425293,91.0,126.0,183.0,213.0,230.0,84.33155059814453,20.1184024810791,65.0,75.0,85.0,95.0,104.0,113.26512145996094,43.78220748901367,64.0,87.0,110.0,134.0,169.0,338.01324462890625,160.9720916748047,184.0,265.0,346.0,368.0,413.0,19.236356735229492,72.20344543457031,-32.0,3.0,32.0,53.0,69.0,172.943115234375,84.93787384033203,81.0,110.0,147.0,260.0,297.0,20.42513084411621,16.647180557250977,2.0,10.0,20.0,30.0,41.0
s1273,15.68831729888916,25.389266967773438,0.0,7.0,14.0,23.0,32.0,331.36480712890625,230.3432159423828,133.0,183.0,269.0,418.0,624.0,508.3486022949219,283.86309814453125,190.0,286.0,450.0,685.0,950.0,515.067626953125,289.5380554199219,190.0,286.0,460.0,698.0,963.0,70.59042358398438,11.566247940063477,58.0,65.0,71.0,78.0,83.0,4.962817668914795,160.71539306640625,-11.0,17.0,39.0,53.0,64.0,44.8449821472168,22.32792091369629,13.0,33.0,49.0,60.0,69.0,429.1225280761719,243.44924926757812,211.0,255.0,339.0,525.0,828.0,82.19171905517578,17.95761489868164,61.0,76.0,85.0,93.0,100.0,76.74237823486328,19.778057098388672,51.0,70.0,81.0,89.0,96.0,75.96283721923828,13.4379243850708,62.0,70.0,77.0,84.0,90.0,63.0235710144043,18.475540161132812,43.0,52.0,63.0,74.0,87.0,84.2840805053711,27.966167449951172,56.0,78.0,89.0,97.0,104.0,24.25133514404297,92.72135925292969,0.0,25.0,40.0,52.0,61.0,72.46240997314453,25.641376495361328,43.0,63.0,78.0,89.0,96.0,18.005599975585938,16.945344924926758,0.0,7.0,17.0,28.0,40.0
s1274,,,,,,,,,,,,,,,,,,,,,,,,,,,,,,,,,,,,,,,,,,,,,,,,,,,,,,,,,,,,,,,,,,,,,,,,,,,,,,,,,,,,,50.2183723449707,23.444751739501953,31.0,40.0,49.0,59.0,69.0,-57.79314041137695,260.623046875,-449.0,-23.0,38.0,64.0,92.0,42.6689453125,19.328115463256836,20.0,32.0,44.0,55.0,64.0,,,,,,,
s1275,,,,,,,,,,,,,,,,,,,,,,,,,,,,,,,,,,,,,,,,,,,,,,,,,,,,,,,,,,,,,,,,,,,,,,,,,,,,,,,,,,,,,,,,,,,,49.357295989990234,106.51274108886719,-85.0,-14.0,50.0,115.0,176.0,,,,,,,,,,,,,,
s1276,13.019813537597656,24.32133674621582,-10.0,2.0,13.0,24.0,36.0,203.98648071289062,145.36561584472656,51.0,102.0,174.0,270.0,388.0,339.7036437988281,173.78378295898438,147.0,208.0,303.0,442.0,592.0,344.8525390625,175.9031524658203,152.0,212.0,307.0,447.0,602.0,93.04515075683594,21.187986373901367,67.0,83.0,96.0,107.0,116.0,10.388267517089844,180.94595336914062,2.0,24.0,50.0,72.0,89.0,56.99821090698242,27.89664649963379,20.0,40.0,59.0,75.0,89.0,285.83148193359375,164.52037048339844,136.0,170.0,238.0,348.0,499.5,135.63873291015625,34.8414306640625,84.0,121.0,144.0,159.0,171.0,132.3585205078125,36.705650329589844,76.0,115.0,142.0,158.0,170.0,100.03446960449219,20.822677612304688,76.0,90.0,101.0,112.0,123.0,100.34002685546875,29.67140007019043,64.0,81.0,99.0,119.0,140.0,121.81925964355469,34.89124298095703,72.0,104.0,130.0,146.0,158.0,40.65702819824219,24.444372177124023,9.0,26.0,42.0,57.0,69.0,117.99011993408203,40.1369514465332,68.0,99.0,127.0,146.0,158.0,25.42597770690918,19.933780670166016,2.0,11.0,23.0,39.0,53.0
s1277,,,,,,,,,,,,,,,,,,,,,,,,,,,,,-136.2134246826172,414.14727783203125,-835.0,-680.5,107.0,140.0,163.0,20.268037796020508,187.18540954589844,-46.30000000000001,22.0,68.0,104.0,125.0,,,,,,,,,,,,,,,,,,,,,,,,,,,,,69.59729766845703,28.053659439086914,36.0,51.0,68.0,86.0,104.0,134.0742950439453,31.479259490966797,92.0,115.0,136.0,155.0,171.19999999999982,289.8760681152344,62.59868240356445,203.10000000000036,275.0,300.0,323.0,354.0,27.88271713256836,138.23779296875,-8.0,32.0,57.0,79.0,100.0,191.7858123779297,104.17374420166016,76.0,111.0,164.0,286.0,354.0,,,,,,,
s1278,,,,,,,,,,,,,,,,,,,,,,,,,,,,,32.72068405151367,34.63090515136719,-11.0,11.0,34.0,56.0,75.0,-11.327516555786133,131.15170288085938,-53.0,-21.0,7.0,36.0,61.0,18.278276443481445,45.61748504638672,-41.0,-11.0,20.0,49.0,75.0,,,,,,,,16.185951232910156,41.75705337524414,-37.0,-10.0,16.0,44.0,69.0,12.10068416595459,39.59956359863281,-39.0,-13.0,13.0,39.0,62.0,44.273983001708984,36.762367248535156,-2.0,20.0,45.0,68.0,90.0,35.41290283203125,38.535797119140625,-12.0,10.0,35.0,61.0,84.0,38.96470260620117,40.18901062011719,-4.0,17.0,39.0,59.0,79.0,-109.04183959960938,273.1087951660156,-577.3999999999999,-57.0,-5.0,24.0,49.0,32.60490798950195,34.972137451171875,-9.0,12.0,34.0,55.0,74.0,3.7263591289520264,38.86543655395508,-46.0,-22.0,3.0,29.0,53.0
s1279,11.167620658874512,30.115379333496094,-25.799999999999997,-7.0,10.0,30.5,51.0,251.30429077148438,198.50535583496094,45.0,103.0,206.0,352.0,526.0,459.9450378417969,346.90374755859375,98.0,189.0,350.0,683.0,1026.7000000000044,,,,,,,,,,,,,,,,,,,,,,,,,,,,,,,,,,,,,,,,,,,,,,,,,,,,,,,,,,,,,,,,,,,,,,,,,,,,,,,,,,,,,,,,,,,
s1280,,,,,,,,,,,,,,,,,,,,,,,,,,,,,60.765830993652344,88.345947265625,-48.0,4.0,58.0,115.0,173.0,14.826715469360352,112.39278411865234,-107.0,-42.0,18.0,80.0,141.0,,,,,,,,,,,,,,,,,,,,,,,,,,,,,32.147457122802734,82.54124450683594,-68.0,-19.0,30.0,82.0,136.0,37.9921875,65.25531768798828,-40.0,-1.0,37.0,77.0,117.0,318.2300720214844,105.873779296875,166.5,270.0,336.0,386.0,431.0,-24.859851837158203,212.49526977539062,-118.0,-29.0,24.0,70.0,114.0,206.92710876464844,133.35768127441406,35.0,109.0,207.0,304.0,379.0,,,,,,,
s1281,,,,,,,,,,,,,,,,,,,,,,,,,,,,,140.87179565429688,35.36560821533203,98.0,121.0,142.0,163.0,182.0,94.43281555175781,112.32232666015625,35.0,76.0,111.0,141.0,166.0,127.5817642211914,43.054718017578125,74.0,102.0,128.0,155.0,179.0,323.17803955078125,219.3826446533203,109.0,169.0,271.0,423.0,595.0,207.4742431640625,59.875675201416016,124.0,165.75,213.0,250.0,280.0,189.57618713378906,71.94790649414062,93.0,137.0,195.0,244.0,278.0,142.2947235107422,37.273780822753906,98.0,120.0,142.0,164.0,186.0,167.06227111816406,51.905296325683594,96.30000000000007,131.0,173.0,205.0,229.0,171.8411865234375,52.39858627319336,109.0,151.0,179.0,200.0,219.0,60.87415313720703,80.74970245361328,12.0,42.0,70.0,95.0,118.0,173.03665161132812,51.71925735473633,116.0,150.0,180.0,205.0,225.0,,,,,,,
s1283,-1.2361994981765747,41.341732025146484,-69.0,-17.0,9.0,26.0,40.0,202.81039428710938,218.40078735351562,15.0,61.0,137.0,266.0,484.0,373.75347900390625,315.7368469238281,73.0,129.0,261.0,547.0,890.0,362.45037841796875,315.0781555175781,63.0,120.0,250.0,530.0,877.6000000000058,38.13557815551758,20.94322967529297,16.0,29.0,40.0,51.0,60.0,-9.367934226989746,177.7021026611328,-17.0,16.0,31.0,43.0,54.0,0.31937965750694275,38.126502990722656,-55.0,-23.0,7.0,28.0,44.0,386.37432861328125,288.42034912109375,135.0,180.0,279.0,496.0,857.6000000000004,24.410140991210938,21.73141860961914,-1.0,14.0,26.0,38.0,49.0,23.461809158325195,21.679637908935547,-2.0,13.0,26.0,37.0,47.0,38.01572799682617,18.00102424621582,17.0,28.0,39.0,49.0,59.0,35.0203742980957,20.535917282104492,10.0,24.0,37.0,48.0,59.0,52.6453742980957,97.4270248413086,15.0,28.0,39.0,50.0,65.0,14.25368881225586,70.5771255493164,-28.0,8.0,28.0,43.0,55.0,29.979963302612305,23.855113983154297,2.0,22.0,34.0,44.0,52.0,5.046597003936768,18.127647399902344,-16.0,-6.0,5.0,17.0,27.0
s1285,,,,,,,,,,,,,,,350.7255554199219,162.8408203125,146.60000000000002,226.0,334.0,456.0,578.8000000000002,359.4113464355469,185.61965942382812,123.0,202.0,340.0,503.5,609.0,82.08963012695312,22.681123733520508,54.0,68.0,83.0,97.0,109.0,-87.78203582763672,361.08514404296875,-956.0,21.0,70.0,94.0,111.0,61.264591217041016,28.893571853637695,25.0,44.0,62.0,80.0,95.0,223.81333923339844,204.21395874023438,12.0,60.0,189.0,330.0,492.0,115.42967224121094,48.30610656738281,48.0,76.0,127.0,154.0,170.0,121.89669036865234,48.449462890625,52.0,83.0,134.0,160.0,176.0,55.58977127075195,23.954708099365234,32.0,44.0,56.0,67.0,78.0,51.617549896240234,24.963056564331055,23.0,37.0,51.0,66.0,81.0,379.7828063964844,97.37249755859375,261.0,362.0,395.0,417.0,437.0,6.241581439971924,124.56856536865234,-43.0,2.0,31.0,56.0,77.0,259.1553039550781,139.791259765625,69.0,119.0,287.0,382.0,420.0,33.31598663330078,21.86757469177246,7.0,21.0,34.0,47.0,59.0
s1286,,,,,,,,,,,,,,,,,,,,,,,,,,,,,,,,,,,,,,,,,,,,,,,,,,440.0898742675781,295.2617492675781,196.0,238.0,323.0,533.5,930.0,28.33611297607422,9.437771797180176,19.0,24.0,29.0,34.0,38.0,29.282344818115234,8.276996612548828,20.0,25.0,30.0,34.0,39.0,58.42732620239258,10.566353797912598,47.0,54.0,60.0,65.0,69.0,,,,,,,,42.665611267089844,6.843559265136719,34.0,38.0,43.0,47.0,52.0,,,,,,,,,,,,,,,21.727951049804688,10.157798767089844,8.0,16.0,23.0,28.0,33.0
s1287,23.793947219848633,26.181589126586914,0.0,12.0,24.0,40.0,53.0,151.9955596923828,216.59335327148438,-58.0,-11.0,115.0,241.0,413.0,244.730224609375,291.80059814453125,-14.0,36.0,133.0,379.0,698.0,251.21871948242188,297.4439392089844,-17.0,35.0,137.0,394.0,715.0,82.02481842041016,26.45488166809082,49.09999999999991,73.0,87.0,98.0,108.0,-96.3965072631836,328.9180908203125,-897.0,4.0,29.0,56.0,78.0,63.74304962158203,33.30429458618164,20.0,50.0,71.0,85.0,97.0,253.7997283935547,248.9629364013672,38.0,82.0,180.0,330.0,595.0,135.34695434570312,34.08960723876953,101.0,127.0,142.0,155.0,165.0,133.9875030517578,33.73475646972656,98.0,126.0,141.0,153.0,163.0,106.68966674804688,25.117277145385742,83.0,96.0,108.0,120.0,132.0,83.23014068603516,32.21397018432617,48.0,60.0,77.0,106.0,129.0,136.1945037841797,113.99818420410156,88.0,110.0,122.0,133.0,145.0,-22.205272674560547,236.99037170410156,-135.0,26.0,50.0,67.0,81.0,98.28572845458984,34.99430847167969,55.0,84.0,106.0,121.0,132.0,37.78458023071289,28.61911392211914,3.0,17.0,34.5,59.0,76.30000000000018
s1288,,,,,,,,,,,,,,,,,,,,,,,,,,,,,77.20464324951172,24.25771713256836,49.0,65.0,80.0,93.0,104.0,-120.1432113647461,347.2232360839844,-966.0,-20.0,29.0,55.0,74.0,11.948019027709961,41.05139923095703,-44.09999999999991,-15.0,15.0,42.0,62.0,251.79925537109375,163.78012084960938,107.0,141.0,203.0,312.0,460.0,86.26876068115234,30.490806579589844,46.0,71.0,90.0,107.0,121.0,82.31596374511719,31.621910095214844,41.0,66.0,86.0,103.0,118.0,74.51458740234375,24.064985275268555,46.0,61.0,76.0,90.0,103.0,71.67678833007812,28.247941970825195,35.0,54.0,73.0,91.0,106.0,80.43038177490234,32.88357925415039,43.0,66.0,84.0,99.0,112.0,20.086444854736328,92.62059020996094,-10.0,16.0,35.0,52.0,66.0,82.92638397216797,27.250349044799805,53.0,70.0,86.0,100.0,112.0,21.835418701171875,25.16471290588379,-10.0,6.0,23.0,39.0,53.0
s1289,,,,,,,,,,,,,,,,,,,,,,,,,,,,,15.205222129821777,34.72578811645508,-28.0,-8.0,14.0,38.0,60.0,-192.29718017578125,393.43670654296875,-944.0,-182.0,12.0,46.0,70.0,10.35824966430664,38.55830001831055,-39.0,-14.0,11.0,37.0,58.0,289.3705139160156,225.81982421875,73.0,125.0,219.0,395.0,623.0,40.68355941772461,33.19381332397461,-1.0,20.0,42.0,63.0,82.0,37.18870544433594,33.96132278442383,-5.0,17.0,39.0,60.0,78.0,43.2239990234375,34.68661880493164,-1.0,20.0,44.0,67.0,87.0,52.52012634277344,32.0532112121582,12.0,32.0,53.0,74.0,93.0,70.81088256835938,86.77437591552734,19.0,41.0,62.0,82.0,105.0,-60.57685852050781,262.6303405761719,-418.1999999999998,-13.0,29.0,58.0,83.0,51.71870422363281,34.651885986328125,11.0,32.0,53.0,73.0,91.0,2.7218542098999023,28.516096115112305,-33.0,-16.0,2.0,22.0,39.0
s1290,,,,,,,,,,,,,,,,,,,,,,,,,,,,,,,,,,,,,,,,,,,,,,,,,,,,,,,,,,,,,,,,,,,,,,,,,,,,,,,,,,,,,,,,,,,,-112.49898529052734,253.65072631835938,-511.0,-109.0,-11.0,24.0,56.0,,,,,,,,,,,,,,
s1291,-0.5435988903045654,40.34452438354492,-51.0,-25.0,0.0,26.0,49.0,157.97377014160156,197.96826171875,-35.0,19.0,115.0,239.0,399.0,280.5430603027344,248.2229766845703,47.0,107.0,205.0,381.0,641.0,277.4590759277344,249.15127563476562,40.0,103.0,204.0,382.0,633.0,78.26077270507812,42.04719543457031,26.0,53.0,80.0,106.0,130.0,49.69607162475586,78.63365173339844,-3.0,28.0,58.0,86.0,111.0,37.64213562011719,47.83644104003906,-23.0,6.0,39.0,70.0,97.0,289.3656921386719,273.94293212890625,51.0,104.0,202.0,371.0,669.0,110.22583770751953,53.55911636352539,41.0,77.0,113.0,146.0,176.0,104.77522277832031,52.26028823852539,37.0,73.0,108.0,141.0,169.0,70.74080657958984,40.86466979980469,19.0,44.0,71.0,98.0,122.0,87.27437591552734,45.89006805419922,28.0,57.0,88.0,118.0,145.0,113.10694885253906,128.5679473876953,32.0,63.0,96.0,130.0,166.0,26.465923309326172,56.23320770263672,-31.0,2.0,31.0,59.0,85.0,98.49388122558594,41.96211624145508,47.0,74.0,101.0,126.0,148.0,14.662528038024902,39.39703369140625,-34.0,-10.0,15.0,41.0,65.0
s1292,,,,,,,,,,,,,,,,,,,,,,,,,,,,,99.7603759765625,37.5182991027832,52.0,75.0,100.0,125.0,147.0,19.961807250976562,164.8154754638672,-11.0,22.0,51.0,77.0,101.0,103.33258819580078,41.720157623291016,53.0,78.0,104.0,129.0,153.0,,,,,,,,115.2267837524414,51.97815704345703,44.0,79.0,121.0,152.0,177.0,115.82942199707031,51.48189163208008,45.0,80.0,121.0,153.0,178.0,73.50650024414062,30.54452896118164,35.0,54.0,74.0,93.0,111.0,116.26634216308594,91.78312683105469,36.0,57.0,85.0,144.0,265.0,270.71026611328125,62.08709716796875,189.0,254.0,285.0,308.0,327.0,35.00606918334961,65.87425994873047,-12.0,17.0,42.0,64.0,85.0,236.70465087890625,96.36375427246094,94.0,180.0,255.0,296.0,337.0,14.052872657775879,29.779067993164062,-22.0,-4.0,14.0,33.0,51.0
s1293,10.983057022094727,34.53447341918945,-23.0,-6.0,10.0,28.0,45.0,152.47572326660156,183.66758728027344,-31.0,16.0,111.0,240.0,392.0,250.92002868652344,242.0501708984375,12.0,71.0,178.0,374.0,607.0,260.7435607910156,250.46185302734375,12.0,73.0,183.0,390.0,642.0,101.86967468261719,25.930307388305664,73.0,91.0,105.0,118.0,129.0,-150.5748748779297,395.1775817871094,-977.0,-147.0,48.0,82.0,104.0,40.09720230102539,42.58864974975586,-16.0,13.0,44.0,70.0,92.0,251.10655212402344,236.16134643554688,35.0,80.0,181.0,339.0,594.0,137.29066467285156,42.592254638671875,79.0,113.0,146.0,168.0,184.0,134.50927734375,43.185977935791016,74.0,108.0,143.0,166.0,183.0,100.03591918945312,24.002300262451172,73.0,88.0,101.0,115.0,127.0,104.15355682373047,47.478599548339844,44.0,65.0,102.0,145.0,166.0,129.2093048095703,84.24838256835938,72.0,102.0,123.0,140.0,158.0,65.2440185546875,58.350730895996094,17.0,39.0,66.0,92.0,114.0,127.17670440673828,112.61792755126953,76.0,103.0,124.0,143.0,161.0,,,,,,,
s1294,20.537778854370117,31.30683708190918,2.0,8.0,14.0,24.0,46.0,252.08348083496094,169.35739135742188,72.0,136.0,218.0,329.0,468.0,440.8842468261719,259.1396789550781,179.0,251.0,370.0,572.0,821.0,416.69097900390625,248.0076904296875,172.0,238.0,347.0,537.0,777.0,131.36924743652344,16.776212692260742,113.0,124.0,133.0,142.0,149.0,-254.2560577392578,431.9035339355469,-959.0,-755.0,15.0,76.0,100.0,125.16582489013672,18.334192276000977,103.0,115.0,125.0,136.0,146.0,378.1358642578125,222.78829956054688,192.0,224.0,294.0,455.0,717.0,210.35662841796875,32.259422302246094,165.0,198.0,216.0,230.0,243.0,199.14453125,38.86536407470703,145.0,186.0,210.0,223.0,234.0,127.53960418701172,20.340539932250977,107.0,118.0,128.0,137.0,146.0,165.4170684814453,26.744035720825195,136.0,152.0,164.0,177.0,204.0,175.47293090820312,35.098018646240234,121.0,166.0,187.0,198.0,206.0,-137.19155883789062,308.99761962890625,-703.5999999999999,-243.0,28.0,62.0,84.0,146.39947509765625,58.826202392578125,78.0,119.0,156.0,190.0,206.0,32.898704528808594,17.07423973083496,14.0,21.0,31.0,41.0,55.0
s1295,,,,,,,,,,,,,,,,,,,,,,,,,,,,,,,,,,,,,,,,,,,,,,,,,,,,,,,,,,,,,,,,,,,,,,,,,,,,,,,,,,,,,92.9283676147461,31.293210983276367,53.0,73.0,94.0,114.0,131.0,59.23020553588867,48.987998962402344,1.0,33.0,63.0,90.0,114.0,,,,,,,,,,,,,,
s1296,,,,,,,,,,,,,,,,,,,,,,,,,,,,,58.08111572265625,31.297685623168945,19.0,38.0,58.0,79.0,97.0,-119.1230697631836,318.7689208984375,-871.0,-44.0,10.0,43.0,69.0,46.255088806152344,44.97368240356445,-9.0,20.0,49.0,76.0,99.0,348.693603515625,269.76739501953125,128.0,171.0,256.0,425.0,697.3000000000002,75.31005096435547,45.18098068237305,17.0,46.0,78.0,106.0,130.0,76.7469482421875,47.919769287109375,14.0,47.0,80.0,110.0,134.0,42.29246520996094,32.10922622680664,2.0,22.0,42.0,63.0,82.0,61.12339782714844,41.46063995361328,10.0,35.0,61.0,87.0,112.0,250.05224609375,141.9243927001953,152.0,215.0,247.0,273.0,297.0,-1.2895931005477905,177.95962524414062,-69.0,-8.0,31.0,62.0,93.0,173.63902282714844,76.08655548095703,67.0,117.0,186.0,232.0,261.0,5.238593578338623,31.102920532226562,-34.0,-15.0,5.0,25.0,44.0
s1297,8.860923767089844,24.07075309753418,-12.0,-1.0,8.0,20.0,37.0,279.26824951171875,196.03575134277344,84.0,142.0,232.0,371.0,547.0,428.5199890136719,280.1038513183594,138.0,218.0,354.0,582.0,859.0,411.6611633300781,284.1429138183594,126.0,197.0,332.0,563.0,844.0,100.33110046386719,22.96369171142578,80.0,95.0,104.0,113.0,120.0,-12.077503204345703,226.35971069335938,0.0,27.0,42.0,61.0,78.0,59.753753662109375,34.669315338134766,14.0,46.0,66.0,81.0,94.0,408.4618835449219,229.3412322998047,191.0,242.0,338.0,512.0,737.0,127.75141906738281,40.69103240966797,76.0,101.0,139.0,158.0,170.0,121.60910034179688,41.448997497558594,66.20000000000027,95.0,133.0,153.0,165.0,97.1040267944336,21.596223831176758,77.0,89.0,98.0,108.0,117.0,136.84849548339844,38.28614807128906,89.0,111.0,139.0,163.0,188.0,162.4979705810547,100.0962905883789,92.0,138.0,156.0,169.0,182.0,36.59814453125,64.0047607421875,-6.0,26.0,46.0,64.0,79.0,121.86996459960938,45.12187194824219,61.0,94.0,134.0,157.0,169.0,26.440645217895508,16.386079788208008,8.0,15.0,25.0,36.0,48.0
s1298,,,,,,,,,,,,,,,,,,,,,,,,,,,,,44.515228271484375,29.213455200195312,5.0,25.0,46.0,66.0,81.0,-68.87822723388672,270.2734375,-491.0,0.0,24.0,46.0,63.0,52.8859977722168,30.558795928955078,10.0,33.0,57.0,74.0,88.0,,,,,,,,76.23471069335938,25.38341522216797,43.0,63.0,79.0,93.0,105.0,55.49590301513672,29.40103530883789,19.0,38.0,57.0,74.0,88.0,69.88175201416016,22.815868377685547,42.0,58.0,72.0,85.0,96.0,67.45523071289062,18.852317810058594,44.0,55.0,67.0,80.0,91.0,125.57378387451172,47.28532791137695,84.0,108.0,126.0,141.0,155.0,55.84035110473633,64.49008178710938,23.0,42.0,61.0,77.0,91.0,98.179443359375,67.00642395019531,56.0,80.0,97.0,112.0,126.0,,,,,,,
s1299,,,,,,,,,,,,,,,,,,,,,,,,,,,,,,,,,,,,,,,,,,,,,,,,,,,,,,,,,,,,,,,,,,,,,,,,,,,,,,,,,,,,,49.087730407714844,22.0827693939209,29.0,40.0,49.0,58.0,68.0,-8.108588218688965,130.55218505859375,-140.0,-27.0,31.0,62.0,87.0,,,,,,,,,,,,,,
s1301,35.838130950927734,45.99477005004883,-20.0,12.0,40.0,66.0,88.0,244.5006561279297,285.1791687011719,-11.0,42.0,146.0,354.0,681.0,369.6475524902344,341.8403015136719,36.0,100.0,252.0,565.0,931.4000000000087,434.1595458984375,574.72412109375,34.0,91.0,239.0,573.0,1015.0,,,,,,,,,,,,,,,,,,,,,,442.479736328125,350.4425964355469,83.0,154.0,333.0,671.75,1007.0,,,,,,,,25.34935188293457,35.481178283691406,-20.0,2.0,26.0,49.0,70.0,,,,,,,,39.196311950683594,42.947845458984375,-8.0,14.0,38.0,63.0,87.0,70.14742279052734,135.73370361328125,-7.0,17.0,44.0,75.0,115.0,,,,,,,,,,,,,,,,,,,,,
s1303,26.863256454467773,151.0501251220703,-166.0,-69.0,27.0,123.0,216.0,168.63294982910156,312.4556579589844,-183.59999999999997,-49.0,128.0,333.0,569.0,272.9473876953125,428.38525390625,-165.0,-20.0,170.0,463.0,913.0,,,,,,,,,,,,,,,,,,,,,,,,,,,,,,,,,,,,,,,,,,,,,,,,,,,,,,,,,,,,,,,,,,,,,,,,,,,,,,,,,,,,,,,,,,,
s1304,11.098376274108887,20.94192123413086,-11.0,0.0,10.0,22.0,37.0,205.3585662841797,177.23313903808594,45.0,86.0,151.0,270.0,444.0,310.0758056640625,274.76898193359375,77.0,119.0,201.0,415.0,734.0,294.21435546875,263.28228759765625,64.0,110.0,192.0,398.0,710.0,83.85417175292969,21.50022315979004,57.0,72.0,86.0,98.0,109.0,60.69681167602539,99.40853118896484,31.0,58.0,78.0,92.0,104.0,70.50900268554688,28.43699836730957,33.0,55.0,74.0,89.0,102.0,321.60455322265625,245.5901336669922,119.0,150.0,233.0,397.0,687.7000000000007,102.76377868652344,35.419002532958984,54.0,78.0,109.0,130.0,144.0,111.40766906738281,35.92403793334961,61.0,87.0,118.0,138.0,152.0,63.496192932128906,19.309457778930664,40.0,52.0,64.0,76.0,87.0,76.88350677490234,23.384592056274414,47.0,61.0,77.0,92.0,106.0,148.7647705078125,50.50774002075195,97.0,129.0,153.0,172.0,185.0,-25.20728302001953,179.689208984375,-165.0,2.0,31.0,50.0,66.0,108.81303405761719,29.412160873413086,78.0,97.0,112.0,126.0,137.0,0.9972811341285706,29.28664207458496,-35.0,-13.0,3.0,20.0,34.0
s1305,,,,,,,,,,,,,,,,,,,,,,396.0154113769531,264.1252746582031,138.0,210.0,312.0,504.0,806.0,176.36328125,67.34017181396484,84.0,130.0,182.0,224.0,259.0,47.81161880493164,145.33013916015625,1.0,35.75,69.0,102.0,129.0,64.86865234375,60.24811553955078,-15.0,30.0,70.0,104.5,134.0,328.90631103515625,289.25970458984375,93.0,144.0,232.0,401.0,709.8999999999996,175.13287353515625,94.2236557006836,38.0,97.0,194.0,249.0,285.0,39.47698211669922,40.84944152832031,-10.899999999999991,13.0,41.0,67.0,90.0,66.43603515625,36.96294021606445,22.0,44.0,67.0,89.0,111.0,59.38906478881836,52.16234588623047,3.0,26.0,53.0,84.0,123.0,654.707763671875,171.71994018554688,382.0,631.0,699.0,751.0,794.0,30.054346084594727,107.34449768066406,-33.0,9.0,44.0,76.0,109.0,556.6196899414062,287.0980224609375,149.0,262.0,626.0,762.0,888.0,14.931927680969238,35.14158248901367,-28.0,-8.0,13.0,36.0,59.0
s1307,-10.268878936767578,52.9447021484375,-71.0,-32.0,-1.0,21.0,38.0,184.5526123046875,170.0611572265625,25.0,68.0,138.0,251.0,408.0,339.16973876953125,287.5691223144531,77.0,131.0,240.0,465.0,779.0,310.45257568359375,256.5002136230469,69.0,123.0,226.0,428.0,700.0,55.767269134521484,32.305992126464844,15.0,36.0,57.0,77.0,95.0,-54.797935485839844,263.88714599609375,-272.60000000000036,-5.0,28.0,55.0,77.0,39.3453483581543,37.690399169921875,-11.0,17.0,43.5,65.0,84.0,321.9411926269531,229.64915466308594,122.0,159.0,247.0,410.25,639.0,90.9251708984375,35.4589729309082,43.0,72.0,96.0,115.0,131.0,101.5776596069336,36.20545196533203,53.0,85.0,108.0,126.0,141.0,43.7831916809082,29.64212417602539,7.0,25.0,43.0,62.0,81.0,150.9836883544922,31.66864776611328,110.0,134.0,155.0,172.0,187.0,157.2660675048828,52.539520263671875,84.0,137.0,168.0,188.0,205.0,23.910673141479492,160.33233642578125,-40.19999999999993,34.0,65.0,90.0,109.0,141.7819366455078,43.6546630859375,84.0,117.0,149.0,173.0,190.0,17.7690372467041,27.778409957885742,-17.0,0.0,19.0,36.0,52.0
s1308,,,,,,,,,,,,,,,,,,,,,,,,,,,,,94.81676483154297,120.97822570800781,-56.0,17.0,94.0,173.0,246.0,-52.12858963012695,330.4739990234375,-714.0999999999995,-75.0,36.0,129.0,214.0,72.9588394165039,142.56143188476562,-106.0,-20.0,70.0,166.0,252.0,,,,,,,,,,,,,,,,,,,,,,89.8487777709961,126.69204711914062,-66.0,11.0,89.0,168.0,247.0,107.83827209472656,113.85964965820312,-28.0,46.0,113.0,173.0,235.0,111.51947021484375,114.86412048339844,-13.0,53.0,117.0,178.0,236.0,10.828221321105957,155.0933837890625,-123.0,-49.0,22.0,91.0,160.0,110.89990234375,99.7871322631836,-5.0,52.0,112.0,172.0,229.0,,,,,,,
s1309,2.5601003170013428,31.31146812438965,-44.0,-8.0,8.0,21.0,34.0,61.6274299621582,110.684326171875,-48.0,-11.0,39.0,108.0,189.0,102.02213287353516,117.9264144897461,-12.0,24.0,75.0,150.0,254.0,123.7879867553711,134.12217712402344,-3.0,32.0,88.0,180.0,305.0,,,,,,,,-217.3638458251953,446.3878173828125,-979.0,-722.0,39.0,69.0,111.0,61.46171951293945,33.73728942871094,16.0,43.0,67.0,84.0,98.0,149.09213256835938,125.75940704345703,41.0,71.0,121.0,185.0,280.0,16.61035919189453,87.64393615722656,-101.0,-66.0,28.0,87.0,118.0,31.92899513244629,69.85391235351562,-78.0,-14.0,48.0,84.0,112.0,97.59146881103516,24.460857391357422,70.0,86.0,100.0,112.0,124.0,99.75629425048828,35.024688720703125,59.0,76.0,96.0,124.0,149.0,156.4871826171875,131.7458953857422,61.0,110.0,142.0,164.0,190.0,39.62699508666992,29.755271911621094,1.0,20.0,40.0,59.0,77.0,126.91551208496094,45.81595993041992,75.0,103.0,133.0,156.0,173.0,,,,,,,
s1310,414.0744323730469,47.026607513427734,373.0,397.0,420.0,441.0,459.0,239.356689453125,228.02273559570312,2.0,76.0,198.0,334.0,529.0,374.65985107421875,244.2714080810547,94.0,204.0,332.0,508.0,707.0,381.1603698730469,247.8233184814453,94.0,201.0,338.0,524.0,725.0,134.11891174316406,27.48145866394043,100.0,121.0,137.0,151.0,164.0,47.98652648925781,117.91146087646484,11.0,53.0,73.0,89.0,105.0,105.7082290649414,30.248319625854492,70.0,88.0,105.0,122.0,139.0,443.7434997558594,273.550048828125,177.0,240.0,357.0,587.0,849.0,187.29788208007812,86.31575012207031,111.0,139.0,181.0,215.0,241.0,157.52890014648438,49.413944244384766,94.0,121.0,160.0,196.0,218.0,86.31401062011719,20.272016525268555,65.0,76.0,86.0,97.0,107.0,143.715576171875,125.1146011352539,59.0,73.0,90.0,147.0,344.0,543.3508911132812,122.95845031738281,345.0,501.0,588.0,615.0,636.0,-184.51565551757812,372.9188537597656,-875.0,-436.0,33.0,84.0,107.0,488.5531005859375,238.2561798095703,150.0,285.0,543.0,647.0,742.0,,,,,,,
s1311,,,,,,,,,,,,,,,,,,,,,,,,,,,,,71.75335693359375,99.2636947631836,-53.0,5.0,71.0,137.0,198.0,-10.952652931213379,192.48565673828125,-155.0,-69.0,13.0,91.0,161.0,32.515254974365234,117.8918228149414,-114.0,-48.0,31.0,113.5,187.0,,,,,,,,,,,,,,,,,,,,,,53.26934051513672,103.52764892578125,-77.0,-14.0,53.0,121.0,184.0,73.15995025634766,127.11430358886719,-86.0,-10.0,72.0,155.0,235.0,304.2022705078125,128.7327423095703,143.0,232.0,312.0,383.0,445.0,22.841732025146484,166.76577758789062,-122.0,-35.0,40.0,114.0,183.0,180.73475646972656,135.09742736816406,15.0,90.0,174.0,264.0,354.0,25.679000854492188,101.76512145996094,-105.89999999999998,-42.0,26.0,91.0,153.0
s1312,,,,,,,,,,,,,,,,,,,,,,,,,,,,,76.95511627197266,25.14002227783203,50.0,67.0,80.0,92.0,103.0,-220.95704650878906,402.9705810546875,-965.0,-499.0,19.0,56.0,77.0,39.17341232299805,37.08184051513672,-12.0,20.0,46.0,65.0,79.0,222.314453125,150.65304565429688,97.0,123.0,167.0,281.0,415.0,91.83087158203125,34.879051208496094,47.0,71.0,96.0,117.0,132.0,95.99737548828125,32.854976654052734,54.0,81.0,102.0,118.0,131.0,85.38671875,27.410884857177734,58.0,75.0,89.0,101.0,113.0,60.88483810424805,25.277782440185547,30.0,47.0,63.0,77.0,91.0,99.8028793334961,28.384584426879883,65.0,87.0,104.0,118.0,130.0,,,,,,,,,,,,,,,,,,,,,
s1314,18.1614990234375,23.418270111083984,-2.0,9.0,20.0,31.0,42.0,222.02777099609375,196.76327514648438,22.0,81.0,174.0,311.0,493.0,403.0636291503906,298.4265441894531,102.0,176.0,310.0,568.0,871.0,396.2281188964844,288.5284423828125,102.0,176.0,310.0,560.0,846.0,135.87306213378906,36.67453384399414,84.0,126.0,145.0,158.0,169.0,-35.4662971496582,244.03695678710938,-50.0,2.0,21.0,52.0,96.0,102.46772766113281,30.31873893737793,68.0,88.0,105.0,120.0,134.0,338.03509521484375,211.79827880859375,159.0,193.0,267.0,410.0,630.0,237.08619689941406,63.26793670654297,151.0,191.0,249.0,287.0,310.0,243.2849884033203,73.21415710449219,144.0,187.0,257.0,304.0,328.0,109.51922607421875,25.275005340576172,81.0,96.0,110.0,124.0,137.0,169.44618225097656,58.58417892456055,96.0,121.0,168.0,216.0,244.0,357.87451171875,79.31956481933594,238.0,331.0,377.0,409.0,431.0,-130.85519409179688,352.3227844238281,-857.0,-198.25,51.0,87.0,112.0,213.58018493652344,74.23517608642578,112.0,157.0,226.0,270.0,302.0,19.98475456237793,21.803707122802734,-2.0,7.0,18.0,31.0,46.0
s1315,,,,,,,,,,,,,,,446.7767639160156,160.88742065429688,254.3,320.25,427.0,557.0,663.7,450.6831359863281,170.25509643554688,253.0,335.0,423.0,550.0,676.3000000000002,,,,,,,,,,,,,,,,,,,,,,455.11669921875,207.2863311767578,248.0,301.0,401.0,551.5,770.0,,,,,,,,1.8194444179534912,27.557111740112305,-41.0,-17.0,9.5,23.0,32.0,,,,,,,,36.52861404418945,16.17753791809082,16.0,27.0,38.0,47.0,56.0,38.66488265991211,23.50472068786621,9.0,30.0,42.0,53.0,62.0,,,,,,,,,,,,,,,,,,,,,
s1316,,,,,,,,,,,,,,,,,,,,,,,,,,,,,,,,,,,,,,,,,,,,,,,,,,,,,,,,,,,,,,,,,,,,,,,,,,,,,,,,,,,,,,,,,,,,25.989547729492188,132.37770080566406,-34.599999999999994,33.0,59.0,77.0,93.0,,,,,,,,,,,,,,
s1317,,,,,,,,,,,,,,,,,,,,,,,,,,,,,31.272727966308594,50.0623664855957,-42.0,-3.0,39.0,69.0,88.0,-13.878957748413086,143.9821014404297,-139.29999999999998,-41.0,30.0,64.0,97.0,,,,,,,,,,,,,,,,,,,,,,,,,,,,,48.2286376953125,21.616493225097656,22.0,37.0,50.0,62.0,73.0,35.59553146362305,26.598026275634766,1.0,19.0,37.0,53.0,68.0,32.95964050292969,38.283241271972656,-2.0,17.0,34.0,51.0,67.0,-43.745235443115234,198.0899200439453,-245.29999999999995,-28.0,13.0,45.0,79.0,32.44167709350586,27.7368106842041,0.0,20.0,36.0,50.0,62.0,,,,,,,
s1318,,,,,,,,,,,,,,,,,,,,,,,,,,,,,,,,,,,,,,,,,,,,,,,,,,,,,,,,,,,,,,,,,,,,,,,,,,,,,,,,,,,,,152.05825805664062,93.55831909179688,71.0,115.0,155.0,194.0,230.0,-13.847708702087402,266.0788269042969,-192.69999999999993,-27.0,40.0,106.0,182.0,156.46238708496094,65.31080627441406,76.0,117.0,157.0,197.0,236.0,,,,,,,
s1319,6.510622978210449,20.342811584472656,-12.0,-2.0,7.0,18.0,29.0,64.66569519042969,132.27371215820312,-80.0,-38.0,43.0,133.0,241.0,185.22329711914062,200.93113708496094,-11.0,39.0,133.0,274.0,460.0,190.27340698242188,206.22955322265625,-9.0,41.0,132.0,281.0,478.0,40.9441032409668,18.4095401763916,20.0,35.0,45.0,52.0,58.0,-86.65931701660156,294.6010437011719,-624.0,2.0,25.0,37.0,46.0,29.67479133605957,16.74053382873535,7.0,22.0,32.0,41.0,48.0,176.855712890625,168.66148376464844,2.0,54.0,143.0,254.0,402.0,21.81754493713379,16.491212844848633,0.0,15.0,25.0,33.0,38.0,18.1063232421875,18.92633628845215,-8.0,11.0,22.0,30.0,38.0,56.325130462646484,17.020917892456055,37.0,49.0,59.0,67.0,74.0,27.038429260253906,16.55787467956543,10.0,19.0,27.0,36.0,44.0,66.26502990722656,130.9161376953125,15.0,26.0,36.0,48.0,99.0,-12.553155899047852,143.6752166748047,-62.0,-3.0,24.0,42.0,55.0,28.359352111816406,16.48395347595215,9.0,22.0,31.0,38.0,45.0,14.960204124450684,14.601776123046875,-2.0,6.0,15.0,25.0,33.0
s1321,-12.785202026367188,146.7096405029297,-40.0,2.0,15.0,27.0,40.0,149.61776733398438,181.31427001953125,-28.0,12.0,102.0,240.0,394.0,276.3124084472656,274.8385925292969,45.0,87.0,171.0,375.0,692.0,242.22802734375,237.46420288085938,33.0,75.0,157.0,336.0,596.0,133.1457977294922,29.85947608947754,100.0,123.0,138.0,151.0,163.0,114.55998992919922,40.44451904296875,73.0,99.0,122.0,137.0,149.0,113.8382568359375,34.154075622558594,71.0,101.0,120.0,135.0,148.0,243.8218536376953,197.3720245361328,86.0,116.0,177.0,305.0,483.0,147.93629455566406,49.95372009277344,78.0,118.0,159.0,184.0,202.0,167.7410430908203,50.458099365234375,98.0,138.0,179.0,204.0,222.0,105.29851531982422,24.80618667602539,75.0,90.0,106.0,122.0,136.0,122.89440155029297,27.566919326782227,90.0,107.0,124.0,140.0,156.0,254.003662109375,80.47576141357422,159.0,226.0,264.0,294.0,311.0,-58.64377212524414,247.6295166015625,-433.0,-34.0,37.0,68.0,92.0,166.63536071777344,49.74068069458008,101.0,139.0,173.0,201.0,224.0,25.70155143737793,19.7880802154541,2.0,12.0,24.0,37.0,52.0
s1322,11.748684883117676,46.310604095458984,-46.0,-17.0,11.0,41.0,70.0,222.2722930908203,209.46304321289062,15.0,77.0,171.0,312.0,500.0,367.6931457519531,278.3399353027344,96.0,165.0,281.0,506.0,793.0,375.4805603027344,285.9422607421875,98.0,166.0,284.0,518.0,817.0,96.7219467163086,39.53216552734375,47.0,72.0,97.0,123.0,146.0,-64.36944580078125,306.40911865234375,-702.7999999999993,-2.0,45.0,79.0,106.0,78.19671630859375,40.90584945678711,27.0,52.0,79.0,105.0,129.0,361.57745361328125,235.85140991210938,142.0,202.0,298.0,446.0,673.0,135.7250518798828,47.040367126464844,76.0,107.0,138.0,167.0,193.0,133.4879150390625,50.10829544067383,69.0,104.0,137.0,167.0,193.0,109.60879516601562,37.13450241088867,63.0,86.0,110.0,134.0,156.0,107.92711639404297,40.51724624633789,55.0,82.0,109.0,135.0,158.0,117.65247344970703,43.35734558105469,62.0,91.0,120.0,147.0,170.0,25.19554328918457,85.14559173583984,-18.19999999999999,11.0,38.0,63.0,82.0,112.95560455322266,36.68535614013672,67.0,92.0,117.0,138.0,155.0,17.328826904296875,31.089693069458008,-21.0,-3.0,16.0,37.0,57.0
s1323,,,,,,,,,,,,,,,,,,,,,,,,,,,,,51.584007263183594,93.53276062011719,-66.0,-9.0,51.0,112.0,170.0,-138.52732849121094,350.911865234375,-923.0,-109.0,-8.0,60.0,118.0,,,,,,,,,,,,,,,,,,,,,,,,,,,,,44.81653594970703,84.33123779296875,-61.0,-9.0,44.0,99.0,151.0,212.83604431152344,177.5548553466797,-11.0,71.0,202.0,353.0,455.0,174.281982421875,104.62195587158203,63.0,119.0,174.0,226.0,275.0,-106.8081283569336,329.80377197265625,-860.0,-69.0,11.0,69.0,119.0,244.685791015625,172.47483825683594,42.0,119.0,219.0,359.0,494.0,,,,,,,
s1326,11.135021209716797,29.87899398803711,-21.0,0.0,15.0,29.0,41.0,136.10487365722656,153.03001403808594,-32.0,20.0,108.0,218.0,343.0,226.42796325683594,186.6967010498047,31.0,90.0,182.0,323.0,483.0,242.59976196289062,202.53131103515625,30.0,97.0,195.0,344.0,521.0,38.52604675292969,26.378976821899414,6.0,26.0,42.0,56.0,68.0,-54.58837127685547,222.2938690185547,-113.0,-22.0,8.0,31.0,49.0,45.060455322265625,33.49034118652344,1.0,28.0,49.0,67.0,81.0,221.81613159179688,153.25201416015625,63.0,102.0,188.0,306.0,431.0,69.88846588134766,33.76382827758789,33.0,53.0,72.0,88.0,102.0,63.59691619873047,33.92051696777344,23.0,45.0,66.0,84.0,99.0,41.77126693725586,20.07762336730957,18.0,32.0,44.0,55.0,64.0,57.40449905395508,29.302461624145508,27.0,41.0,56.0,71.0,87.0,214.2308349609375,84.77335357666016,125.0,188.0,218.0,244.0,264.0,17.575050354003906,42.1279296875,-35.0,-3.0,22.0,44.0,65.0,149.4037322998047,74.80928039550781,56.0,81.0,162.0,211.0,241.0,-0.2863099277019501,21.256074905395508,-27.0,-15.0,0.0,14.0,27.0
s1327,,,,,,,,,,,,,,,,,,,,,,,,,,,,,88.24462890625,73.76221466064453,-4.0,39.0,88.0,137.0,183.0,28.533145904541016,82.40702056884766,-57.0,-13.0,32.0,78.0,119.0,,,,,,,,,,,,,,,,,,,,,,,,,,,,,53.487125396728516,61.19197082519531,-23.0,13.0,53.0,94.0,131.0,50.96345138549805,55.53860855102539,-19.0,16.0,52.0,86.0,120.0,276.2786560058594,93.95938873291016,152.0,244.0,292.0,328.0,359.0,10.055571556091309,123.79771423339844,-62.0,-15.0,26.0,66.0,102.0,157.6333465576172,98.128662109375,38.0,82.0,149.0,234.0,291.0,,,,,,,
s1329,,,,,,,,,,,,,,,,,,,,,,,,,,,,,105.47572326660156,28.936948776245117,67.0,100.0,112.0,122.0,131.0,-19.055065155029297,281.5217590332031,-345.0,45.0,81.0,98.0,110.0,96.83011627197266,29.71452522277832,59.0,84.0,101.0,114.0,127.0,303.93060302734375,222.9623565673828,94.0,146.0,239.0,393.0,608.1000000000004,118.83727264404297,55.97614288330078,37.0,70.0,131.0,166.0,184.0,117.58952331542969,58.06401824951172,36.0,65.0,128.0,168.0,187.0,75.35697937011719,18.887874603271484,55.0,66.0,76.0,86.0,96.0,130.5091094970703,30.96823501586914,93.0,114.0,134.0,151.0,166.0,262.45556640625,68.7950210571289,170.0,254.0,279.0,293.0,304.0,29.320573806762695,58.15971374511719,-20.0,7.0,30.0,50.0,69.0,170.7377166748047,58.44719314575195,89.0,134.0,180.0,214.0,241.0,24.834354400634766,17.35860824584961,4.0,13.0,24.0,36.0,47.0
s1330,,,,,,,,,,,,,,,,,,,,,,,,,,,,,48.03532028198242,52.19362258911133,-17.0,13.0,48.0,82.0,114.0,-129.83663940429688,376.0559387207031,-976.0,-39.0,27.0,70.0,106.0,27.2673282623291,65.13651275634766,-59.0,-14.0,29.0,72.0,108.0,,,,,,,,57.26198959350586,58.41259002685547,-17.0,19.0,58.0,96.0,130.8000000000029,52.1707649230957,59.227481842041016,-23.0,13.0,53.0,92.0,127.0,34.211891174316406,46.55056381225586,-24.0,4.0,34.0,64.0,93.0,45.19565200805664,49.26370620727539,-15.0,14.0,45.0,76.0,106.0,338.1266174316406,187.2111053466797,169.0,278.0,339.0,378.0,415.0,42.40766143798828,59.435665130615234,-19.0,12.0,45.0,76.0,105.0,272.6885070800781,129.35890197753906,72.0,171.0,309.0,373.0,414.0,1.1651898622512817,47.43319320678711,-57.0,-29.0,1.0,33.0,60.09999999999991
s1331,114.75691223144531,74.19800567626953,10.0,53.0,130.0,173.0,202.0,118.95074462890625,190.074951171875,-58.0,-13.0,70.0,193.0,356.0,250.68267822265625,261.4892272949219,0.0,62.0,167.0,370.0,646.0,233.38427734375,259.2509765625,-9.0,48.0,149.0,347.0,624.0,59.764225006103516,32.3318977355957,19.0,39.0,60.0,81.0,100.0,-273.9507751464844,436.3843078613281,-957.0,-897.0,0.0,44.0,74.0,46.16000747680664,39.35554504394531,-4.0,21.0,47.0,72.0,95.0,258.1441955566406,261.0418395996094,11.0,71.0,185.0,362.0,631.0,82.15980529785156,40.62250900268555,33.0,57.0,82.0,106.0,129.0,87.76403045654297,49.250118255615234,35.0,60.0,86.0,112.0,137.0,68.08309173583984,33.83950424194336,25.0,47.0,69.0,90.0,110.0,60.91693878173828,37.65046310424805,13.0,37.0,61.0,85.0,108.0,80.05725860595703,118.44347381591797,3.0,28.0,57.0,92.0,138.0,-62.6245002746582,155.1177215576172,-192.5,-69.75,-19.0,17.0,43.0,55.165428161621094,27.432401657104492,20.0,38.0,56.0,73.0,89.0,,,,,,,
s1332,,,,,,,,125.80836486816406,228.25848388671875,-66.0,-24.0,51.0,198.0,420.0,168.24578857421875,231.94882202148438,-39.0,12.0,101.0,248.0,475.0,220.0587158203125,295.8277893066406,-36.0,24.0,123.0,314.0,630.0,107.92335510253906,50.56751251220703,44.0,73.0,107.0,142.0,173.0,-84.44122314453125,349.67047119140625,-947.0,-25.0,48.0,97.0,133.0,100.88743591308594,57.8760986328125,29.0,65.0,103.0,137.0,166.0,412.68621826171875,315.8246765136719,82.0,175.0,335.0,581.0,866.2000000000007,130.49386596679688,73.92386627197266,32.0,79.0,137.0,184.0,221.0,123.83549499511719,70.20931243896484,30.800000000000182,74.0,129.0,175.0,211.0,73.7068099975586,35.771934509277344,29.0,51.0,74.0,97.0,118.0,134.07797241210938,132.85910034179688,20.0,47.0,85.0,175.0,349.0,465.4266357421875,165.67279052734375,333.0,426.0,467.0,504.0,544.0,57.8179817199707,62.06350326538086,6.0,33.0,60.0,87.0,114.0,407.6309509277344,178.23486328125,132.0,255.0,462.0,541.0,597.0,45.79742431640625,35.70734405517578,2.0,22.0,44.0,68.0,92.0
s1333,,,,,,,,,,,,,,,,,,,,,,,,,,,,,,,,,,,,31.53546142578125,44.72464370727539,-25.0,2.25,29.0,60.0,91.0,,,,,,,,,,,,,,,,,,,,,,,,,,,,,41.894588470458984,42.99940490722656,-12.899999999999636,13.0,42.0,71.0,97.0,17.80105972290039,39.68104553222656,-30.0,-5.0,20.0,43.0,65.0,40.14393997192383,49.51999282836914,-6.0,17.0,41.0,62.0,82.0,-4.666957855224609,74.57012176513672,-73.0,-31.0,4.0,36.0,65.0,25.63226890563965,37.51045608520508,-20.0,3.0,28.0,50.0,70.0,,,,,,,
s1334,8.555795669555664,66.20535278320312,-80.0,-36.0,11.0,59.0,87.0,100.9431381225586,167.9671173095703,-59.0,-19.0,58.0,173.0,313.0,268.3490905761719,426.9721984863281,-30.0,36.0,163.0,359.0,661.0,235.3120574951172,263.9185791015625,-12.0,47.0,158.0,341.0,604.0,50.856441497802734,23.694726943969727,21.0,40.0,54.0,66.0,77.0,-35.4224853515625,194.66879272460938,-67.0,-6.0,15.0,32.0,46.0,46.896732330322266,27.412160873413086,9.0,34.0,52.0,65.0,76.0,211.152587890625,204.5205078125,36.0,75.0,150.0,273.0,472.0,54.81282043457031,25.86319923400879,20.0,38.0,58.0,74.0,85.0,34.694271087646484,29.819072723388672,-7.0,13.0,37.0,57.0,71.0,50.04233169555664,18.18073081970215,29.0,41.0,52.0,61.0,70.0,40.918479919433594,24.013994216918945,16.0,28.0,40.0,52.0,64.0,184.23504638671875,67.85108947753906,60.0,161.0,203.0,232.0,252.0,-222.60464477539062,376.91094970703125,-958.0,-427.5,-20.0,37.0,66.0,199.85316467285156,114.54692840576172,62.0,119.0,230.0,260.0,279.0,,,,,,,
s1335,,,,,,,,,,,,,,,,,,,,,,,,,,,,,,,,,,,,,,,,,,,,,,,,,,,,,,,,,,,,,,,,,,,,,,,,,,,,,,,,,,,,,,,,,,,,41.55052185058594,146.52468872070312,-58.0,7.0,60.0,114.0,160.0,,,,,,,,,,,,,,
s1336,5.382830619812012,39.404178619384766,-34.0,-10.0,7.0,24.0,41.0,220.8310546875,188.423828125,35.0,90.0,177.0,299.0,464.0,324.5121765136719,255.34384155273438,83.0,139.0,237.0,449.0,723.0,330.93450927734375,261.44073486328125,83.0,141.0,240.0,463.0,736.0,93.04481506347656,32.79594039916992,60.0,80.0,97.0,113.0,127.0,-345.4228210449219,461.4953918457031,-983.0,-959.0,-19.0,21.0,51.0,47.841312408447266,41.5628776550293,-9.0,26.0,54.0,76.0,94.0,334.7987976074219,221.6639862060547,127.0,173.0,265.0,432.0,651.0,131.31509399414062,44.73094940185547,71.0,111.0,140.0,161.0,178.0,128.8668975830078,44.08454895019531,70.0,110.0,138.0,158.0,174.0,90.01976013183594,31.648752212524414,57.0,75.0,92.0,108.0,124.0,104.91332244873047,35.947818756103516,61.0,82.0,104.0,129.0,151.0,131.2762451171875,58.081871032714844,72.0,113.0,136.0,153.0,167.0,11.640538215637207,95.7942886352539,-37.0,2.0,29.0,50.0,65.0,96.57275390625,59.4528694152832,12.0,73.0,112.0,138.0,155.0,0.7967659831047058,29.665882110595703,-36.0,-14.0,3.0,20.0,34.0
s1337,,,,,,,,,,,,,,,,,,,,,,,,,,,,,65.0177993774414,45.46744155883789,12.0,39.0,67.0,94.0,118.0,-112.91497802734375,325.6651611328125,-904.0,-40.0,13.0,49.0,80.0,53.55303192138672,51.814239501953125,-12.0,21.0,55.0,88.0,118.0,,,,,,,,70.80095672607422,64.6731948852539,-19.0,33.0,80.0,116.0,145.0,80.7532730102539,52.98296356201172,13.0,50.0,84.0,116.0,144.0,60.02963638305664,43.096256256103516,8.0,34.0,61.0,87.0,112.0,76.9217529296875,45.15455627441406,18.0,49.0,80.0,107.0,131.0,75.88958740234375,38.15044021606445,30.0,56.0,79.0,100.0,118.0,-19.31296730041504,141.06858825683594,-74.0,-23.0,10.0,38.0,61.0,71.3790283203125,39.80038070678711,27.0,52.0,75.0,96.0,114.0,10.182090759277344,43.75904083251953,-46.0,-18.0,10.0,39.0,66.0
s1338,,,,,,,,,,,,,,,,,,,,,,,,,,,,,39.985084533691406,37.18590545654297,-7.0,16.0,40.0,65.0,87.0,22.229171752929688,48.302833557128906,-34.0,-5.0,24.0,53.0,78.0,29.67792320251465,44.19194030761719,-26.0,1.0,30.0,58.0,85.0,,,,,,,,25.51337242126465,39.19547653198242,-24.0,0.0,25.0,51.0,75.0,26.340085983276367,36.43144226074219,-19.0,2.0,26.0,50.0,72.0,47.67250442504883,43.99824523925781,-7.0,19.0,48.0,76.0,102.0,32.83741760253906,43.41389846801758,-22.0,4.0,32.0,61.0,88.0,55.478294372558594,106.76132202148438,-5.0,16.0,39.0,64.0,94.0,29.886993408203125,50.087345123291016,-18.0,7.0,32.0,57.0,81.0,34.014957427978516,38.4005012512207,-11.0,11.0,35.0,58.0,80.0,24.265287399291992,43.355812072753906,-28.0,-4.0,22.0,52.5,77.0
s1339,-5.438106060028076,45.506832122802734,-61.0,-34.0,-5.0,22.0,50.0,234.0442657470703,251.55581665039062,-22.0,55.0,179.0,349.0,570.0,420.3566589355469,346.55780029296875,74.0,162.0,318.0,601.0,944.0,424.9893798828125,341.6658935546875,80.0,171.0,328.0,607.0,936.0,138.64199829101562,55.25665283203125,69.0,106.0,141.0,175.0,205.0,1.6550483703613281,170.51651000976562,-58.0,-20.0,16.0,64.0,121.0,97.35537719726562,63.060218811035156,17.0,58.0,100.0,139.0,173.60000000000036,349.75421142578125,280.2130432128906,83.0,155.0,276.0,468.0,712.0,200.9375,65.70948791503906,115.0,163.0,207.0,245.0,278.0,200.4986572265625,70.17533874511719,109.0,160.0,207.0,248.0,283.0,137.97315979003906,51.09681701660156,75.0,107.0,140.0,171.0,199.0,148.61465454101562,61.97460174560547,71.0,107.0,148.0,189.0,229.0,175.36952209472656,72.3780288696289,85.0,134.0,181.0,220.0,250.0,-58.64665603637695,346.02899169921875,-781.5999999999999,-4.0,65.0,116.0,162.20000000000005,99.59036254882812,229.61480712890625,63.0,103.0,139.0,175.0,213.0,,,,,,,
s1340,-55.617183685302734,237.3448486328125,-429.0,-213.0,21.0,106.0,168.0,228.7074737548828,213.14749145507812,-2.0,71.0,190.0,337.0,504.0,407.6072692871094,441.69927978515625,89.0,170.0,288.0,511.0,859.0,340.5400695800781,380.3025207519531,64.0,138.0,246.0,431.0,708.0,106.25846099853516,39.983612060546875,56.0,81.0,107.0,133.0,156.0,-105.87158966064453,313.79669189453125,-897.0,-28.0,9.0,39.0,67.0,72.97830963134766,41.327423095703125,21.0,46.0,73.0,100.0,124.0,386.6576232910156,259.45263671875,131.0,197.0,316.0,507.0,774.0,142.06959533691406,46.89863204956055,81.0,113.0,145.0,174.0,199.0,135.75372314453125,49.636192321777344,71.0,105.0,139.0,169.0,196.0,113.54032135009766,39.09577941894531,64.0,88.0,114.0,139.0,162.0,99.83624267578125,40.24492263793945,49.0,74.0,100.0,126.0,151.0,115.12777709960938,43.739532470703125,66.0,95.0,119.0,138.0,155.0,16.65325355529785,105.52204132080078,-26.0,8.0,35.0,59.0,81.0,117.14408874511719,40.88633728027344,72.0,98.0,122.0,142.0,159.0,43.94630432128906,37.114559173583984,-2.0,18.0,43.0,70.0,93.0
s1341,,,,,,,,,,,,,,,,,,,,,,,,,,,,,,,,,,,,,,,,,,,,,,,,,,,,,,,,,,,,,,,,,,,,,,,,,,,,,,,,,,,,,,,,,,,,,,,,,,,,,,,,,,,,,,,,
s1342,18.85963249206543,34.90711212158203,-24.0,0.0,21.0,42.0,60.0,133.9691925048828,179.8039093017578,-40.0,5.0,91.0,214.0,357.0,259.8088684082031,268.8463439941406,9.0,68.0,173.0,371.0,661.0,248.4779815673828,262.9116516113281,4.0,62.0,163.0,356.0,632.0,,,,,,,,,,,,,,,,,,,,,,,,,,,,,,,,,,,,,,,,,,,,,,,,,,48.92307662963867,29.193099975585938,11.0,29.0,50.0,68.0,85.0,,,,,,,,,,,,,,,,,,,,,,,,,,,,
s1343,,,,,,,,,,,,,,,,,,,,,,,,,,,,,92.6234130859375,25.134836196899414,60.0,76.0,94.0,110.0,124.0,-105.3853530883789,352.2268371582031,-932.0,1.0,50.0,74.0,91.0,80.9643783569336,24.956628799438477,50.0,66.0,82.0,97.0,111.0,,,,,,,,85.7388916015625,37.647342681884766,33.0,59.0,90.0,114.0,131.0,84.70472717285156,34.64536666870117,37.0,60.0,88.0,110.0,127.0,67.39655303955078,23.520023345947266,39.0,53.0,67.0,81.0,95.0,80.70734405517578,34.72209167480469,39.0,56.0,78.0,102.0,126.0,305.751220703125,102.6405258178711,174.0,273.0,323.0,355.0,375.0,-186.49859619140625,377.0755615234375,-923.0,-369.0,27.0,58.0,79.0,224.37997436523438,106.91719818115234,77.0,128.0,238.0,317.0,355.0,,,,,,,
s1344,12.566919326782227,19.773193359375,-8.0,4.0,14.0,24.0,32.0,134.75169372558594,153.13931274414062,-34.0,18.0,113.0,213.0,328.0,271.38287353515625,181.7205810546875,71.0,141.0,236.0,369.0,520.0,291.91693115234375,185.5557403564453,91.0,159.0,255.0,391.0,545.0,70.04842376708984,27.918317794799805,32.0,56.0,74.0,89.0,101.0,-274.18365478515625,443.10614013671875,-992.0,-847.5,18.0,48.0,61.0,71.81669616699219,26.01218605041504,39.0,59.0,76.0,88.0,99.0,240.05662536621094,176.6356658935547,77.0,117.0,196.0,309.0,460.0,81.93354034423828,41.800880432128906,25.0,48.0,87.0,116.0,133.0,87.99371337890625,42.03412628173828,30.0,53.0,93.0,122.0,139.0,58.776893615722656,19.49956703186035,37.0,50.0,61.0,71.0,80.0,60.288326263427734,35.393951416015625,29.0,39.0,52.0,72.0,100.0,374.1797790527344,95.13824462890625,234.0,374.0,405.0,425.0,444.0,24.077281951904297,71.86763000488281,-22.0,11.0,35.0,57.0,77.0,326.7093200683594,160.9513397216797,97.0,163.0,381.0,453.0,510.0,,,,,,,
s1345,,,,,,,,,,,,,,,,,,,,,,,,,,,,,61.1253776550293,49.48567581176758,0.0,28.0,59.0,92.0,124.0,-7.149219036102295,61.72374725341797,-76.0,-39.0,-4.0,29.0,62.0,,,,,,,,,,,,,,,,,,,,,,,,,,,,,53.92232131958008,41.833656311035156,2.0,27.0,53.0,80.0,106.0,78.55657958984375,44.470394134521484,21.0,51.0,81.0,108.0,132.0,429.30230712890625,95.49172973632812,299.0,416.0,456.0,485.0,507.0,-66.12589263916016,268.19183349609375,-465.1999999999998,-31.0,27.0,65.0,95.0,178.64903259277344,140.69912719726562,54.0,90.0,127.0,299.0,410.0,,,,,,,
s1346,,,,,,,,,,,,,,,,,,,,,,,,,,,,,,,,,,,,-383.85723876953125,439.14617919921875,-971.0,-922.0,-93.0,2.0,45.0,1.0701220035552979,47.25688171386719,-60.0,-30.0,2.0,33.0,60.0,,,,,,,,27.12921142578125,43.10219192504883,-28.0,-1.0,28.0,56.0,82.0,14.88852310180664,44.34175109863281,-41.0,-14.0,15.0,45.0,71.0,40.28173065185547,41.25642013549805,-12.0,13.0,40.0,68.0,93.0,29.037494659423828,45.494197845458984,-30.0,0.0,30.0,60.0,88.0,36.53199768066406,45.10886764526367,-21.0,6.0,36.0,67.0,94.0,,,,,,,,,,,,,,,,,,,,,
s1347,1.3277907371520996,43.13905715942383,-50.0,-23.0,2.0,27.0,51.0,180.19407653808594,206.43719482421875,-31.0,28.0,130.0,284.0,466.0,305.1707458496094,270.19915771484375,30.0,98.0,224.0,460.0,717.0,316.5648498535156,269.8733215332031,37.0,108.0,239.0,478.0,721.0,41.599857330322266,28.420833587646484,7.0,26.0,44.0,60.0,75.0,-15.049331665039062,188.05670166015625,-33.0,2.0,26.0,47.0,66.0,28.121885299682617,35.14860153198242,-17.0,7.0,30.0,52.0,71.0,303.2660217285156,252.61058044433594,61.0,113.0,228.0,422.0,678.0,24.676143646240234,29.236488342285156,-12.0,6.0,25.0,44.0,61.0,21.52989387512207,31.228675842285156,-18.0,1.0,22.0,42.0,61.0,49.15279769897461,29.20503044128418,17.0,33.0,50.0,65.0,80.0,42.16346740722656,76.69402313232422,-1.0,19.0,39.0,59.0,79.0,52.768367767333984,75.12261962890625,2.0,23.0,42.0,62.0,90.0,3.2403383255004883,73.66651916503906,-32.0,-3.0,16.0,32.0,45.0,-45.634586334228516,271.24725341796875,-30.0,15.0,31.0,43.0,54.0,,,,,,,
s1348,18.781522750854492,30.81640625,-16.0,0.0,20.0,42.0,55.0,199.2745819091797,204.43081665039062,-19.0,58.0,159.0,286.0,464.0,294.8790588378906,262.3925476074219,46.0,107.0,206.0,420.0,698.0,293.1496887207031,260.0863342285156,50.0,108.0,202.0,419.0,692.0,71.39901733398438,25.55389976501465,53.0,65.0,75.0,84.0,92.0,-81.47740173339844,303.6754150390625,-661.0,-4.0,28.0,54.0,70.0,54.1551513671875,30.24577522277832,19.0,42.0,57.0,71.0,83.0,292.2476501464844,204.7578582763672,119.0,159.0,230.0,356.0,549.0,112.10929870605469,39.418540954589844,72.0,104.0,120.0,133.0,146.0,111.22464752197266,35.492408752441406,74.0,102.0,118.0,131.0,144.0,82.60112762451172,23.000404357910156,64.0,75.0,85.0,94.0,103.0,92.84322357177734,18.585302352905273,72.0,83.0,95.0,105.0,113.0,109.5418930053711,74.70063018798828,79.0,95.0,106.0,114.0,121.0,-27.152620315551758,225.58474731445312,-160.0,19.0,44.0,59.0,72.0,91.94905853271484,24.632108688354492,66.0,84.0,97.0,106.0,113.0,15.962193489074707,21.55469512939453,-5.0,5.0,16.0,28.0,40.0
s1349,188.2940673828125,30.69964599609375,171.0,184.0,193.0,202.0,209.0,177.8873748779297,161.53298950195312,1.0,52.0,149.0,267.0,403.0,330.89984130859375,255.54896545410156,55.0,135.0,269.0,476.0,701.0,335.9090270996094,258.00115966796875,57.0,138.0,274.0,482.0,707.0,71.57847595214844,29.78560447692871,36.0,53.0,71.0,91.0,110.0,-421.3700256347656,486.3059997558594,-985.0,-973.0,-94.0,29.0,60.0,76.18486785888672,43.60809326171875,14.0,50.0,84.0,107.0,124.0,320.71868896484375,219.24493408203125,103.0,162.0,264.0,420.0,631.7999999999993,154.05824279785156,55.927207946777344,73.0,111.0,168.0,199.0,216.0,150.63099670410156,56.90739059448242,67.0,106.0,165.0,197.0,214.0,41.93958282470703,21.671981811523438,18.0,31.0,42.0,54.0,66.0,85.36849975585938,30.064197540283203,48.0,67.0,86.0,106.0,122.0,351.6170349121094,87.75038146972656,229.0,337.0,373.0,397.0,414.0,11.694729804992676,52.8370361328125,-43.0,-11.0,23.0,44.0,58.0,206.74058532714844,113.70068359375,75.0,114.0,202.0,275.0,353.0,100.0081558227539,24.71407699584961,71.0,91.5,104.0,115.0,125.0
s1350,-2.8312971591949463,58.06969451904297,-24.0,-15.0,-7.0,5.0,29.0,179.55747985839844,207.58741760253906,-42.0,15.0,144.0,288.0,455.0,328.4393615722656,285.8052978515625,47.0,121.0,243.0,463.0,769.1000000000058,319.1054382324219,270.7025146484375,52.0,124.0,240.0,442.0,734.0,139.677734375,44.3865852355957,117.0,135.0,147.0,158.0,168.0,-114.78913879394531,392.0211181640625,-946.0,-9.0,74.0,107.0,125.0,119.94229888916016,26.03557777404785,90.0,106.0,122.0,136.0,148.0,279.6031188964844,240.26766967773438,54.0,103.0,213.0,376.0,619.0,168.93704223632812,60.41644287109375,84.0,132.0,189.0,215.0,229.0,165.85076904296875,55.796051025390625,87.0,132.0,181.0,208.0,224.0,102.06707000732422,25.39748764038086,80.0,91.0,103.0,114.0,125.0,119.19406127929688,32.9046630859375,81.0,95.0,118.0,144.0,159.0,229.69398498535156,52.270118713378906,156.0,204.0,244.0,267.0,281.0,0.4858865439891815,174.83010864257812,-62.0,16.0,45.0,68.0,87.0,170.7599639892578,39.325592041015625,121.0,150.0,175.0,198.0,217.0,14.630358695983887,19.071720123291016,-6.0,2.0,12.0,24.0,38.0
s1352,,,,,,,,,,,,,,,,,,,,,,,,,,,,,,,,,,,,,,,,,,,,,,,,,,,,,,,,,,,,,,,,,,,,,,,,,,,,,,,,,,,,,195.1981964111328,131.21168518066406,66.0,133.0,201.0,268.0,330.0,41.634910583496094,107.5967788696289,-95.0,-26.0,43.0,110.0,177.0,,,,,,,,,,,,,,
s1353,,,,,,,,,,,,,,,,,,,,,,,,,,,,,20.80381965637207,27.038860321044922,-12.0,3.0,20.0,38.0,55.0,-23.69916343688965,188.90440368652344,-44.0,-5.0,18.0,40.0,59.0,27.074054718017578,31.650253295898438,-11.0,5.0,27.0,48.0,67.0,,,,,,,,18.953710556030273,31.424592971801758,-19.0,0.0,19.0,39.0,57.0,11.802802085876465,33.69207000732422,-29.0,-8.0,13.0,34.0,53.0,46.13383102416992,28.260454177856445,11.0,28.0,46.0,64.0,81.0,26.763334274291992,29.880605697631836,-10.0,9.0,28.0,46.0,63.0,34.66964340209961,32.1950798034668,7.0,21.0,35.0,48.0,62.0,3.196781873703003,125.5653076171875,-38.0,6.0,31.0,51.0,70.0,32.19450759887695,25.08376693725586,7.0,20.0,33.0,46.0,58.0,,,,,,,
s1354,,,,,,,,,,,,,,,401.4228515625,208.23292541503906,173.0,217.75,357.0,564.0,708.9000000000005,406.59814453125,216.12130737304688,177.0,224.0,349.0,562.0,727.0,36.12773895263672,20.976272583007812,10.0,23.0,36.0,50.0,62.0,-101.53406524658203,286.4249267578125,-622.0,-28.0,1.0,25.0,47.0,42.01139831542969,25.719484329223633,9.0,25.0,42.0,59.0,74.0,427.82489013671875,234.37530517578125,209.0,258.0,356.0,531.0,780.0,26.722972869873047,20.648534774780273,1.0,13.0,27.0,40.0,53.0,24.15625762939453,21.63770866394043,-2.0,10.0,24.0,38.0,51.0,56.56327438354492,21.060138702392578,31.0,44.0,57.0,70.0,82.0,51.341712951660156,28.164352416992188,17.0,34.0,51.0,68.0,85.0,35.5450553894043,27.304176330566406,6.0,22.0,37.0,51.0,64.0,-132.73495483398438,301.8370361328125,-684.0,-155.0,-2.0,36.0,75.0,36.632938385009766,25.917926788330078,12.0,25.0,37.0,50.0,62.0,14.827430725097656,27.820682525634766,-20.0,-2.0,15.0,32.0,48.0
s1355,3.8315608501434326,26.57932472229004,-28.0,-12.0,4.0,20.25,36.0,212.42105102539062,217.1000518798828,-13.0,48.0,161.0,328.0,515.0,408.3181457519531,318.5273132324219,79.0,157.0,315.0,605.0,898.0,394.3938293457031,320.8826904296875,67.0,143.0,298.0,585.0,890.0,,,,,,,,,,,,,,,,,,,,,,336.2398986816406,237.98660278320312,113.0,161.0,268.0,445.0,656.0,198.5982208251953,97.55078887939453,56.0,105.0,225.0,279.0,308.0,195.6202850341797,97.1669921875,56.0,103.0,221.0,277.0,307.0,72.64088439941406,26.450725555419922,41.0,57.0,73.0,89.0,104.0,52.61067199707031,27.557292938232422,19.0,35.0,52.0,70.0,87.0,438.9515380859375,120.15542602539062,228.0,419.0,487.0,514.0,535.0,,,,,,,,,,,,,,,20.174942016601562,29.181848526000977,-15.0,2.0,21.0,40.0,56.0
s1357,-2.470473527908325,39.089317321777344,-58.0,-24.0,2.0,25.0,42.0,140.4400634765625,162.78431701660156,-20.0,30.0,104.0,207.0,346.0,260.1724548339844,258.7716979980469,22.0,75.0,176.0,367.0,635.0,249.8349151611328,256.841064453125,13.0,66.0,165.0,356.0,632.0,,,,,,,,15.256705284118652,29.35623550415039,-21.0,-6.0,14.0,35.0,56.0,,,,,,,,296.8808898925781,237.06236267089844,45.0,99.0,234.0,454.0,641.1000000000004,23.350177764892578,27.40442657470703,-12.0,6.0,25.0,42.0,57.0,20.284805297851562,31.175668716430664,-20.0,1.0,22.0,42.0,59.0,42.160457611083984,28.868846893310547,6.0,27.0,45.0,61.0,75.0,33.12787628173828,28.6176815032959,-2.0,15.0,33.0,52.0,69.5,83.03330993652344,127.84058380126953,3.0,26.75,49.0,79.0,192.0,,,,,,,,8.21645450592041,31.65449333190918,-34.0,-14.0,8.0,30.0,50.0,5.521800994873047,23.22829818725586,-24.0,-9.0,6.0,21.0,34.0
s1358,16.160812377929688,26.47954750061035,-14.0,1.0,17.0,33.0,47.0,190.62823486328125,258.7843322753906,-79.0,-12.0,133.0,328.0,544.0,380.05560302734375,365.57708740234375,25.0,105.0,258.0,578.0,921.0,409.63519287109375,387.07830810546875,31.0,116.0,280.0,625.0,995.0,159.84837341308594,84.19525146484375,35.0,136.0,172.0,211.0,249.0,7.335782527923584,257.256103515625,-85.0,24.0,75.0,123.0,158.0,146.0957794189453,52.75126647949219,81.0,117.0,150.0,180.0,205.0,451.76947021484375,362.3768005371094,67.0,159.0,370.0,658.25,973.0,201.9463348388672,99.49275207519531,60.0,114.0,226.0,284.0,316.0,199.94451904296875,116.29479217529297,57.0,105.0,216.0,287.0,322.0,79.24517059326172,39.42116928100586,38.0,58.0,78.0,99.0,120.0,95.52883911132812,51.17829895019531,34.0,60.0,91.0,128.0,162.0,523.2686157226562,182.48699951171875,250.0,487.0,564.0,599.0,632.0,,,,,,,,,,,,,,,23.444807052612305,32.70236587524414,-15.5,1.0,21.5,43.0,64.0
s1359,-0.8804579973220825,32.3233528137207,-28.0,-15.0,-1.0,12.0,25.0,284.6607666015625,239.57066345214844,9.300000000000068,111.0,245.0,415.0,596.6999999999998,352.5933837890625,296.7871398925781,58.700000000000045,130.0,267.0,512.75,761.0,428.3094787597656,352.7034912109375,60.0,154.0,328.0,635.0,988.0,,,,,,,,,,,,,,,,,,,,,,,,,,,,,,,,,,,,,,,,,,,,,,,,,,,,,,,,,,,,,,,,,,,,,,,,,,,,,,,,,,,,
s1361,4.40564489364624,49.33498001098633,-67.0,-21.0,14.0,35.0,50.0,153.1896514892578,191.9036865234375,-51.0,10.0,119.0,248.0,391.0,298.55419921875,264.5372314453125,44.0,107.0,213.0,426.0,692.0,301.49407958984375,267.80950927734375,41.0,105.0,216.0,436.0,698.0,66.76284790039062,35.41389846801758,29.0,51.0,70.0,89.0,105.0,-65.18163299560547,279.9169616699219,-376.6999999999989,-2.0,28.0,51.0,70.0,51.18464279174805,45.13447952270508,-10.0,27.0,58.0,82.0,101.0,323.8954162597656,220.43824768066406,95.0,151.75,276.0,446.0,630.0,92.46112060546875,44.20805358886719,33.0,60.0,100.0,126.0,144.0,35.66798782348633,29.495149612426758,-1.0,18.0,38.0,55.0,71.0,64.13194274902344,25.73961067199707,36.0,51.0,66.0,80.0,93.0,47.54141616821289,27.047874450683594,15.0,31.0,47.0,64.0,81.0,188.447265625,101.32322692871094,31.0,110.0,228.0,257.0,276.0,-28.09551429748535,193.22744750976562,-171.0,-2.0,30.0,53.0,73.0,143.51898193359375,63.16598892211914,61.0,97.0,147.0,189.0,228.0,24.148134231567383,30.86107063293457,-11.0,5.0,23.0,44.0,62.0
s1362,-171.82077026367188,312.2544250488281,-617.0,-445.0,-63.0,77.0,170.0,108.4551773071289,174.36471557617188,-53.0,-12.0,58.0,186.0,326.0,229.1570281982422,258.4991149902344,-14.0,48.0,169.0,358.0,576.0,230.99508666992188,265.3249206542969,-12.0,47.0,166.0,346.0,581.0,49.01573944091797,33.918296813964844,6.0,27.0,50.0,72.0,91.0,-174.9410858154297,387.16607666015625,-955.0,-99.0,18.0,53.0,78.0,70.97413635253906,43.97764205932617,16.0,44.0,72.0,98.0,123.0,287.6872253417969,215.6011199951172,68.0,128.0,233.0,394.0,592.0,84.41607666015625,51.293617248535156,17.0,50.0,87.0,121.0,148.0,64.02490234375,50.79640579223633,-3.0,29.0,67.0,100.0,127.0,61.81302261352539,32.26534652709961,21.0,42.0,63.0,83.0,101.0,46.68122863769531,34.51580047607422,2.0,25.0,48.0,69.0,88.0,300.59478759765625,86.70970153808594,201.0,285.0,318.0,346.0,367.0,12.142470359802246,136.29222106933594,-27.0,5.0,33.0,61.0,87.0,140.07638549804688,95.39082336425781,47.0,69.0,102.0,231.0,293.0,28.00114631652832,34.72398376464844,-15.0,7.0,29.0,51.0,71.0
s1363,19.582767486572266,22.61989402770996,0.0,10.0,21.0,32.0,43.0,206.0372772216797,180.80184936523438,37.0,90.0,164.0,270.0,410.0,344.8539733886719,280.1305236816406,97.0,159.0,258.0,436.0,755.0,351.58660888671875,279.4068298339844,99.0,163.0,266.0,453.0,768.0,70.27977752685547,19.734905242919922,48.0,60.0,72.0,83.0,93.0,-68.4830093383789,274.1504821777344,-426.0,-26.0,36.0,58.0,75.0,42.401432037353516,31.422380447387695,0.0,25.0,46.0,64.0,78.0,286.48150634765625,218.9740753173828,96.0,137.0,217.0,366.0,570.0,97.03877258300781,70.84528350830078,54.0,77.0,95.0,110.0,126.0,99.42097473144531,58.659183502197266,50.0,82.0,101.0,116.0,132.0,80.00909423828125,19.715261459350586,57.0,69.0,81.0,92.0,103.0,72.34288024902344,21.928348541259766,46.0,60.0,74.0,87.0,97.0,86.3093032836914,176.65512084960938,22.0,35.0,53.0,80.0,105.0,-4.083845615386963,155.44674682617188,-85.0,11.0,40.0,57.0,70.0,75.85840606689453,24.709081649780273,49.0,66.0,79.0,91.0,100.0,15.96923542022705,19.664520263671875,-5.0,4.0,15.0,26.0,38.0
s1364,26.950538635253906,33.3871955871582,-11.0,10.0,30.0,49.0,65.0,186.0318145751953,223.4821014404297,-40.0,29.0,140.0,277.0,465.0,313.4296875,289.5903625488281,51.0,110.0,214.0,435.0,745.0,303.2677001953125,272.5843505859375,51.0,108.0,214.0,425.0,708.0,121.96306610107422,37.76015853881836,75.0,101.0,126.0,148.0,166.0,-39.40707015991211,275.804443359375,-156.0,8.0,36.0,67.0,95.0,117.16439056396484,40.58317565917969,68.0,97.0,121.0,142.0,161.0,347.3982238769531,244.56459045410156,125.0,177.0,279.0,436.0,672.2999999999993,136.89964294433594,65.90943145751953,50.0,87.0,146.0,188.0,216.0,,,,,,,,66.8076400756836,28.132884979248047,34.0,51.0,68.0,84.0,99.0,63.44647979736328,33.9477424621582,22.0,41.0,62.0,84.0,107.0,294.13677978515625,133.72006225585938,58.0,231.0,348.0,375.0,396.0,43.96044921875,40.48820877075195,3.0,25.0,46.0,66.0,84.0,258.701171875,125.5538330078125,100.0,148.0,263.0,354.0,438.0,19.56144142150879,26.159595489501953,-12.0,2.0,18.0,36.0,53.0
s1365,10.52238655090332,60.92502212524414,-41.0,-12.0,10.0,31.0,53.0,154.94186401367188,191.58294677734375,-32.0,23.0,116.0,231.0,381.0,302.965087890625,278.70513916015625,49.0,114.0,213.0,409.0,708.0,323.5517883300781,290.4010925292969,53.0,122.0,228.0,442.0,759.0,96.63056945800781,32.522727966308594,59.0,80.0,100.0,118.0,133.0,-206.84939575195312,411.0908508300781,-980.0,-229.0,13.0,40.0,60.0,72.25495147705078,68.04434967041016,0.0,49.0,77.0,98.0,120.0,359.010986328125,271.2458190917969,114.0,167.0,276.0,471.0,725.9000000000015,90.3117904663086,45.935787200927734,32.0,59.0,96.0,125.0,144.0,43.72215270996094,32.34252166748047,5.0,26.0,45.0,64.0,82.0,58.52891159057617,23.669633865356445,31.0,46.0,60.0,73.0,86.0,54.17845916748047,30.63459587097168,21.0,36.0,52.0,68.0,90.0,161.42161560058594,218.7393798828125,16.0,37.0,66.0,328.0,392.0,4.091460227966309,159.56541442871094,-74.0,5.0,43.0,71.0,93.0,343.40081787109375,195.80087280273438,109.0,191.0,325.0,484.0,610.0,,,,,,,
s1366,1.7266896963119507,25.500682830810547,-23.0,-10.0,2.0,15.0,27.0,211.28848266601562,194.33978271484375,13.0,75.0,167.0,292.0,461.0,382.69403076171875,267.5303955078125,115.0,179.0,302.0,527.0,788.0,407.13330078125,280.3990478515625,126.0,192.0,326.0,556.0,836.0,86.1232681274414,25.93046760559082,61.0,77.0,90.0,101.0,111.0,0.4221055507659912,169.36614990234375,-31.0,8.0,36.0,64.0,82.0,78.89910888671875,23.48432159423828,51.0,67.0,81.0,94.0,105.0,384.4465026855469,271.6966247558594,157.0,192.0,279.0,481.0,803.0,143.87916564941406,40.644744873046875,95.0,131.0,151.0,169.0,184.0,141.42987060546875,39.32821273803711,92.0,128.0,148.0,166.0,182.0,97.7669448852539,20.680830001831055,76.0,88.0,99.0,110.0,120.0,118.61784362792969,22.958694458007812,91.0,107.0,121.0,134.0,144.0,127.52098846435547,31.5950870513916,88.0,115.0,132.0,147.0,160.0,-88.02239990234375,295.02874755859375,-654.8,-53.5,39.0,70.0,92.0,111.6180191040039,34.598838806152344,69.0,93.0,117.0,135.0,149.0,11.011980056762695,19.259016036987305,-9.0,0.0,10.0,21.0,34.0
s1367,689.5126342773438,624.3062133789062,38.400000000000006,91.0,443.0,1313.0,1533.0,280.9423828125,205.5120391845703,76.0,130.0,221.0,391.0,575.0,393.9080810546875,272.9306640625,117.0,188.0,317.0,539.0,809.0,388.5771484375,265.5765686035156,116.0,182.0,312.0,543.0,790.0,101.49829864501953,31.1889591217041,63.0,83.0,103.0,122.0,139.0,-219.85052490234375,428.63348388671875,-976.0,-555.0,16.0,56.0,85.0,105.10527801513672,43.08652114868164,51.0,82.0,108.0,132.0,154.0,356.4684143066406,234.83871459960938,152.0,189.0,273.0,449.0,694.0,196.42205810546875,57.093990325927734,114.0,163.0,209.0,237.0,258.0,196.68661499023438,56.298770904541016,116.0,163.0,209.0,237.0,257.0,42.77825164794922,31.323532104492188,8.0,24.0,41.0,59.0,77.0,169.3216552734375,75.39434051513672,47.0,128.0,186.0,221.0,250.0,348.1229553222656,77.63532257080078,234.0,340.0,370.0,392.0,411.0,48.32923126220703,33.664222717285156,5.0,29.0,51.0,71.0,88.0,229.01226806640625,168.3805389404297,68.0,93.0,186.0,358.0,417.0,34.3028678894043,26.96141242980957,0.0,16.0,34.0,52.0,69.0
s1368,25.153291702270508,26.899255752563477,-3.0,17.0,30.0,41.0,51.0,281.3126525878906,216.7259979248047,49.0,125.0,235.0,391.0,581.0,441.0671081542969,325.4469299316406,130.0,205.0,334.0,608.0,936.0,456.12457275390625,325.4661560058594,135.0,214.0,353.0,631.0,957.0,77.99990844726562,29.537166595458984,43.0,59.0,78.0,97.0,115.0,-1.4523042440414429,176.2999267578125,-40.0,12.0,36.0,58.0,82.0,112.56857299804688,30.385730743408203,76.0,96.0,115.0,132.0,147.0,419.3128356933594,262.6116943359375,183.0,236.0,337.0,521.0,787.7999999999993,132.2292022705078,52.58341979980469,51.0,96.0,145.0,171.0,190.0,131.4846954345703,53.411258697509766,49.0,95.0,146.0,171.0,189.0,62.476558685302734,22.738746643066406,35.0,48.0,63.0,77.0,90.0,82.81021118164062,37.28369903564453,37.0,54.0,80.0,110.0,133.0,226.69371032714844,60.0476188659668,139.0,201.0,237.0,268.0,292.0,-140.7796630859375,299.9039306640625,-705.0,-109.5,-9.0,20.0,44.0,131.65916442871094,59.980831146240234,61.0,92.0,130.0,163.0,211.0,26.243070602416992,22.411712646484375,0.0,11.0,25.0,40.0,55.0
s1369,11.780078887939453,65.19406127929688,-90.0,-28.0,26.0,58.0,85.0,156.0383758544922,195.27493286132812,-44.0,15.0,124.0,242.0,409.0,377.98321533203125,348.85272216796875,44.0,122.0,270.0,532.0,908.0,355.5823974609375,331.75457763671875,42.0,118.0,252.0,497.0,857.0,18.529226303100586,37.7389030456543,-26.0,0.0,21.0,43.0,61.0,-46.0452880859375,216.44862365722656,-112.0,-19.0,14.0,39.0,60.0,2.2582333087921143,43.643898010253906,-58.0,-24.0,6.0,33.0,54.0,236.75125122070312,197.9438934326172,49.0,88.0,184.0,330.0,496.0,18.151222229003906,34.94624710083008,-25.0,-1.0,20.0,41.0,60.0,19.325401306152344,35.06379699707031,-23.0,0.0,22.0,42.0,60.0,46.966835021972656,33.133216857910156,9.0,30.0,49.0,68.0,84.0,40.16636657714844,31.235177993774414,1.0,21.0,41.0,61.0,79.0,38.907711029052734,34.979251861572266,2.0,23.0,42.0,58.0,73.0,16.63983154296875,46.24153518676758,-38.0,-4.0,22.5,46.0,66.0,40.27641296386719,31.914628982543945,1.0,22.0,42.0,61.0,77.0,,,,,,,
s1370,,,,,,,,,,,,,,,,,,,,,,,,,,,,,41.44160079956055,49.09660720825195,-19.0,10.0,41.0,73.0,103.0,-6.688760757446289,102.53467559814453,-77.0,-32.0,6.0,41.0,72.0,0.197356179356575,70.71524810791016,-98.0,-48.0,7.0,51.0,85.0,276.44281005859375,234.99398803710938,52.0,106.0,203.0,384.0,622.0,62.021297454833984,63.97770690917969,-19.0,23.0,66.0,105.0,139.0,65.59371185302734,67.6173324584961,-21.0,22.0,68.0,111.0,149.0,48.16464614868164,41.830570220947266,-2.0,23.0,50.0,75.0,98.0,38.62334060668945,46.45690155029297,-19.0,9.0,39.0,68.0,96.0,303.4147644042969,129.0289306640625,174.0,272.0,317.0,350.0,378.0,-67.54664611816406,293.97540283203125,-603.0,-23.0,33.0,71.0,105.0,211.1781768798828,292.3966979980469,33.0,95.0,208.0,290.0,352.0,-1.341816782951355,45.705135345458984,-60.69999999999999,-29.0,0.0,28.0,54.70000000000027
s1371,-28.384681701660156,56.47393035888672,-96.0,-62.0,-27.0,7.0,36.0,280.5776672363281,225.57778930664062,69.0,125.0,212.0,373.0,601.0,420.39300537109375,307.19525146484375,105.0,184.0,328.0,600.0,910.0,539.6573486328125,627.8417358398438,102.0,184.0,334.0,653.0,1090.0,60.39143753051758,38.29246139526367,17.0,41.0,64.0,85.0,103.0,-56.067481994628906,254.69418334960938,-210.0,-13.0,22.0,49.0,73.0,-9.437152862548828,48.15848159790039,-74.0,-41.0,-7.0,24.0,51.0,449.8101806640625,281.516845703125,139.0,214.0,389.0,629.0,879.0,68.99077606201172,50.318214416503906,-3.0,37.0,77.0,105.0,127.0,80.83740234375,42.76565170288086,27.0,59.0,86.0,109.0,129.0,70.2175064086914,38.88969421386719,30.0,51.0,72.0,93.0,112.0,71.26121520996094,39.31058120727539,25.0,49.0,73.0,95.0,116.0,91.44783020019531,65.36891174316406,43.0,68.0,89.0,109.0,127.0,-92.39009094238281,252.09625244140625,-520.0,-64.0,0.0,37.0,65.0,82.49906158447266,33.430294036865234,44.0,66.0,86.0,104.0,119.0,25.056825637817383,29.16844367980957,-11.699999999999989,5.0,25.0,44.0,62.70000000000027
s1372,,,,,,,,219.35623168945312,207.4554443359375,-7.0,69.0,179.0,323.0,501.0,402.16741943359375,600.1909790039062,29.0,95.0,227.0,459.0,817.0,391.6097412109375,618.3578491210938,22.0,86.0,209.0,433.0,796.0,62.13722229003906,22.92046546936035,35.0,49.0,63.0,77.0,89.0,44.76726150512695,73.80973052978516,9.0,36.0,55.0,72.0,86.0,83.12416076660156,32.07704162597656,43.0,67.0,87.0,104.0,119.0,305.66827392578125,263.53668212890625,55.0,105.0,227.0,428.0,692.0,85.79792022705078,65.47176361083984,2.0,32.0,90.0,143.0,166.0,99.4023666381836,53.82582092285156,25.0,55.0,111.0,142.0,161.0,68.3421859741211,22.06639289855957,43.0,56.0,69.0,82.0,94.0,59.089332580566406,26.007875442504883,29.0,43.0,59.0,75.0,90.0,321.7556457519531,73.7614974975586,266.0,303.0,328.0,354.0,375.0,-43.382423400878906,235.7740936279297,-233.89999999999998,-9.0,33.0,58.75,79.0,144.8419647216797,87.65880584716797,62.0,79.0,103.0,240.0,282.0,,,,,,,
s1373,21.61717987060547,27.4235782623291,3.0,14.0,23.0,33.0,41.0,248.78514099121094,311.9521179199219,-39.0,16.0,155.0,383.0,695.0,376.3795166015625,366.7514343261719,21.0,92.0,245.0,592.0,942.0,375.43939208984375,366.7365417480469,17.0,89.0,251.0,590.0,936.0,106.46418762207031,30.618614196777344,77.0,96.0,110.0,123.0,135.0,-77.51514434814453,307.4969482421875,-688.2999999999993,8.0,27.0,47.0,70.0,88.03015899658203,39.30293655395508,37.0,67.0,93.0,113.0,130.0,407.4786682128906,371.964111328125,63.0,112.0,292.0,584.0,947.0,102.02702331542969,53.868736267089844,35.0,59.0,111.0,145.0,163.0,95.02034759521484,46.994911193847656,35.0,57.0,103.0,132.0,149.0,52.776580810546875,21.063552856445312,29.0,42.0,54.0,65.0,75.0,51.76181411743164,25.89539909362793,25.0,38.0,51.0,65.0,81.0,487.2433776855469,115.52230834960938,295.0,493.0,528.0,549.0,565.0,47.85243606567383,43.851661682128906,14.5,35.0,53.0,69.0,83.0,191.28807067871094,160.2250518798828,60.0,94.0,122.0,254.0,495.0,68.8607177734375,30.497787475585938,40.0,62.0,75.0,86.0,95.0
s1374,12.943946838378906,31.681161880493164,-18.0,0.0,16.0,32.0,46.0,132.88180541992188,245.88648986816406,-90.0,-41.0,65.0,238.0,420.0,265.0236511230469,331.9278869628906,-32.0,27.0,152.0,399.0,750.0,253.8554229736328,316.60498046875,-30.0,28.0,143.0,389.0,714.0,131.84112548828125,52.19091796875,76.0,111.0,139.0,163.0,185.0,58.230674743652344,49.81898880004883,-2.0,31.0,62.0,91.0,115.0,90.4507064819336,66.08175659179688,3.0,50.0,95.0,137.0,170.0,318.28076171875,323.39141845703125,32.0,95.0,224.0,427.5,738.0,169.52975463867188,86.45703887939453,51.0,102.0,183.0,238.0,272.0,179.88296508789062,88.79493713378906,57.0,109.0,195.0,251.0,285.0,78.79808807373047,40.803749084472656,31.0,55.0,79.0,104.0,126.0,76.1387710571289,52.05378723144531,14.0,43.0,75.0,105.0,137.0,305.5197448730469,377.15753173828125,21.0,55.0,144.0,494.0,583.0,36.55971145629883,48.97700881958008,-27.0,10.0,43.0,69.0,90.0,273.5889892578125,136.9658660888672,92.0,155.0,282.0,373.0,464.0,15.775494575500488,35.45713424682617,-26.0,-3.0,18.0,38.0,57.0
s1375,21.267009735107422,40.70125198364258,-25.0,-1.0,23.0,47.0,69.0,210.75999450683594,201.13816833496094,9.0,70.0,167.0,298.0,471.0,324.0359802246094,289.66314697265625,53.0,119.0,234.0,439.0,748.0,298.9095153808594,265.9825134277344,52.0,116.0,218.0,404.0,670.0,36.65119552612305,33.28920364379883,-5.0,17.0,38.0,59.0,77.0,-19.14652442932129,176.05029296875,-47.0,-10.0,17.0,42.0,65.0,7.553263187408447,41.31379318237305,-46.0,-19.0,9.0,36.0,59.0,324.7205505371094,258.48114013671875,84.0,137.0,246.0,433.0,692.0,19.225894927978516,38.231849670410156,-29.0,-5.0,19.0,45.0,67.0,16.765684127807617,36.53279113769531,-30.0,-6.0,17.0,41.0,63.0,52.492576599121094,36.39293670654297,6.0,30.0,53.0,77.0,98.0,36.153602600097656,38.557273864746094,-12.0,10.0,36.0,62.0,85.0,99.08477783203125,193.37657165527344,-5.0,24.0,57.0,96.0,195.0,,,,,,,,,,,,,,,,,,,,,
s1377,47.71957015991211,63.82081985473633,0.0,29.0,55.0,71.0,82.0,191.23629760742188,233.22596740722656,-32.0,28.0,131.0,286.0,502.0,342.80511474609375,329.63330078125,28.0,99.0,235.0,498.0,849.0,354.6266174316406,317.0987243652344,41.0,119.0,255.0,519.0,845.0,140.4744110107422,39.803104400634766,88.0,112.0,144.0,170.0,188.0,-18.832273483276367,269.9937438964844,-46.0,39.0,62.0,80.0,94.0,87.78489685058594,40.51021194458008,36.0,71.0,95.0,112.0,127.0,332.4471740722656,266.4920959472656,89.0,132.0,255.0,439.0,711.0,40.685569763183594,27.593395233154297,9.0,28.0,43.0,57.0,70.0,123.96666717529297,71.15933227539062,32.0,55.0,133.0,189.0,210.0,58.952144622802734,18.56742286682129,40.0,50.0,60.0,69.0,78.0,64.32854461669922,47.3698616027832,25.0,36.0,49.0,74.0,134.0,311.7212829589844,285.0478515625,23.0,41.0,357.0,535.0,564.0,40.47325897216797,32.44462585449219,0.0,23.0,44.0,61.0,77.0,335.09326171875,174.84234619140625,98.0,163.0,356.0,506.0,544.0,39.72547912597656,26.1675968170166,10.0,24.0,40.0,56.0,70.0
s1378,19.87113380432129,59.01193618774414,-45.0,-17.0,17.0,53.0,92.0,97.28910064697266,154.12936401367188,-55.0,-6.0,64.0,157.0,273.0,235.3541259765625,387.703369140625,-35.0,22.0,132.0,320.0,600.0,218.9778289794922,265.3207092285156,-28.0,25.0,130.0,337.0,618.0,,,,,,,,,,,,,,,,,,,,,,,,,,,,,,,,,,,,,,,,,,,,,,,,,,,,,,,,,,,,,,,,,,,,,,,,,,,,,,,,,,,,
s1379,13.816340446472168,45.4609375,-38.0,-1.0,19.0,37.0,52.0,215.96820068359375,202.57369995117188,18.0,70.0,167.0,303.0,483.8000000000029,346.33343505859375,278.4021301269531,74.0,144.0,262.0,479.0,766.0,356.51556396484375,284.1246032714844,79.0,149.0,271.0,493.0,780.0,78.32522583007812,40.363441467285156,28.0,54.0,80.0,105.0,128.0,25.88856315612793,160.04124450683594,-24.0,21.0,56.0,85.0,110.0,55.81538391113281,46.839698791503906,-5.0,27.0,60.0,88.0,112.0,347.7549133300781,252.22854614257812,102.0,156.0,276.0,470.0,714.6000000000022,106.15298461914062,52.80391311645508,38.0,72.0,111.0,144.0,169.0,103.3422622680664,52.867061614990234,35.0,70.0,108.0,141.0,167.0,60.89276123046875,34.76087951660156,18.0,39.0,62.0,83.0,103.0,61.035457611083984,35.94182205200195,16.0,39.0,62.0,84.0,104.0,193.89781188964844,100.00675964355469,31.0,106.0,236.0,268.0,288.0,30.24981689453125,45.26426696777344,-14.0,12.0,35.0,55.0,74.0,121.73236846923828,60.24995040893555,57.0,84.0,112.0,152.0,215.0,2.335639238357544,33.64667510986328,-40.09999999999991,-19.0,3.0,24.0,44.0
s1380,10.530529022216797,35.98564147949219,-26.0,0.0,15.0,29.0,42.0,96.79124450683594,201.20713806152344,-108.0,-59.0,57.0,197.0,345.0,315.5411071777344,314.6234130859375,-5.0,88.0,230.0,472.0,773.0,306.64801025390625,312.2513427734375,-7.0,82.0,220.0,461.0,758.0,46.53337478637695,21.82004737854004,21.0,35.0,48.0,61.0,71.0,35.07352828979492,40.59683609008789,10.0,24.0,39.0,52.0,64.0,36.50505828857422,24.39815902709961,6.0,22.0,38.0,53.0,65.0,297.4264831542969,333.06256103515625,-1.0,66.0,207.0,405.5,749.0,31.29863739013672,21.911489486694336,4.0,18.0,32.0,46.0,58.0,30.358306884765625,22.148956298828125,3.0,18.0,32.0,45.0,56.0,62.54539489746094,20.763446807861328,37.0,50.0,63.0,76.0,88.0,41.121559143066406,22.415590286254883,14.0,28.0,42.0,56.0,68.0,51.4063720703125,104.01303100585938,16.0,29.0,41.0,54.0,69.0,6.683651924133301,104.52941131591797,-30.0,7.0,27.0,45.0,60.0,36.1611328125,25.02120018005371,12.0,25.0,38.0,50.0,61.0,,,,,,,
s1382,221.8380584716797,152.27880859375,6.0,99.0,247.0,351.0,400.0,143.17257690429688,184.23532104492188,-42.0,13.0,105.0,223.0,373.0,273.7710266113281,271.6067199707031,19.0,90.0,208.0,389.0,641.1000000000058,271.9593811035156,267.464111328125,24.0,87.0,189.0,378.0,653.0,140.38250732421875,44.74889373779297,81.0,112.0,144.0,171.0,193.0,31.507625579833984,162.67376708984375,-17.0,23.0,59.0,95.0,123.0,60.97714614868164,56.91500473022461,-15.0,26.0,66.0,100.0,128.0,288.4907531738281,235.46726989746094,70.0,124.0,223.0,384.0,595.0,150.33087158203125,74.2879867553711,48.0,89.0,162.0,209.0,239.0,146.86578369140625,74.9793701171875,44.0,88.0,157.0,206.0,237.0,52.408329010009766,31.10738754272461,16.0,34.0,52.0,71.0,89.0,61.062103271484375,33.98262023925781,20.0,41.0,62.0,82.0,101.0,386.2377014160156,130.96542358398438,164.0,363.0,431.0,462.0,485.0,33.044288635253906,61.259361267089844,-13.0,15.0,40.0,64.0,85.0,160.38970947265625,115.05664825439453,55.0,80.0,108.0,273.0,349.0,104.44700622558594,47.28310012817383,44.0,75.0,108.0,137.0,163.0
s1383,57.73103332519531,127.2523193359375,4.0,33.0,54.0,71.0,87.0,157.13055419921875,207.39474487304688,-58.0,2.0,114.0,261.0,425.0,362.8224182128906,330.61871337890625,40.0,121.0,265.0,518.0,847.0,371.8128356933594,335.8416748046875,39.0,122.0,275.0,536.0,863.0,96.32453155517578,47.73258590698242,39.0,68.0,98.0,128.0,154.0,7.731080532073975,132.5590362548828,-79.0,-16.0,31.0,70.0,103.0,73.44744110107422,57.68937301635742,-1.0,40.0,78.0,112.0,141.0,332.99462890625,253.82705688476562,82.0,147.0,272.0,455.75,668.0,143.88980102539062,69.69386291503906,47.0,100.0,154.0,194.0,224.0,145.9934844970703,71.60590362548828,45.0,98.0,158.0,198.0,228.0,50.318359375,42.04536819458008,0.0,24.0,51.0,77.0,102.0,76.84803009033203,51.130592346191406,13.0,43.0,77.0,110.0,141.0,169.39173889160156,195.87625122070312,23.0,51.0,87.0,305.0,385.0,-85.71996307373047,260.7329406738281,-448.0,-66.0,2.0,46.0,80.0,,,,,,,,20.496158599853516,55.02250671386719,-34.0,-4.0,22.0,50.0,76.0
s1384,,,,,,,,211.4349365234375,251.2254180908203,-1.0,49.0,144.0,284.0,504.0,327.8047180175781,337.04083251953125,48.0,105.0,207.0,422.0,816.0,343.1040954589844,344.90570068359375,57.0,114.0,217.0,444.0,848.0,40.315826416015625,43.53343963623047,6.0,26.0,44.0,61.0,79.0,-76.19587707519531,272.5074157714844,-314.0,-19.0,14.0,37.0,56.0,34.533084869384766,35.61921691894531,-8.0,14.0,36.0,57.0,75.0,346.2545471191406,336.77880859375,86.0,130.0,225.0,434.0,785.0,41.898536682128906,28.026012420654297,8.0,25.0,43.0,60.0,75.0,40.31950378417969,29.93581199645996,5.0,24.0,42.0,59.0,75.0,59.7820930480957,34.07743453979492,25.0,43.0,61.0,79.0,96.0,43.10106658935547,32.76406478881836,5.0,24.0,43.0,62.0,81.0,46.008174896240234,57.00178146362305,9.0,28.0,44.0,61.0,79.0,18.856674194335938,96.73196411132812,-38.0,3.0,33.0,60.0,82.0,36.396202087402344,35.266204833984375,3.0,22.0,40.0,55.0,70.0,17.31789779663086,22.8597354888916,-10.0,2.0,17.0,32.0,46.0
s1385,31.68712615966797,79.07402801513672,-5.0,10.0,26.0,42.0,58.0,248.97073364257812,210.96951293945312,23.0,99.0,208.0,346.0,530.0,425.4603271484375,284.7706298828125,145.0,214.0,333.0,586.0,865.0,411.09033203125,273.83660888671875,143.0,207.0,326.0,557.0,831.0,,,,,,,,,,,,,,,153.08116149902344,30.812868118286133,118.0,138.0,155.0,172.0,186.0,424.57452392578125,242.60806274414062,193.0,256.0,355.0,522.0,781.0,188.20306396484375,83.72952270507812,60.0,110.0,216.0,255.0,279.0,186.07579040527344,83.53831481933594,60.0,105.0,215.0,254.0,277.0,78.90852355957031,22.847028732299805,52.0,65.0,79.0,92.0,105.0,60.52423858642578,23.365835189819336,33.0,45.0,60.0,75.0,89.0,532.2192993164062,163.8417510986328,308.0,521.0,556.0,580.0,606.0,,,,,,,,,,,,,,,,,,,,,
s1386,9.888588905334473,35.32808303833008,-30.0,-1.0,14.0,29.0,43.0,128.27462768554688,183.11375427246094,-65.0,-12.0,92.0,223.0,370.0,269.03900146484375,274.3489685058594,9.0,73.0,180.0,398.0,661.0,272.0776672363281,277.65631103515625,8.0,71.0,183.0,406.0,670.0,125.93267059326172,37.89479064941406,78.0,109.0,132.0,150.0,166.0,2.3098652362823486,191.0360107421875,-34.0,17.0,49.0,74.0,95.0,75.2388916015625,48.481571197509766,10.0,51.0,82.0,107.0,128.0,232.86891174316406,191.71221923828125,48.0,93.0,185.0,324.0,476.0,75.99544525146484,65.963623046875,-6.0,18.0,70.0,134.0,165.0,106.63817596435547,58.93278503417969,24.0,61.0,117.0,153.0,176.0,60.38081741333008,27.602800369262695,28.0,45.0,61.0,77.0,92.0,49.95183181762695,29.059612274169922,13.0,32.0,51.0,69.0,86.0,286.6069641113281,223.23187255859375,46.0,143.0,310.0,339.0,376.0,27.52813720703125,92.94739532470703,-18.0,14.0,43.0,68.0,88.0,150.10997009277344,84.35044860839844,63.0,93.0,124.0,212.0,286.0,12.418789863586426,26.52166175842285,-20.0,-5.0,12.0,30.0,46.0
s1387,2.885815143585205,26.739208221435547,-24.0,-8.0,5.0,19.0,31.0,109.23767852783203,201.9453582763672,-82.0,-40.0,48.0,204.0,365.0,216.25997924804688,253.7530059814453,-25.0,27.0,136.0,337.0,589.0,219.6662139892578,258.65338134765625,-28.0,28.0,137.0,346.0,604.0,70.27278900146484,34.29917526245117,35.0,56.0,74.0,91.0,106.0,-7.248614311218262,146.6654815673828,-48.0,-4.0,23.0,44.0,62.0,13.929971694946289,47.63956069946289,-52.0,-18.0,18.0,49.0,72.0,202.18016052246094,185.11090087890625,24.0,64.0,153.0,290.0,449.0,107.76045227050781,54.38413619995117,34.0,71.0,120.0,148.0,167.0,108.05606842041016,53.36665725708008,33.0,69.0,120.0,149.0,168.0,33.859771728515625,27.14163589477539,5.0,21.0,36.0,50.0,63.0,58.11675262451172,33.82291793823242,17.0,36.0,57.0,80.0,101.0,195.38323974609375,113.36711120605469,32.0,82.0,239.0,264.0,281.0,-73.81781768798828,242.07411193847656,-367.0,-48.0,9.0,43.0,67.0,155.75035095214844,80.55907440185547,55.0,89.0,159.0,215.0,265.0,6.015101432800293,43.14823913574219,-54.0,-13.0,12.0,35.0,53.0
s1388,-0.7261642217636108,44.78911209106445,-71.0,-10.0,11.0,26.75,40.0,107.60356140136719,178.31613159179688,-76.0,-26.0,65.0,201.0,338.0,260.9424743652344,285.7443542480469,-12.0,58.0,180.0,379.0,653.0,251.36724853515625,269.6994323730469,-9.0,59.0,177.0,366.0,625.0,39.45526885986328,29.7958984375,9.0,27.0,43.0,57.0,70.0,-37.08619689941406,206.29779052734375,-102.0,-13.0,17.0,39.0,57.0,11.764695167541504,34.9946174621582,-35.0,-7.0,16.0,36.0,52.0,247.2888641357422,199.7879180908203,67.0,120.0,199.0,314.0,482.0,21.16730499267578,27.255544662475586,-11.0,7.0,23.0,39.0,52.0,21.339569091796875,26.01569366455078,-9.0,8.0,24.0,38.0,51.0,53.03579330444336,28.54703712463379,23.0,40.0,56.0,70.0,84.0,31.291378021240234,28.09653663635254,-2.0,16.0,33.0,50.0,64.0,37.67612075805664,27.789094924926758,9.0,25.0,40.0,53.0,65.0,-39.330020904541016,204.52908325195312,-172.0,-9.0,23.0,46.0,64.0,32.6210823059082,24.450441360473633,3.0,20.0,35.0,48.0,60.0,,,,,,,
s1389,,,,,,,,,,,,,,,,,,,,,,,,,,,,,72.69776153564453,129.65115356445312,-90.0,-12.0,73.0,158.0,235.0,-19.13435935974121,297.8041687011719,-219.0,-61.0,43.0,137.0,221.0,42.09206771850586,132.85882568359375,-125.0,-45.5,42.0,130.0,211.0,,,,,,,,67.20459747314453,139.33567810058594,-111.0,-21.0,70.0,159.0,241.0,72.5206298828125,139.0935821533203,-104.0,-18.0,74.0,165.0,247.0,77.86723327636719,125.46251678466797,-79.0,-3.0,78.0,159.0,236.0,74.7451400756836,116.3011703491211,-70.0,5.0,78.0,148.0,216.0,78.39298248291016,116.94918060302734,-62.0,9.0,80.0,150.0,219.0,10.472840309143066,176.35250854492188,-114.0,-40.0,31.0,96.0,158.0,74.21328735351562,87.90923309326172,-34.0,18.0,75.0,131.0,183.0,,,,,,,
s1390,-0.6213999390602112,47.80345153808594,-78.0,-21.0,11.0,31.0,46.0,152.7422332763672,216.56993103027344,-72.0,-10.0,105.0,260.0,440.0,279.89947509765625,281.5869445800781,3.0,64.0,191.0,432.0,703.0,295.11260986328125,302.1758117675781,0.0,65.0,196.0,452.0,761.0,99.19840240478516,35.426544189453125,58.0,81.0,103.0,122.0,138.0,-84.1561508178711,287.1834411621094,-586.5,-38.0,18.0,51.0,75.0,66.34019470214844,56.93002700805664,-14.0,45.0,79.0,104.0,123.0,283.32080078125,236.6240692138672,80.0,119.0,206.0,368.0,614.0,149.79734802246094,59.84333419799805,59.0,113.0,166.0,193.0,213.0,137.16673278808594,59.264793395996094,49.0,99.0,153.0,181.0,200.0,18.653738021850586,26.272045135498047,-11.0,2.0,18.0,34.0,50.0,63.5086555480957,33.89935302734375,21.0,41.0,64.0,87.0,106.0,163.7006072998047,130.88571166992188,16.0,37.0,133.0,295.0,319.0,7.799619197845459,93.12628173828125,-51.0,-6.0,24.0,50.0,75.0,112.59455108642578,66.61617279052734,47.0,71.0,94.0,150.0,220.0,1.1573224067687988,28.654735565185547,-31.0,-14.0,2.0,19.0,35.0
s1391,-11.439690589904785,59.8497314453125,-98.0,-35.0,6.0,25.0,40.0,214.20167541503906,190.51925659179688,4.0,75.0,182.0,317.0,459.0,304.3055419921875,246.68296813964844,65.0,125.0,233.0,419.0,659.0,310.72296142578125,247.7508544921875,65.0,129.0,241.0,434.0,663.0,39.61898422241211,24.240407943725586,12.0,28.0,42.0,55.0,66.0,-138.54103088378906,351.9933166503906,-982.0,-17.0,10.0,29.0,46.0,24.05628776550293,28.16737937927246,-10.0,11.0,28.0,42.0,54.0,311.0928649902344,233.4878387451172,114.0,154.0,238.0,384.0,609.0,25.662633895874023,24.7166690826416,-2.0,14.0,28.0,41.0,53.0,23.905553817749023,24.1309757232666,-2.0,13.0,27.0,39.0,50.0,53.874229431152344,21.905183792114258,28.0,42.0,55.0,68.0,79.0,30.800386428833008,21.826093673706055,3.0,18.0,32.0,45.0,57.0,35.10107421875,32.75642776489258,8.0,22.0,36.0,48.0,61.0,9.606804847717285,65.44429779052734,-38.0,0.0,26.0,43.0,56.0,31.186796188354492,26.56466293334961,6.0,21.0,34.0,46.0,56.0,16.598031997680664,21.87825584411621,-8.0,3.0,16.0,31.0,44.0
s1394,29.012252807617188,26.394269943237305,9.0,21.0,32.0,42.0,52.0,220.19879150390625,266.74383544921875,-22.0,37.0,145.0,317.0,562.0,342.969970703125,336.232177734375,36.0,102.0,225.0,488.0,850.0,340.44830322265625,339.9244079589844,31.0,97.0,220.0,487.0,849.0,137.1448211669922,42.81950759887695,86.0,109.0,140.0,167.0,189.0,7.04521369934082,213.12158203125,-12.0,32.0,61.0,82.0,99.0,113.406005859375,40.39152908325195,60.0,97.0,121.0,139.0,155.0,344.3169250488281,328.1990051269531,75.0,113.0,227.0,444.0,829.0,245.17324829101562,100.70719909667969,72.0,174.0,286.0,321.0,343.0,224.90663146972656,103.32597351074219,62.0,129.0,268.0,309.0,331.0,55.913726806640625,22.359394073486328,31.0,43.0,57.0,70.0,82.0,103.94091796875,46.18768310546875,44.0,73.0,106.0,131.0,158.0,379.5208740234375,115.50666809082031,171.0,374.0,421.0,447.0,470.0,-39.091102600097656,216.0570526123047,-192.0,-14.0,30.0,53.0,71.0,132.50885009765625,68.08870697021484,57.0,94.0,119.0,166.0,240.0,14.37283706665039,20.567657470703125,-9.0,1.0,14.0,27.0,40.0
s1395,-0.31991297006607056,48.277652740478516,-80.0,-16.0,10.0,30.0,47.0,195.84405517578125,227.20018005371094,-30.0,38.0,144.0,283.0,490.0,266.4003601074219,269.1853942871094,11.0,74.0,182.0,389.0,646.0,276.93145751953125,275.9480285644531,16.0,80.0,189.0,404.0,668.0,71.79683685302734,43.22174072265625,26.0,52.0,74.0,96.0,119.0,-8.793259620666504,161.23434448242188,-37.0,-6.0,18.0,43.0,67.0,14.350648880004883,51.120182037353516,-52.0,-20.0,15.0,51.0,80.0,253.5882568359375,195.28126525878906,64.0,111.0,205.0,347.0,511.0,149.28170776367188,80.56653594970703,37.0,81.0,165.0,215.0,244.0,149.1548309326172,83.94744110107422,33.0,77.0,165.0,218.0,249.0,57.528011322021484,30.610984802246094,23.0,41.0,59.0,76.0,92.0,47.472877502441406,33.44009780883789,6.0,26.0,48.0,69.0,89.0,440.94830322265625,117.37969207763672,266.0,429.0,471.0,502.0,530.0,-8.62969970703125,143.89178466796875,-65.0,-9.0,24.0,51.0,74.0,270.0750427246094,161.07443237304688,82.0,142.0,257.0,377.0,485.0,,,,,,,
s1397,9.58600902557373,37.258487701416016,-22.0,-5.0,10.0,26.0,42.0,217.3671875,302.4372253417969,-77.0,-13.0,152.0,334.0,637.0,346.57550048828125,353.22235107421875,-4.0,88.0,242.0,513.0,883.0,322.87567138671875,347.1991882324219,-19.0,73.0,221.0,476.0,845.0,33.53662109375,27.30706214904785,1.0,17.0,34.0,51.0,66.0,-641.9918823242188,432.3955078125,-991.0,-979.0,-953.0,-76.0,14.0,10.4866361618042,30.806734085083008,-29.0,-7.0,13.0,31.0,47.0,498.03460693359375,331.84722900390625,135.0,259.0,430.0,674.0,976.0,13.993098258972168,29.668743133544922,-22.0,-2.0,16.0,33.0,49.0,14.688589096069336,28.512964248657227,-18.0,0.0,17.0,33.0,47.0,51.15986251831055,32.166446685791016,22.0,38.0,54.0,68.0,81.0,36.1109619140625,26.819324493408203,3.0,20.0,37.0,53.0,68.0,51.98735427856445,78.10028839111328,16.0,29.0,43.0,57.0,73.0,-35.70436096191406,209.18589782714844,-125.0,-1.0,27.0,47.0,64.0,31.337600708007812,40.65854263305664,3.0,20.0,35.0,49.0,62.0,4.8063812255859375,22.33070182800293,-20.0,-7.0,6.0,18.0,30.0
s1399,8.396073341369629,46.6335334777832,-53.0,-12.0,15.0,39.0,59.0,145.1057586669922,177.947021484375,-13.0,31.0,97.0,202.0,365.0,249.94305419921875,257.9914245605469,11.0,67.0,166.0,365.0,617.0,234.09396362304688,249.08908081054688,-2.0,57.0,160.0,343.0,583.0,,,,,,,,,,,,,,,,,,,,,,,,,,,,,,,,,,,,,,,,,,,,,,,,,,,,,,,,,,,,,,,,,,,,,,,,,,,,,,,,,,,,
s1400,22.646791458129883,29.399921417236328,-7.0,10.0,26.0,41.0,54.0,184.80116271972656,245.02865600585938,-45.0,7.0,120.0,290.0,498.0,327.7266845703125,312.9505310058594,44.0,108.0,218.0,459.0,804.0,336.8945617675781,317.5721740722656,47.0,113.0,227.0,473.0,814.0,99.5483627319336,38.29985046386719,55.0,78.0,103.0,125.0,142.0,-226.06015014648438,423.6496276855469,-986.0,-470.0,9.0,43.0,67.0,109.6611099243164,39.881797790527344,69.0,92.0,112.0,130.0,147.0,352.5219421386719,292.6708679199219,76.0,133.0,272.0,471.0,765.6000000000022,150.00543212890625,84.5070571899414,24.0,76.0,175.0,220.0,244.0,153.75851440429688,75.03939819335938,46.0,90.0,174.0,214.0,238.0,59.37777328491211,26.04212188720703,30.0,45.0,60.0,75.0,88.0,60.101985931396484,32.850975036621094,23.0,40.0,58.0,79.0,100.0,215.90170288085938,260.4264221191406,13.0,36.0,75.0,408.0,458.0,10.94575309753418,117.99717712402344,-63.0,6.0,39.0,62.0,82.0,217.32481384277344,139.24473571777344,76.0,112.0,169.0,310.0,447.0,22.850173950195312,25.076507568359375,-5.0,8.0,23.0,39.0,53.0
s1401,11.584582328796387,38.77721405029297,-31.0,-3.0,16.0,32.0,46.0,274.13836669921875,235.8798828125,35.0,114.0,218.0,369.0,592.0,483.05133056640625,349.2080078125,144.0,223.0,364.0,672.0,1045.0,496.27294921875,361.7610778808594,141.0,222.0,370.0,703.0,1076.0,,,,,,,,-105.51376342773438,359.6423034667969,-932.0,-11.0,56.0,84.0,111.0,135.9565887451172,31.621397018432617,99.0,117.0,136.0,155.0,174.0,521.3842163085938,344.3913879394531,209.0,266.0,393.0,685.0,1099.0,128.58541870117188,60.53934097290039,46.0,84.0,141.0,174.0,197.0,135.90087890625,67.6456298828125,44.0,86.0,152.0,188.0,211.0,50.60073471069336,25.578479766845703,21.0,36.0,51.0,66.0,80.0,52.02056884765625,25.679452896118164,18.0,36.0,52.0,69.0,83.0,336.47021484375,89.51913452148438,188.90000000000003,310.0,367.0,394.0,415.0,,,,,,,,,,,,,,,21.238628387451172,25.062286376953125,-8.0,5.0,20.0,37.0,53.0
s1403,22.450204849243164,26.08888816833496,-2.0,11.0,24.0,37.0,48.0,195.6074676513672,244.08090209960938,-29.0,18.0,130.0,288.0,536.0,349.4941711425781,323.0878601074219,33.0,104.0,238.5,523.0,865.0,349.24554443359375,327.2100524902344,29.0,100.0,236.0,530.0,871.0,49.39163589477539,21.81960678100586,22.0,37.0,51.0,64.0,75.0,42.9575080871582,59.31531524658203,12.0,31.0,50.0,66.0,80.0,24.495397567749023,55.68678283691406,-40.0,-1.0,31.0,53.0,68.0,308.3150939941406,283.84295654296875,68.0,108.0,208.0,406.0,741.0,93.41057586669922,41.30205535888672,37.0,63.0,102.0,125.0,140.0,93.75703430175781,42.351680755615234,36.0,62.0,102.0,126.0,142.0,51.679691314697266,23.263080596923828,29.0,41.0,53.0,64.0,75.0,43.21644973754883,19.834516525268555,19.0,31.0,44.0,56.0,67.0,122.78678894042969,83.19419860839844,28.0,43.0,137.0,190.0,217.0,6.605093955993652,96.53050231933594,-52.099999999999966,3.0,30.0,49.0,65.0,62.68486785888672,34.30604553222656,28.0,50.0,67.0,82.0,95.0,,,,,,,
s1404,40.56064224243164,62.397281646728516,-11.0,14.0,40.0,71.0,107.0,239.5548553466797,244.4615020751953,-10.0,59.0,179.0,352.25,576.0,419.21826171875,325.4324035644531,96.0,172.0,315.0,594.0,935.0,428.8440856933594,335.5250244140625,98.0,174.0,317.0,614.0,967.0,187.8938751220703,46.562835693359375,131.0,173.0,196.0,215.0,233.0,47.51503372192383,73.16685485839844,-8.0,11.0,41.0,90.0,124.0,101.75962829589844,42.940040588378906,51.0,79.0,104.0,128.0,148.0,363.1457214355469,283.5424499511719,113.0,161.0,267.0,476.0,763.0,178.2458038330078,75.71939849853516,73.0,109.0,201.0,239.0,262.0,177.8312225341797,77.68870544433594,71.0,109.0,199.0,241.0,265.0,76.02892303466797,35.74558639526367,42.0,59.0,77.0,95.0,112.0,82.72034454345703,44.06376647949219,34.0,54.0,79.0,107.0,134.0,451.2550964355469,97.48228454589844,321.0,448.0,479.0,502.0,522.0,40.48231506347656,105.53657531738281,2.0,28.0,54.0,77.0,97.0,379.6825256347656,148.34571838378906,135.0,288.0,430.0,485.0,526.0,22.9736328125,42.071434020996094,-9.0,6.0,24.0,42.0,59.0
s1405,11.886871337890625,36.46023178100586,-36.0,0.0,18.0,34.0,48.0,190.9412384033203,199.42581176757812,-14.0,43.0,153.0,285.0,443.0,287.4284362792969,269.23468017578125,29.0,90.0,206.0,409.0,677.0,294.0805969238281,274.7608947753906,30.0,95.0,209.5,418.0,697.0,122.65491485595703,41.67564010620117,70.0,98.0,127.0,151.0,170.0,-32.24297332763672,239.64144897460938,-91.0,2.0,35.0,60.0,81.0,47.340641021728516,51.59941101074219,-21.0,17.0,52.0,83.0,108.0,287.20379638671875,244.7374267578125,69.0,117.0,213.0,380.0,602.0,157.49107360839844,81.22984313964844,42.0,87.0,177.0,223.0,250.0,164.25035095214844,88.08560943603516,39.0,87.0,184.0,238.0,267.0,55.74087142944336,29.519855499267578,24.0,41.0,57.0,74.0,89.0,75.17497253417969,36.29710006713867,31.0,53.0,75.0,98.0,120.0,411.3028869628906,212.973876953125,86.0,374.0,444.0,478.0,525.0,28.026315689086914,50.37744140625,-19.0,7.0,31.0,55.0,78.0,,,,,,,,8.585872650146484,32.53092956542969,-28.0,-6.0,11.0,28.0,45.0
s1411,16.052453994750977,31.885244369506836,-12.0,3.0,18.0,32.0,45.0,221.5081329345703,161.9982147216797,52.0,107.0,188.0,303.0,435.0,360.7777404785156,249.24859619140625,116.0,186.0,291.0,470.0,721.0,364.8735656738281,252.96456909179688,118.0,187.0,295.0,472.0,728.0,46.90397644042969,26.955612182617188,13.0,30.0,47.0,64.0,80.0,-36.56153869628906,212.09115600585938,-52.0,-9.0,16.0,38.0,57.0,4.617982387542725,41.6571044921875,-52.0,-19.0,9.0,33.0,54.0,347.424072265625,207.15792846679688,164.0,206.0,286.0,430.0,609.5,23.64010238647461,29.054162979125977,-12.0,6.0,25.0,43.0,58.0,22.3715763092041,30.40489959716797,-15.0,4.0,24.0,42.0,59.0,52.40201187133789,27.82084846496582,18.0,36.0,53.0,70.0,86.0,31.568256378173828,29.03632354736328,-5.0,15.0,34.0,50.0,66.0,43.57416534423828,93.6408920288086,-8.0,11.0,31.0,53.0,79.0,1.7064570188522339,40.431514739990234,-47.0,-13.0,8.0,26.0,40.0,31.22315788269043,23.549816131591797,5.0,20.0,33.0,46.0,56.0,11.055521965026855,26.363073348999023,-22.0,-5.0,11.0,28.0,44.0
s1412,17.533565521240234,36.44584274291992,-14.0,3.0,19.0,35.0,49.0,136.23728942871094,169.11981201171875,-34.0,13.0,99.0,216.0,350.0,258.1965026855469,226.46900939941406,33.0,96.0,193.0,367.0,583.0,253.79393005371094,220.99105834960938,35.0,94.0,191.0,362.0,570.0,45.05265426635742,25.542335510253906,13.0,29.0,45.0,62.0,77.0,-112.20887756347656,316.94317626953125,-908.0,-23.0,8.0,32.0,52.0,18.87370491027832,31.72592544555664,-22.0,0.0,20.0,40.0,57.0,252.85751342773438,208.7942352294922,56.0,102.0,201.0,340.0,522.0,22.024642944335938,27.342039108276367,-12.0,4.0,22.0,40.0,56.0,22.712181091308594,24.287151336669922,-7.0,7.0,23.0,39.0,53.0,39.34619903564453,30.099388122558594,2.0,20.0,39.0,59.0,77.0,23.218013763427734,26.81370735168457,-9.0,6.0,23.0,40.0,56.0,23.901498794555664,28.770864486694336,-10.0,6.0,24.0,42.0,59.0,11.790114402770996,25.36436653137207,-19.0,-3.0,13.0,28.0,42.0,28.678680419921875,22.226749420166016,2.0,17.0,31.0,43.0,54.0,10.563462257385254,29.202701568603516,-26.0,-8.0,10.0,29.0,47.900000000000546
s1413,6.293826103210449,34.5975341796875,-29.0,-10.0,7.0,24.0,40.0,303.13629150390625,223.53541564941406,89.0,149.0,241.0,400.0,609.0,472.34796142578125,316.5809326171875,158.0,238.0,375.0,645.0,957.0,460.36517333984375,303.5760192871094,164.0,239.0,366.0,620.0,926.1000000000058,30.136873245239258,27.633140563964844,-4.0,12.0,31.0,48.0,64.0,-206.17039489746094,395.9219970703125,-952.0,-321.0,2.0,34.0,59.0,27.34630012512207,25.484310150146484,-5.0,10.0,27.0,44.0,59.0,444.7118835449219,278.9375305175781,213.0,254.0,335.0,535.0,894.0,23.41079330444336,26.814834594726562,-10.0,5.0,23.0,41.0,57.0,23.8809871673584,26.38863754272461,-9.0,6.0,24.0,41.0,57.0,40.9351692199707,28.142471313476562,5.0,23.0,41.0,60.0,76.0,30.027080535888672,26.46287727355957,-3.0,12.0,30.0,48.0,64.0,28.258825302124023,27.84271240234375,-7.0,10.0,28.0,47.0,63.0,103.2788314819336,218.2777557373047,-22.0,9.0,40.0,81.0,404.0,30.077415466308594,81.87980651855469,-4.0,11.0,28.0,45.0,61.0,15.165556907653809,26.931598663330078,-18.0,-2.0,14.0,33.0,50.0
s1414,28.524715423583984,24.565793991088867,-2.0,15.0,30.0,45.0,57.0,261.6880187988281,251.65724182128906,22.0,77.0,187.0,375.0,623.0,448.914306640625,338.0843505859375,115.0,194.0,340.0,636.0,980.0,437.65936279296875,335.0827941894531,104.0,184.0,332.0,620.0,967.0,107.53366088867188,23.103269577026367,79.0,93.0,108.0,122.0,135.0,-79.78041076660156,322.2960510253906,-868.0,2.0,41.0,67.0,91.0,86.54539489746094,33.63707733154297,44.0,69.0,89.0,108.0,125.0,452.85693359375,307.2565612792969,180.0,230.0,336.0,596.0,945.0,97.73588562011719,33.905311584472656,55.0,80.0,101.0,120.0,137.0,105.07496643066406,28.91436195373535,68.0,89.0,108.0,124.0,139.0,86.5697250366211,26.387548446655273,58.0,73.0,87.0,102.0,115.0,159.4391632080078,42.169498443603516,104.0,133.0,163.0,189.0,210.0,145.31764221191406,49.65318298339844,92.0,128.0,151.0,167.0,182.0,51.31065368652344,93.96195983886719,10.699999999999989,37.0,61.0,86.0,116.0,119.10785675048828,38.91942596435547,74.0,95.0,123.0,147.0,162.0,25.501157760620117,29.79738426208496,-7.0,5.0,21.0,42.0,68.0
s1415,71.88919067382812,89.89724731445312,0.0,24.0,63.0,117.0,137.0,190.2423553466797,165.05303955078125,24.0,76.0,153.0,262.0,408.0,370.5937194824219,243.39283752441406,128.0,193.0,302.0,489.25,734.0,362.9136657714844,227.86856079101562,132.0,196.0,300.0,483.0,707.0,42.319210052490234,27.06694221496582,7.200000000000728,26.0,44.0,61.0,75.0,-226.6881561279297,409.3433532714844,-947.0,-587.0,10.0,55.0,91.0,48.36116409301758,32.18166732788086,5.0,28.0,51.0,70.0,87.0,285.5284729003906,187.2201385498047,120.0,155.0,221.0,360.0,545.0,95.1051025390625,31.5113468170166,55.0,76.0,97.0,116.0,133.0,86.08049774169922,33.79112243652344,42.0,65.0,89.0,109.0,127.0,80.10851287841797,23.50813102722168,50.0,67.0,82.0,95.0,107.0,100.37379455566406,23.465051651000977,71.0,87.0,102.0,116.0,128.0,109.00029754638672,45.299468994140625,69.0,90.0,109.0,127.0,141.0,101.94914245605469,125.66596221923828,11.0,32.0,59.0,101.0,305.0,93.58353424072266,34.45954132080078,48.0,73.0,97.0,118.0,134.0,247.23385620117188,77.5132064819336,143.0,199.0,256.0,307.0,338.0
s1418,24.50421142578125,33.91090393066406,-14.0,8.0,28.0,46.0,62.0,201.51519775390625,186.78475952148438,8.0,70.0,160.0,290.0,449.0,391.8664245605469,275.92327880859375,105.0,188.0,317.0,543.0,794.0,387.6330871582031,269.3634948730469,113.0,186.0,312.0,534.0,785.0,37.7704963684082,27.83777618408203,2.0,20.0,38.0,56.0,72.0,7.097535133361816,128.80105590820312,-37.0,3.0,31.0,55.0,77.0,18.733165740966797,33.111690521240234,-23.0,-1.0,20.0,41.0,60.0,325.77069091796875,221.67604064941406,119.0,171.0,265.0,410.0,623.0,23.953144073486328,28.232501983642578,-12.0,7.0,25.0,42.0,58.0,47.03763961791992,29.251066207885742,10.0,28.0,47.0,67.0,84.0,51.67481994628906,27.754711151123047,17.0,34.0,52.0,70.0,86.0,30.250167846679688,29.66390037536621,-5.0,12.0,30.0,49.0,67.0,35.642879486083984,51.34476089477539,-4.0,14.0,33.0,52.0,70.0,-31.830739974975586,163.6158905029297,-169.89999999999998,-22.0,17.0,43.0,65.0,30.441925048828125,26.10861587524414,0.0,15.0,32.0,47.0,61.0,,,,,,,
s1420,,,,,,,,,,,,,,,,,,,,,,,,,,,,,39.54246139526367,22.02344512939453,13.0,27.0,41.0,54.0,66.0,-292.2866516113281,443.3702697753906,-972.0,-934.0,2.0,34.0,53.0,17.80781364440918,30.62819480895996,-21.0,0.0,20.0,38.0,54.0,358.21588134765625,305.6808776855469,59.0,123.0,252.0,531.0,855.0,19.693782806396484,23.90205955505371,-10.0,4.0,20.0,36.0,50.0,27.806516647338867,97.89305114746094,-6.0,9.0,25.0,41.0,56.0,43.77215576171875,25.807430267333984,11.0,28.0,45.0,61.0,76.0,99.18352508544922,167.35211181640625,3.0,20.0,40.0,68.0,380.0,91.98998260498047,49.590084075927734,40.0,63.0,89.0,117.0,144.0,8.628889083862305,122.4212417602539,-40.0,1.5,31.0,56.0,77.0,286.9229431152344,174.069580078125,61.0,139.0,259.0,450.0,499.0,2.1585395336151123,22.672557830810547,-26.0,-12.0,2.0,17.0,31.0
s1421,824.8901977539062,700.843017578125,53.0,91.0,943.0,1468.0,1729.0,359.5718994140625,307.6850280761719,41.0,130.0,281.0,517.0,796.0,482.90667724609375,363.1235046386719,107.0,202.0,374.0,705.0,1046.0,516.0465087890625,383.50299072265625,117.0,218.0,398.0,761.0,1116.0,93.18346405029297,43.47328186035156,41.0,62.0,90.0,121.0,151.0,13.68897819519043,119.6984634399414,-33.0,-1.0,28.0,58.0,87.0,23.401308059692383,49.79119110107422,-42.0,-10.0,26.0,57.0,85.0,479.2016906738281,351.7627868652344,164.0,215.0,358.0,631.0,1031.0,218.92076110839844,89.72872924804688,128.0,167.0,234.0,266.0,287.0,210.43869018554688,83.8108139038086,117.0,158.0,224.0,259.0,281.0,81.70789337158203,32.693321228027344,42.0,62.0,82.0,102.0,122.0,84.92924499511719,50.70964813232422,32.0,53.0,76.0,109.0,156.0,505.005859375,228.9593505859375,305.8000000000002,472.0,515.0,544.0,573.0,-200.32887268066406,377.4486389160156,-928.9,-418.0,9.0,63.0,93.0,388.44891357421875,243.6002197265625,87.0,163.0,397.0,571.0,693.0,139.22914123535156,42.34516143798828,88.0,114.0,140.0,166.0,189.0
s1422,178.7525634765625,370.2001953125,-52.0,1.0,43.0,148.25,703.5,258.9938049316406,222.76719665527344,30.0,101.0,202.0,367.0,575.0,437.7046813964844,308.560546875,131.0,205.0,346.0,605.0,916.0,426.23931884765625,288.47723388671875,130.0,206.0,344.0,595.0,871.0,45.53692626953125,29.107820510864258,9.0,28.0,47.0,64.0,81.0,-208.1127471923828,411.8428649902344,-948.0,-414.0,23.0,50.0,70.0,20.06969451904297,33.34097671508789,-23.0,0.0,22.0,43.0,61.0,377.8681640625,287.3502502441406,121.0,168.0,273.0,494.0,846.0,189.8603057861328,90.85111999511719,65.0,137.0,197.0,254.0,299.0,197.83795166015625,76.38422393798828,103.0,148.0,195.0,249.0,299.0,34.844791412353516,29.04947280883789,-1.0,16.0,35.0,54.0,71.0,48.729740142822266,27.19900894165039,14.0,31.0,49.0,67.0,83.0,53.33827209472656,29.575040817260742,16.0,35.0,54.0,73.0,90.0,79.74138641357422,73.57665252685547,14.0,40.0,68.0,108.0,177.0,50.28315353393555,28.530227661132812,16.0,33.0,51.0,69.0,84.0,32.551063537597656,31.75174903869629,-4.0,14.0,34.0,53.0,71.0
s1423,7.965491771697998,27.899953842163086,-14.0,-1.0,9.0,21.0,31.0,309.68316650390625,194.1646728515625,104.0,176.0,275.0,400.0,559.0,518.4173583984375,274.5126647949219,207.0,322.0,466.0,679.0,917.0,550.79541015625,281.1714782714844,224.0,351.0,503.0,723.0,957.0,55.520633697509766,20.97620391845703,30.0,44.0,57.0,69.0,80.0,-234.53073120117188,430.3670349121094,-995.0,-589.0,14.0,40.0,59.0,42.534400939941406,22.988496780395508,14.0,30.0,44.0,58.0,69.0,486.4219055175781,245.92323303222656,227.0,322.0,431.0,595.0,842.0,28.912498474121094,23.12014389038086,4.0,18.0,31.0,42.0,52.0,14.312954902648926,24.314693450927734,-15.0,0.0,14.0,30.0,45.0,62.966426849365234,21.425323486328125,36.0,50.0,64.0,77.0,89.0,30.968671798706055,21.571563720703125,4.0,18.0,32.0,45.0,57.0,30.09239387512207,23.74220848083496,1.0,17.0,32.0,45.0,58.0,29.094717025756836,24.837589263916016,-3.0,13.0,30.0,46.0,60.0,35.04145050048828,20.556865692138672,9.0,23.0,36.0,49.0,60.0,15.48556900024414,20.191978454589844,-8.0,4.0,17.0,29.0,39.0
s1424,-10.11430549621582,44.9194221496582,-69.0,-39.0,-9.0,20.0,46.0,129.9465789794922,168.23179626464844,-31.0,15.0,88.0,198.0,346.0,238.88070678710938,242.80862426757812,24.0,74.0,158.0,327.0,593.0,349.2284851074219,673.8523559570312,5.0,52.0,131.0,305.0,694.0,25.65630340576172,29.734006881713867,-12.0,8.0,28.0,46.0,61.0,15.381449699401855,50.61655807495117,-18.0,1.0,20.0,37.0,52.0,-30.129106521606445,35.621795654296875,-76.29999999999995,-55.0,-29.0,-5.0,14.0,255.533447265625,222.974365234375,46.0,90.0,191.0,350.0,568.0,7.967446804046631,29.62114906311035,-30.0,-9.0,9.0,28.0,44.0,0.6392005085945129,33.514320373535156,-44.0,-19.0,4.0,24.0,40.0,47.15876007080078,27.926849365234375,12.0,30.0,48.0,66.0,81.0,23.102758407592773,26.309017181396484,-9.0,6.0,24.0,40.0,56.0,66.97300720214844,141.41163635253906,-3.0,16.0,37.0,60.0,105.0,23.134763717651367,32.739646911621094,-18.0,3.0,25.0,45.0,62.09999999999991,25.250843048095703,24.048419952392578,-3.0,10.0,25.0,41.0,55.0,7.765244007110596,24.014612197875977,-22.099999999999966,-7.0,7.0,23.0,38.0
s1425,,,,,,,,,,,,,,,312.5784606933594,172.1757354736328,112.0,173.0,281.0,426.0,564.0,345.2393493652344,141.20803833007812,182.0,241.5,324.0,419.5,553.6000000000001,125.4146957397461,27.032800674438477,95.0,113.0,128.0,142.0,155.0,67.67576599121094,54.19765853881836,26.0,51.0,74.0,94.0,111.0,83.56108093261719,38.00932693481445,27.0,63.0,91.0,110.0,125.0,339.38055419921875,228.69216918945312,113.0,164.0,282.0,447.0,650.0,143.09352111816406,40.824241638183594,87.0,120.0,150.0,172.0,189.0,133.22048950195312,50.74687957763672,56.0,105.0,144.0,170.0,188.0,100.57516479492188,24.585186004638672,73.0,87.0,101.0,116.0,129.0,96.73222351074219,31.599960327148438,57.0,76.0,97.0,118.0,137.0,189.72921752929688,110.7081298828125,106.0,157.0,184.0,202.0,221.0,18.878183364868164,42.39799880981445,-28.0,-1.0,24.0,45.0,63.0,143.62420654296875,64.51985168457031,73.0,109.0,152.0,190.0,209.0,,,,,,,
s1426,,,,,,,,,,,,,,,469.69097900390625,217.37168884277344,186.70000000000002,292.0,456.0,628.0,783.3,451.38165283203125,220.23838806152344,185.0,274.0,419.0,619.75,776.3,45.69181442260742,21.513456344604492,20.0,35.0,48.0,59.0,70.0,-13.454379081726074,170.66571044921875,-40.0,9.0,30.0,44.0,56.0,22.634355545043945,31.30169677734375,-21.0,5.0,28.0,45.0,58.0,290.2516174316406,193.7735595703125,85.40000000000009,144.0,252.0,381.0,557.0,30.317955017089844,22.03753662109375,3.0,17.0,32.0,45.0,57.0,28.398815155029297,23.33584976196289,-1.0,15.0,30.0,44.0,56.0,60.18836975097656,20.769309997558594,36.0,49.0,62.0,74.0,84.0,41.30368423461914,19.451290130615234,17.0,30.0,42.0,54.0,65.0,43.3259391784668,56.92730712890625,8.0,23.0,38.0,54.0,69.0,-7.917544841766357,104.96287536621094,-43.0,-3.0,16.0,29.0,39.0,30.584346771240234,24.268966674804688,-4.0,20.0,38.0,47.0,54.0,11.925294876098633,18.014345169067383,-10.0,0.0,12.0,24.0,34.0
s1427,,,,,,,,,,,,,,,351.8047790527344,176.98269653320312,164.70000000000005,211.0,308.0,457.0,616.0,383.05621337890625,181.46730041503906,184.0,237.0,341.5,497.25,645.0,51.099327087402344,18.896879196166992,29.0,40.0,51.0,62.0,72.0,-274.3653564453125,430.85833740234375,-965.0,-837.0,11.0,45.0,67.0,42.72999954223633,17.6025333404541,20.0,32.0,43.0,55.0,65.0,366.3350524902344,212.4958953857422,183.0,224.0,295.0,430.0,685.7000000000007,32.87520980834961,17.838401794433594,13.0,23.0,34.0,44.0,53.0,31.925907135009766,15.895875930786133,14.0,23.0,33.0,42.0,50.0,56.51290512084961,15.547746658325195,37.0,47.0,57.0,67.0,75.0,37.96247482299805,16.796119689941406,17.0,27.0,38.0,49.0,59.0,39.502254486083984,22.722497940063477,14.0,29.0,41.0,52.0,62.0,-13.217759132385254,91.82028198242188,-93.0,-28.0,7.0,34.0,58.0,33.614410400390625,70.46293640136719,13.0,30.0,44.0,56.0,66.0,21.740806579589844,17.06546974182129,1.0,11.0,21.0,32.0,42.0
s1428,,,,,,,,,,,,,,,,,,,,,,,,,,,,,41.301570892333984,27.255094528198242,6.0,25.0,43.0,60.0,75.0,-68.5365219116211,229.85296630859375,-278.39999999999964,-27.0,5.0,30.0,49.0,14.697336196899414,30.904951095581055,-26.0,-6.0,15.0,36.0,54.0,216.84413146972656,131.9610595703125,77.0,120.0,190.0,284.0,393.0,24.433124542236328,27.35638427734375,-11.0,6.0,25.0,43.0,59.0,21.83245849609375,28.71738624572754,-16.0,3.0,23.0,42.0,57.0,44.86665344238281,28.171184539794922,10.0,29.0,47.0,63.0,78.0,31.03696632385254,30.101797103881836,-8.0,10.0,31.0,52.0,70.0,35.30247116088867,32.644771575927734,-2.0,16.0,35.0,53.0,71.0,-26.57526206970215,82.02494049072266,-98.0,-40.0,-6.0,18.0,37.0,33.94507598876953,43.73521423339844,5.0,24.0,40.0,54.0,66.0,9.9304780960083,20.36583709716797,-16.0,-3.0,10.0,24.0,36.0
s1429,6.343723297119141,28.66111946105957,-23.0,-6.0,8.0,22.0,37.0,283.3446350097656,286.2780456542969,5.0,77.0,199.0,421.0,696.0,447.98321533203125,374.0747985839844,75.0,168.0,326.0,654.0,1048.0,438.51324462890625,384.9258117675781,60.0,151.0,309.0,647.0,1056.0,,,,,,,,,,,,,,,,,,,,,,,,,,,,,,,,,,,,,,,,,,,,,,,,,,,,,,,,,,,,,,,,,,,,,,,,,,,,,,,,,,,,
